user_id,username,email,password_hash,full_name,age,gender,city,state,preferred_categories,signup_date,is_admin,is_active
U00001,user00001,user1@smartcart.ai,pbkdf2:sha256:600000$saltXYZ$hashedvalue,Rahul Sharma 1,20,Female,Lucknow,Maharashtra,"Grocery,Books,Health",2023-08-14,True,True
U00002,user00002,user2@smartcart.ai,pbkdf2:sha256:600000$saltXYZ$hashedvalue,Sneha Gupta 2,54,Other,Jaipur,Gujarat,Sports,2026-01-31,True,True
U00003,user00003,user3@smartcart.ai,pbkdf2:sha256:600000$saltXYZ$hashedvalue,Karan Mehta 3,22,Other,Jaipur,Telangana,"Home & Kitchen,Health",2026-02-24,True,True
U00004,user00004,user4@smartcart.ai,pbkdf2:sha256:600000$saltXYZ$hashedvalue,Ananya Joshi 4,37,Female,Mumbai,West Bengal,Books,2023-07-19,False,True
U00005,user00005,user5@smartcart.ai,pbkdf2:sha256:600000$saltXYZ$hashedvalue,Deepika Nair 5,63,Female,Kolkata,Tamil Nadu,Fashion,2024-07-14,False,True
U00006,user00006,user6@smartcart.ai,pbkdf2:sha256:600000$saltXYZ$hashedvalue,Sneha Gupta 6,44,Female,Pune,Delhi,"Electronics,Toys",2023-08-29,False,True
U00007,user00007,user7@smartcart.ai,pbkdf2:sha256:600000$saltXYZ$hashedvalue,Priya Singh 7,31,Male,Jaipur,Telangana,"Sports,Toys",2025-01-16,False,True
U00008,user00008,user8@smartcart.ai,pbkdf2:sha256:600000$saltXYZ$hashedvalue,Rohit Verma 8,65,Female,Ahmedabad,UP,Home & Kitchen,2024-07-28,False,False
U00009,user00009,user9@smartcart.ai,pbkdf2:sha256:600000$saltXYZ$hashedvalue,Amit Patel 9,56,Other,Chennai,Gujarat,"Sports,Electronics,Health",2023-08-02,False,True
U00010,user00010,user10@smartcart.ai,pbkdf2:sha256:600000$saltXYZ$hashedvalue,Deepika Nair 10,48,Other,Chennai,Karnataka,Automotive,2025-07-27,False,True
U00011,user00011,user11@smartcart.ai,pbkdf2:sha256:600000$saltXYZ$hashedvalue,Vijay Kumar 11,24,Other,Lucknow,West Bengal,"Toys,Beauty,Sports",2023-07-18,False,True
U00012,user00012,user12@smartcart.ai,pbkdf2:sha256:600000$saltXYZ$hashedvalue,Karan Mehta 12,59,Other,Kolkata,Telangana,"Toys,Automotive",2025-09-02,False,True
U00013,user00013,user13@smartcart.ai,pbkdf2:sha256:600000$saltXYZ$hashedvalue,Priya Singh 13,65,Male,Ahmedabad,Tamil Nadu,Electronics,2024-07-11,False,True
U00014,user00014,user14@smartcart.ai,pbkdf2:sha256:600000$saltXYZ$hashedvalue,Priya Singh 14,39,Female,Bangalore,Gujarat,"Fashion,Home & Kitchen",2025-01-14,False,True
U00015,user00015,user15@smartcart.ai,pbkdf2:sha256:600000$saltXYZ$hashedvalue,Amit Patel 15,57,Other,Lucknow,Punjab,"Toys,Sports",2023-08-17,False,True
U00016,user00016,user16@smartcart.ai,pbkdf2:sha256:600000$saltXYZ$hashedvalue,Pooja Pillai 16,44,Female,Mumbai,Tamil Nadu,Fashion,2023-05-12,False,True
U00017,user00017,user17@smartcart.ai,pbkdf2:sha256:600000$saltXYZ$hashedvalue,Deepika Nair 17,58,Female,Chennai,Maharashtra,"Beauty,Grocery,Automotive",2025-09-01,False,True
U00018,user00018,user18@smartcart.ai,pbkdf2:sha256:600000$saltXYZ$hashedvalue,Karan Mehta 18,54,Other,Delhi,Gujarat,Beauty,2025-10-30,False,True
U00019,user00019,user19@smartcart.ai,pbkdf2:sha256:600000$saltXYZ$hashedvalue,Rahul Sharma 19,36,Female,Hyderabad,Telangana,"Toys,Home & Kitchen,Grocery",2024-10-31,False,True
U00020,user00020,user20@smartcart.ai,pbkdf2:sha256:600000$saltXYZ$hashedvalue,Pooja Pillai 20,49,Female,Kolkata,UP,"Sports,Toys",2024-08-16,False,True
U00021,user00021,user21@smartcart.ai,pbkdf2:sha256:600000$saltXYZ$hashedvalue,Ananya Joshi 21,62,Female,Pune,Karnataka,Grocery,2025-05-06,False,True
U00022,user00022,user22@smartcart.ai,pbkdf2:sha256:600000$saltXYZ$hashedvalue,Rohit Verma 22,59,Female,Chennai,Delhi,Books,2024-10-11,False,True
U00023,user00023,user23@smartcart.ai,pbkdf2:sha256:600000$saltXYZ$hashedvalue,Rohit Verma 23,23,Male,Bangalore,Maharashtra,Toys,2026-03-08,False,True
U00024,user00024,user24@smartcart.ai,pbkdf2:sha256:600000$saltXYZ$hashedvalue,Amit Patel 24,42,Female,Mumbai,UP,"Electronics,Books,Toys",2024-08-22,False,False
U00025,user00025,user25@smartcart.ai,pbkdf2:sha256:600000$saltXYZ$hashedvalue,Karan Mehta 25,55,Female,Bangalore,Karnataka,"Grocery,Home & Kitchen,Books",2025-12-06,False,True
U00026,user00026,user26@smartcart.ai,pbkdf2:sha256:600000$saltXYZ$hashedvalue,Rahul Sharma 26,46,Male,Kolkata,Telangana,"Grocery,Home & Kitchen",2024-07-01,False,True
U00027,user00027,user27@smartcart.ai,pbkdf2:sha256:600000$saltXYZ$hashedvalue,Rahul Sharma 27,61,Other,Kolkata,Telangana,"Grocery,Fashion,Toys,Home & Kitchen",2025-02-19,False,True
U00028,user00028,user28@smartcart.ai,pbkdf2:sha256:600000$saltXYZ$hashedvalue,Sneha Gupta 28,34,Female,Surat,Punjab,"Automotive,Electronics,Beauty",2023-08-02,False,True
U00029,user00029,user29@smartcart.ai,pbkdf2:sha256:600000$saltXYZ$hashedvalue,Rohit Verma 29,23,Other,Ahmedabad,West Bengal,Grocery,2023-09-27,False,True
U00030,user00030,user30@smartcart.ai,pbkdf2:sha256:600000$saltXYZ$hashedvalue,Pooja Pillai 30,48,Female,Chennai,Karnataka,"Books,Grocery",2025-03-27,False,True
U00031,user00031,user31@smartcart.ai,pbkdf2:sha256:600000$saltXYZ$hashedvalue,Sneha Gupta 31,40,Male,Hyderabad,Karnataka,"Beauty,Sports",2024-08-28,False,True
U00032,user00032,user32@smartcart.ai,pbkdf2:sha256:600000$saltXYZ$hashedvalue,Amit Patel 32,36,Male,Jaipur,UP,"Home & Kitchen,Automotive",2025-03-09,False,True
U00033,user00033,user33@smartcart.ai,pbkdf2:sha256:600000$saltXYZ$hashedvalue,Rohit Verma 33,27,Other,Kolkata,West Bengal,"Grocery,Electronics",2023-06-07,False,True
U00034,user00034,user34@smartcart.ai,pbkdf2:sha256:600000$saltXYZ$hashedvalue,Ananya Joshi 34,20,Other,Bangalore,Delhi,"Toys,Electronics",2023-07-01,False,True
U00035,user00035,user35@smartcart.ai,pbkdf2:sha256:600000$saltXYZ$hashedvalue,Karan Mehta 35,20,Other,Chennai,Delhi,"Sports,Home & Kitchen,Grocery,Automotive",2024-09-17,False,True
U00036,user00036,user36@smartcart.ai,pbkdf2:sha256:600000$saltXYZ$hashedvalue,Pooja Pillai 36,56,Other,Jaipur,Delhi,"Automotive,Health,Books,Beauty",2024-08-07,False,True
U00037,user00037,user37@smartcart.ai,pbkdf2:sha256:600000$saltXYZ$hashedvalue,Vijay Kumar 37,28,Female,Bangalore,Rajasthan,Sports,2025-11-17,False,True
U00038,user00038,user38@smartcart.ai,pbkdf2:sha256:600000$saltXYZ$hashedvalue,Ananya Joshi 38,41,Female,Pune,Gujarat,"Fashion,Electronics,Home & Kitchen,Sports",2023-05-30,False,True
U00039,user00039,user39@smartcart.ai,pbkdf2:sha256:600000$saltXYZ$hashedvalue,Karan Mehta 39,54,Male,Surat,Maharashtra,"Health,Beauty,Automotive,Home & Kitchen",2024-04-24,False,True
U00040,user00040,user40@smartcart.ai,pbkdf2:sha256:600000$saltXYZ$hashedvalue,Karan Mehta 40,65,Male,Chennai,Rajasthan,"Beauty,Home & Kitchen",2023-12-14,False,True
U00041,user00041,user41@smartcart.ai,pbkdf2:sha256:600000$saltXYZ$hashedvalue,Pooja Pillai 41,53,Other,Bangalore,UP,Electronics,2024-07-13,False,True
U00042,user00042,user42@smartcart.ai,pbkdf2:sha256:600000$saltXYZ$hashedvalue,Karan Mehta 42,26,Female,Mumbai,UP,"Automotive,Electronics,Books,Beauty",2024-02-22,False,True
U00043,user00043,user43@smartcart.ai,pbkdf2:sha256:600000$saltXYZ$hashedvalue,Amit Patel 43,44,Female,Delhi,UP,"Beauty,Books",2023-08-16,False,True
U00044,user00044,user44@smartcart.ai,pbkdf2:sha256:600000$saltXYZ$hashedvalue,Amit Patel 44,31,Female,Bangalore,Punjab,Electronics,2026-04-18,False,True
U00045,user00045,user45@smartcart.ai,pbkdf2:sha256:600000$saltXYZ$hashedvalue,Vijay Kumar 45,49,Female,Kolkata,Punjab,"Beauty,Home & Kitchen,Toys",2023-06-27,False,False
U00046,user00046,user46@smartcart.ai,pbkdf2:sha256:600000$saltXYZ$hashedvalue,Deepika Nair 46,32,Male,Chandigarh,Punjab,Health,2024-06-24,False,True
U00047,user00047,user47@smartcart.ai,pbkdf2:sha256:600000$saltXYZ$hashedvalue,Sneha Gupta 47,42,Male,Delhi,Telangana,"Sports,Toys,Fashion",2024-04-11,False,True
U00048,user00048,user48@smartcart.ai,pbkdf2:sha256:600000$saltXYZ$hashedvalue,Ananya Joshi 48,41,Female,Delhi,Punjab,"Grocery,Beauty,Health,Books",2023-11-26,False,True
U00049,user00049,user49@smartcart.ai,pbkdf2:sha256:600000$saltXYZ$hashedvalue,Vijay Kumar 49,64,Other,Mumbai,Telangana,"Fashion,Electronics",2026-03-16,False,True
U00050,user00050,user50@smartcart.ai,pbkdf2:sha256:600000$saltXYZ$hashedvalue,Rahul Sharma 50,45,Male,Delhi,West Bengal,"Books,Beauty",2023-05-10,False,True
U00051,user00051,user51@smartcart.ai,pbkdf2:sha256:600000$saltXYZ$hashedvalue,Karan Mehta 51,33,Other,Jaipur,Gujarat,"Fashion,Sports",2023-05-23,False,True
U00052,user00052,user52@smartcart.ai,pbkdf2:sha256:600000$saltXYZ$hashedvalue,Pooja Pillai 52,21,Female,Hyderabad,Punjab,"Home & Kitchen,Toys,Automotive",2024-02-15,False,True
U00053,user00053,user53@smartcart.ai,pbkdf2:sha256:600000$saltXYZ$hashedvalue,Ananya Joshi 53,47,Male,Lucknow,Karnataka,"Health,Fashion,Sports,Grocery",2026-04-02,False,True
U00054,user00054,user54@smartcart.ai,pbkdf2:sha256:600000$saltXYZ$hashedvalue,Ananya Joshi 54,34,Male,Bangalore,Gujarat,"Books,Sports",2024-04-02,False,True
U00055,user00055,user55@smartcart.ai,pbkdf2:sha256:600000$saltXYZ$hashedvalue,Ananya Joshi 55,42,Other,Chennai,Rajasthan,"Automotive,Sports",2023-08-21,False,True
U00056,user00056,user56@smartcart.ai,pbkdf2:sha256:600000$saltXYZ$hashedvalue,Karan Mehta 56,29,Male,Kolkata,Karnataka,"Automotive,Health",2025-06-17,False,True
U00057,user00057,user57@smartcart.ai,pbkdf2:sha256:600000$saltXYZ$hashedvalue,Pooja Pillai 57,42,Other,Mumbai,Gujarat,Books,2024-07-11,False,True
U00058,user00058,user58@smartcart.ai,pbkdf2:sha256:600000$saltXYZ$hashedvalue,Pooja Pillai 58,60,Female,Kolkata,Punjab,"Books,Beauty,Toys",2024-04-21,False,True
U00059,user00059,user59@smartcart.ai,pbkdf2:sha256:600000$saltXYZ$hashedvalue,Priya Singh 59,32,Other,Hyderabad,Gujarat,"Health,Sports,Books",2024-10-14,False,True
U00060,user00060,user60@smartcart.ai,pbkdf2:sha256:600000$saltXYZ$hashedvalue,Deepika Nair 60,47,Other,Ahmedabad,Tamil Nadu,"Fashion,Beauty,Home & Kitchen,Automotive",2023-07-05,False,True
U00061,user00061,user61@smartcart.ai,pbkdf2:sha256:600000$saltXYZ$hashedvalue,Rahul Sharma 61,59,Other,Mumbai,UP,"Grocery,Health",2025-07-06,False,True
U00062,user00062,user62@smartcart.ai,pbkdf2:sha256:600000$saltXYZ$hashedvalue,Deepika Nair 62,23,Male,Lucknow,Tamil Nadu,"Toys,Sports,Grocery",2025-12-07,False,True
U00063,user00063,user63@smartcart.ai,pbkdf2:sha256:600000$saltXYZ$hashedvalue,Deepika Nair 63,32,Female,Pune,Maharashtra,"Books,Health,Fashion,Beauty",2024-11-22,False,True
U00064,user00064,user64@smartcart.ai,pbkdf2:sha256:600000$saltXYZ$hashedvalue,Deepika Nair 64,34,Other,Mumbai,Maharashtra,"Automotive,Books,Home & Kitchen,Health",2025-07-01,False,True
U00065,user00065,user65@smartcart.ai,pbkdf2:sha256:600000$saltXYZ$hashedvalue,Amit Patel 65,60,Male,Chandigarh,Karnataka,"Electronics,Health",2023-05-06,False,True
U00066,user00066,user66@smartcart.ai,pbkdf2:sha256:600000$saltXYZ$hashedvalue,Amit Patel 66,19,Other,Jaipur,Rajasthan,"Electronics,Toys",2024-06-18,False,True
U00067,user00067,user67@smartcart.ai,pbkdf2:sha256:600000$saltXYZ$hashedvalue,Sneha Gupta 67,32,Other,Pune,Tamil Nadu,"Automotive,Beauty,Books,Electronics",2025-07-19,False,True
U00068,user00068,user68@smartcart.ai,pbkdf2:sha256:600000$saltXYZ$hashedvalue,Priya Singh 68,62,Other,Jaipur,UP,"Grocery,Home & Kitchen,Books",2023-11-22,False,True
U00069,user00069,user69@smartcart.ai,pbkdf2:sha256:600000$saltXYZ$hashedvalue,Rahul Sharma 69,30,Male,Chandigarh,UP,"Beauty,Electronics,Fashion,Sports",2023-10-10,False,True
U00070,user00070,user70@smartcart.ai,pbkdf2:sha256:600000$saltXYZ$hashedvalue,Ananya Joshi 70,38,Other,Hyderabad,Punjab,Sports,2023-07-27,False,True
U00071,user00071,user71@smartcart.ai,pbkdf2:sha256:600000$saltXYZ$hashedvalue,Karan Mehta 71,32,Other,Mumbai,Rajasthan,"Beauty,Home & Kitchen,Health,Fashion",2024-02-08,False,True
U00072,user00072,user72@smartcart.ai,pbkdf2:sha256:600000$saltXYZ$hashedvalue,Pooja Pillai 72,21,Female,Chennai,Telangana,"Electronics,Grocery",2024-05-09,False,True
U00073,user00073,user73@smartcart.ai,pbkdf2:sha256:600000$saltXYZ$hashedvalue,Karan Mehta 73,42,Male,Chennai,Maharashtra,"Electronics,Toys",2026-04-12,False,True
U00074,user00074,user74@smartcart.ai,pbkdf2:sha256:600000$saltXYZ$hashedvalue,Ananya Joshi 74,42,Female,Ahmedabad,Tamil Nadu,Automotive,2024-09-30,False,True
U00075,user00075,user75@smartcart.ai,pbkdf2:sha256:600000$saltXYZ$hashedvalue,Amit Patel 75,35,Female,Jaipur,Punjab,"Electronics,Toys",2025-07-01,False,True
U00076,user00076,user76@smartcart.ai,pbkdf2:sha256:600000$saltXYZ$hashedvalue,Pooja Pillai 76,19,Other,Pune,Rajasthan,"Books,Automotive,Fashion",2025-06-06,False,True
U00077,user00077,user77@smartcart.ai,pbkdf2:sha256:600000$saltXYZ$hashedvalue,Ananya Joshi 77,62,Other,Bangalore,Punjab,"Books,Automotive,Electronics",2026-03-26,False,True
U00078,user00078,user78@smartcart.ai,pbkdf2:sha256:600000$saltXYZ$hashedvalue,Vijay Kumar 78,24,Other,Bangalore,UP,Books,2024-06-10,False,True
U00079,user00079,user79@smartcart.ai,pbkdf2:sha256:600000$saltXYZ$hashedvalue,Vijay Kumar 79,29,Female,Lucknow,West Bengal,"Health,Beauty,Electronics",2025-11-29,False,True
U00080,user00080,user80@smartcart.ai,pbkdf2:sha256:600000$saltXYZ$hashedvalue,Karan Mehta 80,35,Female,Ahmedabad,Tamil Nadu,"Grocery,Electronics,Health",2024-09-16,False,True
U00081,user00081,user81@smartcart.ai,pbkdf2:sha256:600000$saltXYZ$hashedvalue,Karan Mehta 81,58,Other,Pune,Tamil Nadu,Home & Kitchen,2024-03-29,False,True
U00082,user00082,user82@smartcart.ai,pbkdf2:sha256:600000$saltXYZ$hashedvalue,Amit Patel 82,46,Other,Surat,Tamil Nadu,"Toys,Home & Kitchen,Beauty,Automotive",2023-06-27,False,True
U00083,user00083,user83@smartcart.ai,pbkdf2:sha256:600000$saltXYZ$hashedvalue,Rahul Sharma 83,25,Other,Chandigarh,Maharashtra,"Fashion,Grocery",2024-11-24,False,True
U00084,user00084,user84@smartcart.ai,pbkdf2:sha256:600000$saltXYZ$hashedvalue,Rohit Verma 84,49,Male,Hyderabad,Delhi,"Grocery,Automotive,Toys,Fashion",2026-03-17,False,True
U00085,user00085,user85@smartcart.ai,pbkdf2:sha256:600000$saltXYZ$hashedvalue,Priya Singh 85,51,Male,Kolkata,Rajasthan,"Books,Health,Fashion,Home & Kitchen",2024-12-20,False,True
U00086,user00086,user86@smartcart.ai,pbkdf2:sha256:600000$saltXYZ$hashedvalue,Pooja Pillai 86,46,Male,Chandigarh,Tamil Nadu,"Fashion,Health,Beauty",2024-04-04,False,True
U00087,user00087,user87@smartcart.ai,pbkdf2:sha256:600000$saltXYZ$hashedvalue,Vijay Kumar 87,23,Female,Chandigarh,Gujarat,"Health,Home & Kitchen,Beauty,Sports",2024-07-14,False,True
U00088,user00088,user88@smartcart.ai,pbkdf2:sha256:600000$saltXYZ$hashedvalue,Rahul Sharma 88,54,Male,Bangalore,UP,"Beauty,Automotive,Home & Kitchen,Health",2024-12-27,False,True
U00089,user00089,user89@smartcart.ai,pbkdf2:sha256:600000$saltXYZ$hashedvalue,Rohit Verma 89,25,Female,Hyderabad,Punjab,"Home & Kitchen,Automotive",2024-05-13,False,True
U00090,user00090,user90@smartcart.ai,pbkdf2:sha256:600000$saltXYZ$hashedvalue,Pooja Pillai 90,25,Other,Lucknow,Maharashtra,"Books,Health,Grocery",2024-07-18,False,True
U00091,user00091,user91@smartcart.ai,pbkdf2:sha256:600000$saltXYZ$hashedvalue,Amit Patel 91,27,Male,Chandigarh,Punjab,"Health,Books,Beauty",2023-11-23,False,True
U00092,user00092,user92@smartcart.ai,pbkdf2:sha256:600000$saltXYZ$hashedvalue,Rahul Sharma 92,18,Female,Kolkata,Delhi,"Fashion,Electronics,Sports",2023-06-26,False,True
U00093,user00093,user93@smartcart.ai,pbkdf2:sha256:600000$saltXYZ$hashedvalue,Pooja Pillai 93,43,Female,Ahmedabad,Delhi,"Toys,Automotive,Sports",2023-07-22,False,True
U00094,user00094,user94@smartcart.ai,pbkdf2:sha256:600000$saltXYZ$hashedvalue,Pooja Pillai 94,43,Male,Mumbai,West Bengal,Home & Kitchen,2025-11-07,False,True
U00095,user00095,user95@smartcart.ai,pbkdf2:sha256:600000$saltXYZ$hashedvalue,Deepika Nair 95,58,Male,Lucknow,Punjab,"Fashion,Home & Kitchen,Toys,Health",2023-08-14,False,True
U00096,user00096,user96@smartcart.ai,pbkdf2:sha256:600000$saltXYZ$hashedvalue,Deepika Nair 96,29,Female,Chennai,Maharashtra,Sports,2026-02-19,False,True
U00097,user00097,user97@smartcart.ai,pbkdf2:sha256:600000$saltXYZ$hashedvalue,Rahul Sharma 97,59,Female,Mumbai,West Bengal,"Fashion,Grocery,Toys",2023-10-28,False,True
U00098,user00098,user98@smartcart.ai,pbkdf2:sha256:600000$saltXYZ$hashedvalue,Priya Singh 98,60,Other,Kolkata,Delhi,Home & Kitchen,2023-08-05,False,True
U00099,user00099,user99@smartcart.ai,pbkdf2:sha256:600000$saltXYZ$hashedvalue,Deepika Nair 99,55,Other,Jaipur,Rajasthan,"Books,Toys",2025-10-20,False,True
U00100,user00100,user100@smartcart.ai,pbkdf2:sha256:600000$saltXYZ$hashedvalue,Rohit Verma 100,23,Male,Ahmedabad,West Bengal,"Automotive,Books",2023-12-30,False,True
U00101,user00101,user101@smartcart.ai,pbkdf2:sha256:600000$saltXYZ$hashedvalue,Karan Mehta 101,62,Other,Delhi,Karnataka,Grocery,2024-04-13,False,True
U00102,user00102,user102@smartcart.ai,pbkdf2:sha256:600000$saltXYZ$hashedvalue,Rahul Sharma 102,57,Male,Bangalore,Delhi,"Fashion,Automotive,Health",2024-08-27,False,True
U00103,user00103,user103@smartcart.ai,pbkdf2:sha256:600000$saltXYZ$hashedvalue,Pooja Pillai 103,48,Other,Surat,Maharashtra,Grocery,2024-09-19,False,True
U00104,user00104,user104@smartcart.ai,pbkdf2:sha256:600000$saltXYZ$hashedvalue,Rahul Sharma 104,33,Other,Ahmedabad,Karnataka,"Books,Sports",2025-05-04,False,True
U00105,user00105,user105@smartcart.ai,pbkdf2:sha256:600000$saltXYZ$hashedvalue,Priya Singh 105,38,Female,Chennai,West Bengal,Electronics,2023-10-02,False,True
U00106,user00106,user106@smartcart.ai,pbkdf2:sha256:600000$saltXYZ$hashedvalue,Pooja Pillai 106,26,Male,Kolkata,Rajasthan,"Health,Automotive,Fashion,Home & Kitchen",2023-11-19,False,True
U00107,user00107,user107@smartcart.ai,pbkdf2:sha256:600000$saltXYZ$hashedvalue,Karan Mehta 107,64,Female,Surat,Karnataka,"Toys,Electronics",2024-11-24,False,True
U00108,user00108,user108@smartcart.ai,pbkdf2:sha256:600000$saltXYZ$hashedvalue,Deepika Nair 108,27,Female,Chandigarh,Telangana,Fashion,2024-11-18,False,True
U00109,user00109,user109@smartcart.ai,pbkdf2:sha256:600000$saltXYZ$hashedvalue,Karan Mehta 109,24,Male,Ahmedabad,Delhi,"Health,Electronics",2024-06-13,False,True
U00110,user00110,user110@smartcart.ai,pbkdf2:sha256:600000$saltXYZ$hashedvalue,Amit Patel 110,45,Male,Ahmedabad,Gujarat,Books,2024-06-22,False,True
U00111,user00111,user111@smartcart.ai,pbkdf2:sha256:600000$saltXYZ$hashedvalue,Rohit Verma 111,59,Other,Surat,Maharashtra,"Health,Beauty,Sports,Automotive",2024-02-13,False,True
U00112,user00112,user112@smartcart.ai,pbkdf2:sha256:600000$saltXYZ$hashedvalue,Amit Patel 112,54,Male,Hyderabad,Maharashtra,"Automotive,Electronics,Grocery",2024-12-16,False,True
U00113,user00113,user113@smartcart.ai,pbkdf2:sha256:600000$saltXYZ$hashedvalue,Ananya Joshi 113,43,Male,Delhi,West Bengal,"Sports,Electronics,Grocery,Beauty",2024-11-08,False,True
U00114,user00114,user114@smartcart.ai,pbkdf2:sha256:600000$saltXYZ$hashedvalue,Priya Singh 114,25,Female,Pune,Tamil Nadu,Fashion,2024-04-27,False,True
U00115,user00115,user115@smartcart.ai,pbkdf2:sha256:600000$saltXYZ$hashedvalue,Deepika Nair 115,30,Female,Hyderabad,Tamil Nadu,"Electronics,Grocery,Health",2025-09-03,False,True
U00116,user00116,user116@smartcart.ai,pbkdf2:sha256:600000$saltXYZ$hashedvalue,Pooja Pillai 116,28,Other,Pune,Maharashtra,"Electronics,Automotive,Toys",2024-02-15,False,True
U00117,user00117,user117@smartcart.ai,pbkdf2:sha256:600000$saltXYZ$hashedvalue,Pooja Pillai 117,24,Other,Chandigarh,UP,"Electronics,Sports,Books",2023-05-13,False,True
U00118,user00118,user118@smartcart.ai,pbkdf2:sha256:600000$saltXYZ$hashedvalue,Ananya Joshi 118,18,Female,Hyderabad,Karnataka,Automotive,2024-07-07,False,True
U00119,user00119,user119@smartcart.ai,pbkdf2:sha256:600000$saltXYZ$hashedvalue,Amit Patel 119,21,Male,Lucknow,UP,"Toys,Beauty",2025-01-29,False,True
U00120,user00120,user120@smartcart.ai,pbkdf2:sha256:600000$saltXYZ$hashedvalue,Ananya Joshi 120,45,Female,Chennai,UP,"Home & Kitchen,Electronics,Grocery",2024-03-27,False,True
U00121,user00121,user121@smartcart.ai,pbkdf2:sha256:600000$saltXYZ$hashedvalue,Amit Patel 121,38,Female,Bangalore,Tamil Nadu,"Health,Books,Home & Kitchen",2024-09-26,False,True
U00122,user00122,user122@smartcart.ai,pbkdf2:sha256:600000$saltXYZ$hashedvalue,Karan Mehta 122,50,Other,Mumbai,Gujarat,"Automotive,Beauty",2023-11-18,False,False
U00123,user00123,user123@smartcart.ai,pbkdf2:sha256:600000$saltXYZ$hashedvalue,Deepika Nair 123,32,Other,Jaipur,Punjab,"Electronics,Fashion,Health",2024-06-13,False,True
U00124,user00124,user124@smartcart.ai,pbkdf2:sha256:600000$saltXYZ$hashedvalue,Rahul Sharma 124,41,Male,Chandigarh,Delhi,"Fashion,Sports",2024-07-14,False,False
U00125,user00125,user125@smartcart.ai,pbkdf2:sha256:600000$saltXYZ$hashedvalue,Priya Singh 125,23,Other,Pune,West Bengal,"Home & Kitchen,Automotive",2025-06-26,False,True
U00126,user00126,user126@smartcart.ai,pbkdf2:sha256:600000$saltXYZ$hashedvalue,Ananya Joshi 126,47,Other,Ahmedabad,Maharashtra,"Health,Automotive",2026-02-03,False,True
U00127,user00127,user127@smartcart.ai,pbkdf2:sha256:600000$saltXYZ$hashedvalue,Priya Singh 127,56,Other,Pune,UP,Beauty,2025-07-27,False,True
U00128,user00128,user128@smartcart.ai,pbkdf2:sha256:600000$saltXYZ$hashedvalue,Ananya Joshi 128,59,Other,Lucknow,UP,"Beauty,Health",2023-05-29,False,True
U00129,user00129,user129@smartcart.ai,pbkdf2:sha256:600000$saltXYZ$hashedvalue,Sneha Gupta 129,65,Female,Kolkata,UP,Automotive,2026-02-15,False,True
U00130,user00130,user130@smartcart.ai,pbkdf2:sha256:600000$saltXYZ$hashedvalue,Deepika Nair 130,27,Female,Pune,Punjab,"Beauty,Home & Kitchen,Fashion",2025-07-16,False,True
U00131,user00131,user131@smartcart.ai,pbkdf2:sha256:600000$saltXYZ$hashedvalue,Amit Patel 131,24,Female,Pune,UP,"Fashion,Sports",2024-11-04,False,True
U00132,user00132,user132@smartcart.ai,pbkdf2:sha256:600000$saltXYZ$hashedvalue,Vijay Kumar 132,38,Other,Kolkata,West Bengal,"Grocery,Health,Beauty",2023-11-10,False,True
U00133,user00133,user133@smartcart.ai,pbkdf2:sha256:600000$saltXYZ$hashedvalue,Pooja Pillai 133,25,Female,Bangalore,Karnataka,"Grocery,Fashion",2026-04-15,False,True
U00134,user00134,user134@smartcart.ai,pbkdf2:sha256:600000$saltXYZ$hashedvalue,Pooja Pillai 134,48,Female,Ahmedabad,Rajasthan,"Automotive,Books,Fashion",2025-11-11,False,True
U00135,user00135,user135@smartcart.ai,pbkdf2:sha256:600000$saltXYZ$hashedvalue,Priya Singh 135,28,Male,Hyderabad,West Bengal,"Home & Kitchen,Books",2024-02-15,False,True
U00136,user00136,user136@smartcart.ai,pbkdf2:sha256:600000$saltXYZ$hashedvalue,Ananya Joshi 136,23,Other,Delhi,West Bengal,"Beauty,Automotive,Fashion,Books",2023-11-23,False,True
U00137,user00137,user137@smartcart.ai,pbkdf2:sha256:600000$saltXYZ$hashedvalue,Rohit Verma 137,64,Other,Mumbai,Gujarat,"Toys,Health,Fashion",2025-01-16,False,True
U00138,user00138,user138@smartcart.ai,pbkdf2:sha256:600000$saltXYZ$hashedvalue,Rahul Sharma 138,64,Male,Pune,UP,"Home & Kitchen,Fashion",2025-03-31,False,True
U00139,user00139,user139@smartcart.ai,pbkdf2:sha256:600000$saltXYZ$hashedvalue,Rahul Sharma 139,43,Female,Ahmedabad,Karnataka,Health,2024-03-18,False,True
U00140,user00140,user140@smartcart.ai,pbkdf2:sha256:600000$saltXYZ$hashedvalue,Karan Mehta 140,18,Other,Delhi,Karnataka,Books,2025-01-23,False,True
U00141,user00141,user141@smartcart.ai,pbkdf2:sha256:600000$saltXYZ$hashedvalue,Ananya Joshi 141,47,Other,Delhi,Rajasthan,Health,2024-04-13,False,True
U00142,user00142,user142@smartcart.ai,pbkdf2:sha256:600000$saltXYZ$hashedvalue,Sneha Gupta 142,48,Male,Pune,Delhi,"Books,Automotive",2023-11-18,False,True
U00143,user00143,user143@smartcart.ai,pbkdf2:sha256:600000$saltXYZ$hashedvalue,Sneha Gupta 143,54,Other,Ahmedabad,Rajasthan,"Toys,Automotive,Home & Kitchen",2025-03-26,False,True
U00144,user00144,user144@smartcart.ai,pbkdf2:sha256:600000$saltXYZ$hashedvalue,Deepika Nair 144,30,Male,Bangalore,Rajasthan,"Books,Health,Sports,Electronics",2024-07-20,False,True
U00145,user00145,user145@smartcart.ai,pbkdf2:sha256:600000$saltXYZ$hashedvalue,Pooja Pillai 145,55,Other,Mumbai,Karnataka,"Beauty,Home & Kitchen,Toys,Books",2024-06-13,False,False
U00146,user00146,user146@smartcart.ai,pbkdf2:sha256:600000$saltXYZ$hashedvalue,Pooja Pillai 146,33,Female,Chennai,Maharashtra,Fashion,2023-12-30,False,True
U00147,user00147,user147@smartcart.ai,pbkdf2:sha256:600000$saltXYZ$hashedvalue,Rohit Verma 147,22,Female,Ahmedabad,Karnataka,"Electronics,Fashion",2026-04-02,False,True
U00148,user00148,user148@smartcart.ai,pbkdf2:sha256:600000$saltXYZ$hashedvalue,Sneha Gupta 148,29,Other,Chennai,Delhi,Fashion,2026-04-12,False,True
U00149,user00149,user149@smartcart.ai,pbkdf2:sha256:600000$saltXYZ$hashedvalue,Pooja Pillai 149,47,Female,Ahmedabad,Karnataka,"Toys,Sports,Health",2024-08-25,False,True
U00150,user00150,user150@smartcart.ai,pbkdf2:sha256:600000$saltXYZ$hashedvalue,Priya Singh 150,33,Other,Mumbai,Gujarat,"Electronics,Toys",2025-09-18,False,False
U00151,user00151,user151@smartcart.ai,pbkdf2:sha256:600000$saltXYZ$hashedvalue,Rohit Verma 151,33,Female,Surat,UP,Toys,2025-09-15,False,True
U00152,user00152,user152@smartcart.ai,pbkdf2:sha256:600000$saltXYZ$hashedvalue,Vijay Kumar 152,62,Other,Chennai,Delhi,"Books,Electronics",2024-01-31,False,True
U00153,user00153,user153@smartcart.ai,pbkdf2:sha256:600000$saltXYZ$hashedvalue,Amit Patel 153,38,Other,Jaipur,Gujarat,Fashion,2025-12-20,False,True
U00154,user00154,user154@smartcart.ai,pbkdf2:sha256:600000$saltXYZ$hashedvalue,Ananya Joshi 154,29,Female,Mumbai,UP,Home & Kitchen,2025-07-10,False,True
U00155,user00155,user155@smartcart.ai,pbkdf2:sha256:600000$saltXYZ$hashedvalue,Rahul Sharma 155,61,Female,Chandigarh,Delhi,"Home & Kitchen,Sports,Beauty",2023-11-18,False,True
U00156,user00156,user156@smartcart.ai,pbkdf2:sha256:600000$saltXYZ$hashedvalue,Vijay Kumar 156,39,Other,Jaipur,Karnataka,"Fashion,Books",2024-08-14,False,True
U00157,user00157,user157@smartcart.ai,pbkdf2:sha256:600000$saltXYZ$hashedvalue,Deepika Nair 157,30,Male,Chennai,Maharashtra,"Grocery,Books,Health,Toys",2024-03-28,False,True
U00158,user00158,user158@smartcart.ai,pbkdf2:sha256:600000$saltXYZ$hashedvalue,Deepika Nair 158,35,Female,Hyderabad,UP,"Electronics,Home & Kitchen,Books",2026-03-24,False,True
U00159,user00159,user159@smartcart.ai,pbkdf2:sha256:600000$saltXYZ$hashedvalue,Ananya Joshi 159,59,Female,Chandigarh,Delhi,"Fashion,Home & Kitchen",2024-07-31,False,True
U00160,user00160,user160@smartcart.ai,pbkdf2:sha256:600000$saltXYZ$hashedvalue,Rohit Verma 160,31,Female,Lucknow,Punjab,"Toys,Fashion,Electronics",2023-12-31,False,False
U00161,user00161,user161@smartcart.ai,pbkdf2:sha256:600000$saltXYZ$hashedvalue,Priya Singh 161,35,Male,Chennai,Tamil Nadu,"Grocery,Toys,Fashion,Health",2025-01-24,False,True
U00162,user00162,user162@smartcart.ai,pbkdf2:sha256:600000$saltXYZ$hashedvalue,Deepika Nair 162,54,Male,Mumbai,Maharashtra,"Books,Fashion",2024-01-31,False,True
U00163,user00163,user163@smartcart.ai,pbkdf2:sha256:600000$saltXYZ$hashedvalue,Ananya Joshi 163,63,Other,Surat,Maharashtra,"Home & Kitchen,Electronics,Grocery,Automotive",2023-05-15,False,True
U00164,user00164,user164@smartcart.ai,pbkdf2:sha256:600000$saltXYZ$hashedvalue,Pooja Pillai 164,39,Male,Hyderabad,Tamil Nadu,Toys,2024-03-20,False,True
U00165,user00165,user165@smartcart.ai,pbkdf2:sha256:600000$saltXYZ$hashedvalue,Ananya Joshi 165,38,Other,Ahmedabad,Gujarat,"Sports,Health,Fashion",2024-03-13,False,True
U00166,user00166,user166@smartcart.ai,pbkdf2:sha256:600000$saltXYZ$hashedvalue,Deepika Nair 166,23,Female,Bangalore,Delhi,"Toys,Health,Books",2023-11-29,False,True
U00167,user00167,user167@smartcart.ai,pbkdf2:sha256:600000$saltXYZ$hashedvalue,Pooja Pillai 167,41,Female,Lucknow,Punjab,"Electronics,Sports",2026-01-03,False,True
U00168,user00168,user168@smartcart.ai,pbkdf2:sha256:600000$saltXYZ$hashedvalue,Vijay Kumar 168,53,Female,Delhi,Maharashtra,"Grocery,Electronics",2024-10-19,False,True
U00169,user00169,user169@smartcart.ai,pbkdf2:sha256:600000$saltXYZ$hashedvalue,Pooja Pillai 169,42,Other,Hyderabad,Delhi,Grocery,2023-08-22,False,True
U00170,user00170,user170@smartcart.ai,pbkdf2:sha256:600000$saltXYZ$hashedvalue,Vijay Kumar 170,57,Female,Mumbai,Delhi,"Toys,Fashion",2024-01-04,False,True
U00171,user00171,user171@smartcart.ai,pbkdf2:sha256:600000$saltXYZ$hashedvalue,Deepika Nair 171,38,Other,Surat,Delhi,Electronics,2025-12-29,False,True
U00172,user00172,user172@smartcart.ai,pbkdf2:sha256:600000$saltXYZ$hashedvalue,Rahul Sharma 172,22,Male,Chandigarh,West Bengal,"Grocery,Electronics",2025-06-20,False,True
U00173,user00173,user173@smartcart.ai,pbkdf2:sha256:600000$saltXYZ$hashedvalue,Karan Mehta 173,29,Male,Bangalore,West Bengal,"Beauty,Toys",2025-08-03,False,True
U00174,user00174,user174@smartcart.ai,pbkdf2:sha256:600000$saltXYZ$hashedvalue,Rahul Sharma 174,37,Male,Chandigarh,West Bengal,"Electronics,Health,Beauty",2024-10-08,False,True
U00175,user00175,user175@smartcart.ai,pbkdf2:sha256:600000$saltXYZ$hashedvalue,Priya Singh 175,42,Female,Jaipur,Gujarat,Home & Kitchen,2026-01-18,False,True
U00176,user00176,user176@smartcart.ai,pbkdf2:sha256:600000$saltXYZ$hashedvalue,Priya Singh 176,26,Male,Lucknow,Tamil Nadu,"Grocery,Fashion",2025-01-14,False,True
U00177,user00177,user177@smartcart.ai,pbkdf2:sha256:600000$saltXYZ$hashedvalue,Pooja Pillai 177,21,Female,Kolkata,UP,Home & Kitchen,2024-01-24,False,True
U00178,user00178,user178@smartcart.ai,pbkdf2:sha256:600000$saltXYZ$hashedvalue,Priya Singh 178,22,Female,Kolkata,Punjab,"Fashion,Grocery,Health,Books",2025-08-01,False,True
U00179,user00179,user179@smartcart.ai,pbkdf2:sha256:600000$saltXYZ$hashedvalue,Rohit Verma 179,26,Male,Hyderabad,Rajasthan,"Grocery,Sports,Health,Toys",2024-06-21,False,False
U00180,user00180,user180@smartcart.ai,pbkdf2:sha256:600000$saltXYZ$hashedvalue,Karan Mehta 180,25,Other,Pune,West Bengal,"Fashion,Automotive,Toys,Electronics",2024-12-21,False,True
U00181,user00181,user181@smartcart.ai,pbkdf2:sha256:600000$saltXYZ$hashedvalue,Deepika Nair 181,22,Female,Kolkata,Delhi,"Grocery,Automotive",2023-12-27,False,True
U00182,user00182,user182@smartcart.ai,pbkdf2:sha256:600000$saltXYZ$hashedvalue,Deepika Nair 182,36,Female,Surat,Rajasthan,"Books,Grocery,Toys,Beauty",2025-05-14,False,True
U00183,user00183,user183@smartcart.ai,pbkdf2:sha256:600000$saltXYZ$hashedvalue,Pooja Pillai 183,25,Male,Ahmedabad,Punjab,"Books,Fashion,Automotive,Health",2025-05-05,False,True
U00184,user00184,user184@smartcart.ai,pbkdf2:sha256:600000$saltXYZ$hashedvalue,Sneha Gupta 184,63,Other,Jaipur,West Bengal,"Sports,Electronics",2025-04-15,False,True
U00185,user00185,user185@smartcart.ai,pbkdf2:sha256:600000$saltXYZ$hashedvalue,Ananya Joshi 185,50,Female,Bangalore,UP,"Automotive,Electronics",2023-06-01,False,True
U00186,user00186,user186@smartcart.ai,pbkdf2:sha256:600000$saltXYZ$hashedvalue,Pooja Pillai 186,28,Female,Chennai,Karnataka,Electronics,2023-05-13,False,True
U00187,user00187,user187@smartcart.ai,pbkdf2:sha256:600000$saltXYZ$hashedvalue,Deepika Nair 187,46,Female,Bangalore,Telangana,"Books,Beauty,Toys",2024-08-19,False,True
U00188,user00188,user188@smartcart.ai,pbkdf2:sha256:600000$saltXYZ$hashedvalue,Deepika Nair 188,50,Other,Hyderabad,Maharashtra,"Home & Kitchen,Grocery,Books,Electronics",2024-06-04,False,True
U00189,user00189,user189@smartcart.ai,pbkdf2:sha256:600000$saltXYZ$hashedvalue,Karan Mehta 189,37,Male,Jaipur,West Bengal,"Books,Health,Sports,Beauty",2024-03-16,False,True
U00190,user00190,user190@smartcart.ai,pbkdf2:sha256:600000$saltXYZ$hashedvalue,Vijay Kumar 190,63,Female,Hyderabad,Telangana,"Automotive,Grocery",2025-05-22,False,True
U00191,user00191,user191@smartcart.ai,pbkdf2:sha256:600000$saltXYZ$hashedvalue,Sneha Gupta 191,24,Other,Lucknow,Tamil Nadu,Sports,2026-04-20,False,False
U00192,user00192,user192@smartcart.ai,pbkdf2:sha256:600000$saltXYZ$hashedvalue,Ananya Joshi 192,22,Male,Chandigarh,Punjab,"Automotive,Toys,Books",2024-06-18,False,True
U00193,user00193,user193@smartcart.ai,pbkdf2:sha256:600000$saltXYZ$hashedvalue,Vijay Kumar 193,56,Female,Chennai,UP,"Electronics,Books,Beauty",2025-06-01,False,True
U00194,user00194,user194@smartcart.ai,pbkdf2:sha256:600000$saltXYZ$hashedvalue,Sneha Gupta 194,61,Other,Bangalore,Maharashtra,"Toys,Fashion",2025-01-18,False,True
U00195,user00195,user195@smartcart.ai,pbkdf2:sha256:600000$saltXYZ$hashedvalue,Amit Patel 195,43,Male,Surat,West Bengal,"Automotive,Sports",2025-04-07,False,True
U00196,user00196,user196@smartcart.ai,pbkdf2:sha256:600000$saltXYZ$hashedvalue,Priya Singh 196,27,Male,Mumbai,West Bengal,"Sports,Fashion,Books",2024-03-23,False,True
U00197,user00197,user197@smartcart.ai,pbkdf2:sha256:600000$saltXYZ$hashedvalue,Karan Mehta 197,26,Male,Jaipur,Punjab,Electronics,2024-04-30,False,True
U00198,user00198,user198@smartcart.ai,pbkdf2:sha256:600000$saltXYZ$hashedvalue,Rahul Sharma 198,20,Other,Surat,Delhi,"Toys,Beauty,Grocery,Sports",2024-08-24,False,True
U00199,user00199,user199@smartcart.ai,pbkdf2:sha256:600000$saltXYZ$hashedvalue,Ananya Joshi 199,20,Male,Delhi,Punjab,"Fashion,Health,Automotive,Beauty",2023-10-02,False,True
U00200,user00200,user200@smartcart.ai,pbkdf2:sha256:600000$saltXYZ$hashedvalue,Rohit Verma 200,49,Other,Chandigarh,Karnataka,"Books,Automotive",2024-06-12,False,True
U00201,user00201,user201@smartcart.ai,pbkdf2:sha256:600000$saltXYZ$hashedvalue,Deepika Nair 201,44,Other,Jaipur,Telangana,"Toys,Grocery,Beauty,Health",2026-02-15,False,True
U00202,user00202,user202@smartcart.ai,pbkdf2:sha256:600000$saltXYZ$hashedvalue,Karan Mehta 202,30,Female,Hyderabad,Gujarat,Health,2024-10-14,False,True
U00203,user00203,user203@smartcart.ai,pbkdf2:sha256:600000$saltXYZ$hashedvalue,Vijay Kumar 203,29,Female,Hyderabad,Maharashtra,"Toys,Health,Sports,Home & Kitchen",2024-09-11,False,True
U00204,user00204,user204@smartcart.ai,pbkdf2:sha256:600000$saltXYZ$hashedvalue,Karan Mehta 204,25,Other,Bangalore,Maharashtra,"Fashion,Home & Kitchen,Automotive",2025-06-25,False,False
U00205,user00205,user205@smartcart.ai,pbkdf2:sha256:600000$saltXYZ$hashedvalue,Sneha Gupta 205,64,Other,Ahmedabad,UP,"Books,Automotive,Sports,Fashion",2025-12-10,False,True
U00206,user00206,user206@smartcart.ai,pbkdf2:sha256:600000$saltXYZ$hashedvalue,Karan Mehta 206,24,Male,Bangalore,Tamil Nadu,Automotive,2025-07-20,False,True
U00207,user00207,user207@smartcart.ai,pbkdf2:sha256:600000$saltXYZ$hashedvalue,Ananya Joshi 207,60,Other,Delhi,Telangana,Toys,2024-03-30,False,True
U00208,user00208,user208@smartcart.ai,pbkdf2:sha256:600000$saltXYZ$hashedvalue,Rahul Sharma 208,28,Other,Bangalore,UP,"Grocery,Books,Fashion,Automotive",2023-10-10,False,True
U00209,user00209,user209@smartcart.ai,pbkdf2:sha256:600000$saltXYZ$hashedvalue,Ananya Joshi 209,19,Female,Chennai,Gujarat,"Sports,Books,Fashion",2023-10-24,False,True
U00210,user00210,user210@smartcart.ai,pbkdf2:sha256:600000$saltXYZ$hashedvalue,Vijay Kumar 210,26,Male,Surat,Gujarat,"Automotive,Electronics",2025-09-20,False,True
U00211,user00211,user211@smartcart.ai,pbkdf2:sha256:600000$saltXYZ$hashedvalue,Rohit Verma 211,49,Male,Pune,Karnataka,"Beauty,Books,Fashion",2025-08-28,False,True
U00212,user00212,user212@smartcart.ai,pbkdf2:sha256:600000$saltXYZ$hashedvalue,Rohit Verma 212,47,Male,Ahmedabad,Punjab,Sports,2025-09-19,False,True
U00213,user00213,user213@smartcart.ai,pbkdf2:sha256:600000$saltXYZ$hashedvalue,Sneha Gupta 213,56,Other,Bangalore,Punjab,Electronics,2023-06-04,False,True
U00214,user00214,user214@smartcart.ai,pbkdf2:sha256:600000$saltXYZ$hashedvalue,Vijay Kumar 214,35,Other,Delhi,Rajasthan,"Automotive,Beauty",2026-01-05,False,True
U00215,user00215,user215@smartcart.ai,pbkdf2:sha256:600000$saltXYZ$hashedvalue,Rohit Verma 215,22,Other,Delhi,Telangana,"Health,Toys,Sports,Beauty",2024-04-09,False,True
U00216,user00216,user216@smartcart.ai,pbkdf2:sha256:600000$saltXYZ$hashedvalue,Deepika Nair 216,24,Other,Pune,Punjab,"Sports,Books,Automotive,Fashion",2024-08-21,False,True
U00217,user00217,user217@smartcart.ai,pbkdf2:sha256:600000$saltXYZ$hashedvalue,Vijay Kumar 217,22,Male,Lucknow,West Bengal,"Beauty,Fashion",2024-09-28,False,True
U00218,user00218,user218@smartcart.ai,pbkdf2:sha256:600000$saltXYZ$hashedvalue,Karan Mehta 218,65,Other,Hyderabad,Maharashtra,"Home & Kitchen,Sports",2023-07-01,False,True
U00219,user00219,user219@smartcart.ai,pbkdf2:sha256:600000$saltXYZ$hashedvalue,Amit Patel 219,59,Male,Mumbai,Telangana,"Home & Kitchen,Automotive,Grocery,Health",2025-01-18,False,True
U00220,user00220,user220@smartcart.ai,pbkdf2:sha256:600000$saltXYZ$hashedvalue,Vijay Kumar 220,30,Other,Pune,West Bengal,"Home & Kitchen,Fashion,Books,Beauty",2025-08-18,False,True
U00221,user00221,user221@smartcart.ai,pbkdf2:sha256:600000$saltXYZ$hashedvalue,Vijay Kumar 221,23,Other,Jaipur,Maharashtra,"Fashion,Grocery,Electronics,Sports",2023-04-24,False,True
U00222,user00222,user222@smartcart.ai,pbkdf2:sha256:600000$saltXYZ$hashedvalue,Ananya Joshi 222,54,Other,Pune,Telangana,Grocery,2025-02-25,False,True
U00223,user00223,user223@smartcart.ai,pbkdf2:sha256:600000$saltXYZ$hashedvalue,Sneha Gupta 223,36,Other,Bangalore,Rajasthan,Books,2023-06-25,False,True
U00224,user00224,user224@smartcart.ai,pbkdf2:sha256:600000$saltXYZ$hashedvalue,Karan Mehta 224,25,Female,Pune,Rajasthan,"Beauty,Fashion,Grocery,Automotive",2024-11-11,False,True
U00225,user00225,user225@smartcart.ai,pbkdf2:sha256:600000$saltXYZ$hashedvalue,Karan Mehta 225,27,Other,Mumbai,UP,Health,2024-08-31,False,True
U00226,user00226,user226@smartcart.ai,pbkdf2:sha256:600000$saltXYZ$hashedvalue,Sneha Gupta 226,34,Other,Pune,Karnataka,Beauty,2023-05-17,False,True
U00227,user00227,user227@smartcart.ai,pbkdf2:sha256:600000$saltXYZ$hashedvalue,Deepika Nair 227,64,Other,Lucknow,Maharashtra,"Sports,Fashion,Home & Kitchen",2024-09-13,False,True
U00228,user00228,user228@smartcart.ai,pbkdf2:sha256:600000$saltXYZ$hashedvalue,Deepika Nair 228,51,Other,Hyderabad,Tamil Nadu,Electronics,2024-06-02,False,True
U00229,user00229,user229@smartcart.ai,pbkdf2:sha256:600000$saltXYZ$hashedvalue,Deepika Nair 229,58,Male,Pune,Tamil Nadu,"Books,Home & Kitchen,Sports",2024-07-30,False,True
U00230,user00230,user230@smartcart.ai,pbkdf2:sha256:600000$saltXYZ$hashedvalue,Pooja Pillai 230,27,Other,Lucknow,Rajasthan,"Health,Grocery,Toys,Beauty",2025-09-03,False,True
U00231,user00231,user231@smartcart.ai,pbkdf2:sha256:600000$saltXYZ$hashedvalue,Karan Mehta 231,18,Male,Chennai,Telangana,"Home & Kitchen,Health",2024-03-29,False,True
U00232,user00232,user232@smartcart.ai,pbkdf2:sha256:600000$saltXYZ$hashedvalue,Vijay Kumar 232,43,Other,Chandigarh,Gujarat,"Beauty,Fashion,Toys,Books",2024-01-10,False,True
U00233,user00233,user233@smartcart.ai,pbkdf2:sha256:600000$saltXYZ$hashedvalue,Sneha Gupta 233,22,Female,Lucknow,Karnataka,Fashion,2023-12-04,False,True
U00234,user00234,user234@smartcart.ai,pbkdf2:sha256:600000$saltXYZ$hashedvalue,Vijay Kumar 234,64,Other,Hyderabad,Karnataka,Toys,2024-03-01,False,True
U00235,user00235,user235@smartcart.ai,pbkdf2:sha256:600000$saltXYZ$hashedvalue,Deepika Nair 235,45,Male,Mumbai,Maharashtra,"Electronics,Automotive,Books",2025-03-27,False,True
U00236,user00236,user236@smartcart.ai,pbkdf2:sha256:600000$saltXYZ$hashedvalue,Karan Mehta 236,61,Female,Kolkata,UP,"Toys,Electronics",2023-06-19,False,True
U00237,user00237,user237@smartcart.ai,pbkdf2:sha256:600000$saltXYZ$hashedvalue,Ananya Joshi 237,62,Female,Jaipur,West Bengal,"Grocery,Fashion",2026-01-20,False,True
U00238,user00238,user238@smartcart.ai,pbkdf2:sha256:600000$saltXYZ$hashedvalue,Ananya Joshi 238,53,Female,Pune,Tamil Nadu,"Grocery,Health,Books,Home & Kitchen",2025-08-23,False,True
U00239,user00239,user239@smartcart.ai,pbkdf2:sha256:600000$saltXYZ$hashedvalue,Rahul Sharma 239,34,Female,Delhi,Rajasthan,"Health,Fashion",2025-07-12,False,True
U00240,user00240,user240@smartcart.ai,pbkdf2:sha256:600000$saltXYZ$hashedvalue,Sneha Gupta 240,62,Female,Jaipur,West Bengal,"Electronics,Sports,Books,Fashion",2026-02-09,False,True
U00241,user00241,user241@smartcart.ai,pbkdf2:sha256:600000$saltXYZ$hashedvalue,Rahul Sharma 241,63,Female,Kolkata,West Bengal,Electronics,2023-07-01,False,True
U00242,user00242,user242@smartcart.ai,pbkdf2:sha256:600000$saltXYZ$hashedvalue,Karan Mehta 242,38,Female,Ahmedabad,Tamil Nadu,"Sports,Beauty",2023-07-02,False,True
U00243,user00243,user243@smartcart.ai,pbkdf2:sha256:600000$saltXYZ$hashedvalue,Rahul Sharma 243,65,Other,Ahmedabad,Delhi,"Beauty,Home & Kitchen,Sports,Books",2023-12-02,False,True
U00244,user00244,user244@smartcart.ai,pbkdf2:sha256:600000$saltXYZ$hashedvalue,Rohit Verma 244,56,Female,Mumbai,Karnataka,Electronics,2024-06-30,False,True
U00245,user00245,user245@smartcart.ai,pbkdf2:sha256:600000$saltXYZ$hashedvalue,Ananya Joshi 245,43,Female,Bangalore,UP,"Sports,Beauty",2023-11-15,False,True
U00246,user00246,user246@smartcart.ai,pbkdf2:sha256:600000$saltXYZ$hashedvalue,Vijay Kumar 246,47,Female,Delhi,Rajasthan,"Electronics,Health,Fashion",2025-04-05,False,True
U00247,user00247,user247@smartcart.ai,pbkdf2:sha256:600000$saltXYZ$hashedvalue,Rohit Verma 247,18,Male,Hyderabad,Tamil Nadu,"Fashion,Automotive,Home & Kitchen",2024-09-22,False,True
U00248,user00248,user248@smartcart.ai,pbkdf2:sha256:600000$saltXYZ$hashedvalue,Rohit Verma 248,51,Male,Kolkata,Gujarat,"Home & Kitchen,Health,Sports,Fashion",2025-01-01,False,True
U00249,user00249,user249@smartcart.ai,pbkdf2:sha256:600000$saltXYZ$hashedvalue,Karan Mehta 249,54,Female,Chandigarh,Telangana,"Home & Kitchen,Books",2025-10-13,False,False
U00250,user00250,user250@smartcart.ai,pbkdf2:sha256:600000$saltXYZ$hashedvalue,Priya Singh 250,29,Other,Pune,Delhi,"Automotive,Books",2025-01-28,False,True
U00251,user00251,user251@smartcart.ai,pbkdf2:sha256:600000$saltXYZ$hashedvalue,Rahul Sharma 251,63,Female,Surat,Maharashtra,Books,2025-12-19,False,True
U00252,user00252,user252@smartcart.ai,pbkdf2:sha256:600000$saltXYZ$hashedvalue,Vijay Kumar 252,58,Male,Ahmedabad,Punjab,"Fashion,Toys",2024-02-06,False,True
U00253,user00253,user253@smartcart.ai,pbkdf2:sha256:600000$saltXYZ$hashedvalue,Amit Patel 253,35,Male,Jaipur,Maharashtra,Sports,2023-08-09,False,True
U00254,user00254,user254@smartcart.ai,pbkdf2:sha256:600000$saltXYZ$hashedvalue,Rohit Verma 254,64,Female,Chandigarh,Delhi,"Home & Kitchen,Books,Beauty",2023-06-21,False,True
U00255,user00255,user255@smartcart.ai,pbkdf2:sha256:600000$saltXYZ$hashedvalue,Rohit Verma 255,18,Other,Chandigarh,Tamil Nadu,Home & Kitchen,2024-11-12,False,True
U00256,user00256,user256@smartcart.ai,pbkdf2:sha256:600000$saltXYZ$hashedvalue,Sneha Gupta 256,51,Female,Mumbai,Delhi,"Toys,Books,Fashion,Home & Kitchen",2026-02-19,False,True
U00257,user00257,user257@smartcart.ai,pbkdf2:sha256:600000$saltXYZ$hashedvalue,Rohit Verma 257,34,Other,Chandigarh,Delhi,"Health,Books",2025-02-11,False,True
U00258,user00258,user258@smartcart.ai,pbkdf2:sha256:600000$saltXYZ$hashedvalue,Pooja Pillai 258,46,Female,Pune,Punjab,"Beauty,Health",2026-03-21,False,True
U00259,user00259,user259@smartcart.ai,pbkdf2:sha256:600000$saltXYZ$hashedvalue,Karan Mehta 259,27,Other,Hyderabad,Karnataka,Sports,2023-07-24,False,True
U00260,user00260,user260@smartcart.ai,pbkdf2:sha256:600000$saltXYZ$hashedvalue,Sneha Gupta 260,18,Male,Delhi,Karnataka,Beauty,2025-08-14,False,True
U00261,user00261,user261@smartcart.ai,pbkdf2:sha256:600000$saltXYZ$hashedvalue,Vijay Kumar 261,63,Other,Lucknow,Punjab,"Home & Kitchen,Grocery,Automotive",2024-03-19,False,True
U00262,user00262,user262@smartcart.ai,pbkdf2:sha256:600000$saltXYZ$hashedvalue,Rahul Sharma 262,25,Male,Ahmedabad,Tamil Nadu,"Automotive,Toys,Sports,Home & Kitchen",2025-08-19,False,True
U00263,user00263,user263@smartcart.ai,pbkdf2:sha256:600000$saltXYZ$hashedvalue,Rohit Verma 263,51,Female,Chandigarh,Maharashtra,"Fashion,Automotive,Electronics",2023-10-31,False,True
U00264,user00264,user264@smartcart.ai,pbkdf2:sha256:600000$saltXYZ$hashedvalue,Sneha Gupta 264,58,Male,Pune,Maharashtra,Toys,2025-05-27,False,True
U00265,user00265,user265@smartcart.ai,pbkdf2:sha256:600000$saltXYZ$hashedvalue,Deepika Nair 265,28,Other,Ahmedabad,Telangana,Home & Kitchen,2023-08-12,False,True
U00266,user00266,user266@smartcart.ai,pbkdf2:sha256:600000$saltXYZ$hashedvalue,Rohit Verma 266,27,Male,Bangalore,Tamil Nadu,"Home & Kitchen,Books,Health",2025-07-05,False,True
U00267,user00267,user267@smartcart.ai,pbkdf2:sha256:600000$saltXYZ$hashedvalue,Rahul Sharma 267,55,Other,Ahmedabad,Maharashtra,Home & Kitchen,2024-02-23,False,True
U00268,user00268,user268@smartcart.ai,pbkdf2:sha256:600000$saltXYZ$hashedvalue,Amit Patel 268,24,Male,Chennai,Telangana,"Books,Grocery",2024-11-22,False,True
U00269,user00269,user269@smartcart.ai,pbkdf2:sha256:600000$saltXYZ$hashedvalue,Sneha Gupta 269,44,Other,Bangalore,Karnataka,"Health,Automotive",2025-04-06,False,True
U00270,user00270,user270@smartcart.ai,pbkdf2:sha256:600000$saltXYZ$hashedvalue,Rahul Sharma 270,42,Female,Bangalore,Punjab,"Books,Grocery,Home & Kitchen",2024-10-27,False,True
U00271,user00271,user271@smartcart.ai,pbkdf2:sha256:600000$saltXYZ$hashedvalue,Deepika Nair 271,54,Male,Hyderabad,UP,"Health,Electronics",2023-08-25,False,True
U00272,user00272,user272@smartcart.ai,pbkdf2:sha256:600000$saltXYZ$hashedvalue,Amit Patel 272,28,Female,Ahmedabad,Rajasthan,"Fashion,Sports,Books,Beauty",2024-01-30,False,True
U00273,user00273,user273@smartcart.ai,pbkdf2:sha256:600000$saltXYZ$hashedvalue,Pooja Pillai 273,30,Female,Ahmedabad,Punjab,"Electronics,Books,Home & Kitchen,Sports",2024-08-28,False,True
U00274,user00274,user274@smartcart.ai,pbkdf2:sha256:600000$saltXYZ$hashedvalue,Vijay Kumar 274,36,Female,Pune,UP,"Health,Sports,Books",2024-02-15,False,True
U00275,user00275,user275@smartcart.ai,pbkdf2:sha256:600000$saltXYZ$hashedvalue,Deepika Nair 275,55,Male,Mumbai,West Bengal,"Beauty,Toys,Fashion",2025-06-16,False,True
U00276,user00276,user276@smartcart.ai,pbkdf2:sha256:600000$saltXYZ$hashedvalue,Rahul Sharma 276,48,Female,Ahmedabad,Punjab,Automotive,2025-06-10,False,True
U00277,user00277,user277@smartcart.ai,pbkdf2:sha256:600000$saltXYZ$hashedvalue,Priya Singh 277,48,Male,Delhi,Tamil Nadu,"Books,Beauty,Health,Electronics",2026-04-20,False,True
U00278,user00278,user278@smartcart.ai,pbkdf2:sha256:600000$saltXYZ$hashedvalue,Karan Mehta 278,40,Other,Bangalore,Karnataka,"Automotive,Home & Kitchen,Electronics,Books",2024-07-18,False,True
U00279,user00279,user279@smartcart.ai,pbkdf2:sha256:600000$saltXYZ$hashedvalue,Pooja Pillai 279,35,Other,Bangalore,Gujarat,Toys,2025-08-07,False,True
U00280,user00280,user280@smartcart.ai,pbkdf2:sha256:600000$saltXYZ$hashedvalue,Sneha Gupta 280,53,Female,Delhi,UP,"Books,Fashion,Sports,Grocery",2025-01-08,False,True
U00281,user00281,user281@smartcart.ai,pbkdf2:sha256:600000$saltXYZ$hashedvalue,Sneha Gupta 281,37,Female,Ahmedabad,Maharashtra,Grocery,2023-08-28,False,True
U00282,user00282,user282@smartcart.ai,pbkdf2:sha256:600000$saltXYZ$hashedvalue,Sneha Gupta 282,36,Male,Chennai,Gujarat,"Grocery,Sports,Beauty",2024-04-11,False,True
U00283,user00283,user283@smartcart.ai,pbkdf2:sha256:600000$saltXYZ$hashedvalue,Rahul Sharma 283,55,Female,Bangalore,Gujarat,"Fashion,Books,Electronics,Toys",2025-12-18,False,True
U00284,user00284,user284@smartcart.ai,pbkdf2:sha256:600000$saltXYZ$hashedvalue,Karan Mehta 284,33,Female,Ahmedabad,Telangana,"Automotive,Home & Kitchen",2023-07-03,False,True
U00285,user00285,user285@smartcart.ai,pbkdf2:sha256:600000$saltXYZ$hashedvalue,Pooja Pillai 285,56,Female,Jaipur,Rajasthan,"Beauty,Health,Automotive",2026-03-18,False,True
U00286,user00286,user286@smartcart.ai,pbkdf2:sha256:600000$saltXYZ$hashedvalue,Priya Singh 286,38,Other,Ahmedabad,Punjab,Sports,2023-06-24,False,True
U00287,user00287,user287@smartcart.ai,pbkdf2:sha256:600000$saltXYZ$hashedvalue,Karan Mehta 287,20,Female,Ahmedabad,Punjab,"Sports,Health",2025-01-14,False,True
U00288,user00288,user288@smartcart.ai,pbkdf2:sha256:600000$saltXYZ$hashedvalue,Amit Patel 288,30,Male,Jaipur,Karnataka,Beauty,2026-01-07,False,True
U00289,user00289,user289@smartcart.ai,pbkdf2:sha256:600000$saltXYZ$hashedvalue,Karan Mehta 289,52,Other,Hyderabad,Maharashtra,"Electronics,Sports,Books",2024-10-28,False,True
U00290,user00290,user290@smartcart.ai,pbkdf2:sha256:600000$saltXYZ$hashedvalue,Vijay Kumar 290,49,Other,Chandigarh,Gujarat,"Automotive,Home & Kitchen,Toys,Sports",2023-12-05,False,True
U00291,user00291,user291@smartcart.ai,pbkdf2:sha256:600000$saltXYZ$hashedvalue,Ananya Joshi 291,51,Male,Delhi,Telangana,Health,2025-08-27,False,True
U00292,user00292,user292@smartcart.ai,pbkdf2:sha256:600000$saltXYZ$hashedvalue,Deepika Nair 292,25,Female,Ahmedabad,Karnataka,"Electronics,Books,Automotive,Sports",2024-04-17,False,True
U00293,user00293,user293@smartcart.ai,pbkdf2:sha256:600000$saltXYZ$hashedvalue,Pooja Pillai 293,64,Other,Lucknow,Tamil Nadu,"Books,Health,Toys",2025-07-10,False,True
U00294,user00294,user294@smartcart.ai,pbkdf2:sha256:600000$saltXYZ$hashedvalue,Karan Mehta 294,49,Female,Pune,Maharashtra,"Books,Grocery,Health,Toys",2025-05-02,False,True
U00295,user00295,user295@smartcart.ai,pbkdf2:sha256:600000$saltXYZ$hashedvalue,Ananya Joshi 295,41,Female,Surat,Maharashtra,"Fashion,Automotive,Sports",2024-04-16,False,True
U00296,user00296,user296@smartcart.ai,pbkdf2:sha256:600000$saltXYZ$hashedvalue,Karan Mehta 296,28,Male,Surat,Delhi,"Health,Toys",2023-07-18,False,True
U00297,user00297,user297@smartcart.ai,pbkdf2:sha256:600000$saltXYZ$hashedvalue,Sneha Gupta 297,34,Other,Lucknow,Delhi,"Toys,Grocery,Fashion",2023-07-09,False,True
U00298,user00298,user298@smartcart.ai,pbkdf2:sha256:600000$saltXYZ$hashedvalue,Priya Singh 298,45,Female,Pune,Karnataka,"Books,Beauty,Home & Kitchen,Automotive",2026-03-24,False,True
U00299,user00299,user299@smartcart.ai,pbkdf2:sha256:600000$saltXYZ$hashedvalue,Sneha Gupta 299,36,Other,Chandigarh,Tamil Nadu,"Health,Sports,Toys,Home & Kitchen",2024-05-18,False,True
U00300,user00300,user300@smartcart.ai,pbkdf2:sha256:600000$saltXYZ$hashedvalue,Vijay Kumar 300,41,Male,Mumbai,Telangana,Fashion,2023-10-20,False,True
U00301,user00301,user301@smartcart.ai,pbkdf2:sha256:600000$saltXYZ$hashedvalue,Karan Mehta 301,47,Female,Bangalore,Maharashtra,Books,2024-08-02,False,True
U00302,user00302,user302@smartcart.ai,pbkdf2:sha256:600000$saltXYZ$hashedvalue,Vijay Kumar 302,61,Male,Delhi,Rajasthan,"Health,Home & Kitchen",2024-01-19,False,True
U00303,user00303,user303@smartcart.ai,pbkdf2:sha256:600000$saltXYZ$hashedvalue,Rahul Sharma 303,53,Other,Hyderabad,Delhi,Automotive,2024-03-16,False,True
U00304,user00304,user304@smartcart.ai,pbkdf2:sha256:600000$saltXYZ$hashedvalue,Amit Patel 304,36,Male,Lucknow,Tamil Nadu,Beauty,2024-11-23,False,True
U00305,user00305,user305@smartcart.ai,pbkdf2:sha256:600000$saltXYZ$hashedvalue,Rohit Verma 305,60,Female,Jaipur,Gujarat,"Grocery,Toys,Beauty",2025-10-30,False,True
U00306,user00306,user306@smartcart.ai,pbkdf2:sha256:600000$saltXYZ$hashedvalue,Amit Patel 306,55,Other,Kolkata,Tamil Nadu,"Grocery,Books",2025-11-15,False,True
U00307,user00307,user307@smartcart.ai,pbkdf2:sha256:600000$saltXYZ$hashedvalue,Amit Patel 307,56,Other,Bangalore,Punjab,"Automotive,Electronics",2024-10-07,False,True
U00308,user00308,user308@smartcart.ai,pbkdf2:sha256:600000$saltXYZ$hashedvalue,Pooja Pillai 308,57,Male,Ahmedabad,UP,"Electronics,Automotive,Toys,Fashion",2025-05-22,False,True
U00309,user00309,user309@smartcart.ai,pbkdf2:sha256:600000$saltXYZ$hashedvalue,Karan Mehta 309,65,Female,Pune,West Bengal,"Health,Books,Fashion",2023-07-21,False,True
U00310,user00310,user310@smartcart.ai,pbkdf2:sha256:600000$saltXYZ$hashedvalue,Sneha Gupta 310,42,Male,Ahmedabad,Delhi,"Fashion,Grocery,Home & Kitchen",2025-06-28,False,True
U00311,user00311,user311@smartcart.ai,pbkdf2:sha256:600000$saltXYZ$hashedvalue,Rohit Verma 311,33,Male,Hyderabad,West Bengal,"Grocery,Automotive,Home & Kitchen,Sports",2023-06-30,False,True
U00312,user00312,user312@smartcart.ai,pbkdf2:sha256:600000$saltXYZ$hashedvalue,Deepika Nair 312,58,Other,Chennai,West Bengal,Sports,2024-01-24,False,True
U00313,user00313,user313@smartcart.ai,pbkdf2:sha256:600000$saltXYZ$hashedvalue,Vijay Kumar 313,58,Male,Lucknow,Karnataka,Toys,2024-11-14,False,True
U00314,user00314,user314@smartcart.ai,pbkdf2:sha256:600000$saltXYZ$hashedvalue,Karan Mehta 314,59,Female,Delhi,Punjab,"Sports,Home & Kitchen",2023-04-30,False,True
U00315,user00315,user315@smartcart.ai,pbkdf2:sha256:600000$saltXYZ$hashedvalue,Vijay Kumar 315,52,Male,Surat,Karnataka,"Health,Sports",2025-01-15,False,True
U00316,user00316,user316@smartcart.ai,pbkdf2:sha256:600000$saltXYZ$hashedvalue,Deepika Nair 316,24,Male,Pune,Karnataka,"Beauty,Grocery",2023-05-27,False,True
U00317,user00317,user317@smartcart.ai,pbkdf2:sha256:600000$saltXYZ$hashedvalue,Rohit Verma 317,25,Other,Mumbai,Karnataka,Beauty,2024-09-24,False,True
U00318,user00318,user318@smartcart.ai,pbkdf2:sha256:600000$saltXYZ$hashedvalue,Ananya Joshi 318,50,Male,Ahmedabad,Punjab,Sports,2026-03-27,False,True
U00319,user00319,user319@smartcart.ai,pbkdf2:sha256:600000$saltXYZ$hashedvalue,Priya Singh 319,64,Other,Lucknow,UP,Beauty,2024-01-17,False,True
U00320,user00320,user320@smartcart.ai,pbkdf2:sha256:600000$saltXYZ$hashedvalue,Rohit Verma 320,19,Female,Mumbai,Maharashtra,"Beauty,Health,Home & Kitchen",2024-03-18,False,True
U00321,user00321,user321@smartcart.ai,pbkdf2:sha256:600000$saltXYZ$hashedvalue,Karan Mehta 321,38,Female,Kolkata,Maharashtra,"Grocery,Home & Kitchen,Toys,Sports",2023-06-18,False,True
U00322,user00322,user322@smartcart.ai,pbkdf2:sha256:600000$saltXYZ$hashedvalue,Sneha Gupta 322,36,Other,Pune,West Bengal,Health,2023-11-19,False,True
U00323,user00323,user323@smartcart.ai,pbkdf2:sha256:600000$saltXYZ$hashedvalue,Karan Mehta 323,33,Male,Surat,Rajasthan,"Grocery,Beauty,Automotive,Electronics",2025-03-08,False,True
U00324,user00324,user324@smartcart.ai,pbkdf2:sha256:600000$saltXYZ$hashedvalue,Karan Mehta 324,60,Female,Chandigarh,Gujarat,Books,2025-01-02,False,True
U00325,user00325,user325@smartcart.ai,pbkdf2:sha256:600000$saltXYZ$hashedvalue,Rahul Sharma 325,48,Female,Kolkata,Karnataka,"Health,Fashion,Automotive,Electronics",2024-06-14,False,True
U00326,user00326,user326@smartcart.ai,pbkdf2:sha256:600000$saltXYZ$hashedvalue,Karan Mehta 326,59,Other,Jaipur,Tamil Nadu,"Automotive,Grocery,Health",2024-02-26,False,True
U00327,user00327,user327@smartcart.ai,pbkdf2:sha256:600000$saltXYZ$hashedvalue,Priya Singh 327,45,Male,Lucknow,Punjab,"Sports,Electronics,Beauty,Toys",2024-11-30,False,True
U00328,user00328,user328@smartcart.ai,pbkdf2:sha256:600000$saltXYZ$hashedvalue,Deepika Nair 328,20,Other,Hyderabad,Delhi,"Fashion,Electronics,Toys",2025-10-23,False,True
U00329,user00329,user329@smartcart.ai,pbkdf2:sha256:600000$saltXYZ$hashedvalue,Ananya Joshi 329,27,Male,Kolkata,Maharashtra,"Grocery,Books,Sports",2025-08-11,False,True
U00330,user00330,user330@smartcart.ai,pbkdf2:sha256:600000$saltXYZ$hashedvalue,Amit Patel 330,22,Other,Hyderabad,West Bengal,"Fashion,Sports,Beauty",2023-07-28,False,True
U00331,user00331,user331@smartcart.ai,pbkdf2:sha256:600000$saltXYZ$hashedvalue,Ananya Joshi 331,43,Male,Pune,UP,Grocery,2024-12-15,False,True
U00332,user00332,user332@smartcart.ai,pbkdf2:sha256:600000$saltXYZ$hashedvalue,Priya Singh 332,25,Other,Jaipur,Karnataka,"Home & Kitchen,Electronics,Beauty",2025-08-16,False,True
U00333,user00333,user333@smartcart.ai,pbkdf2:sha256:600000$saltXYZ$hashedvalue,Sneha Gupta 333,28,Male,Mumbai,UP,Health,2024-11-23,False,True
U00334,user00334,user334@smartcart.ai,pbkdf2:sha256:600000$saltXYZ$hashedvalue,Priya Singh 334,46,Male,Ahmedabad,Delhi,"Sports,Home & Kitchen,Fashion",2024-09-09,False,True
U00335,user00335,user335@smartcart.ai,pbkdf2:sha256:600000$saltXYZ$hashedvalue,Amit Patel 335,20,Other,Bangalore,Delhi,Home & Kitchen,2023-07-02,False,True
U00336,user00336,user336@smartcart.ai,pbkdf2:sha256:600000$saltXYZ$hashedvalue,Vijay Kumar 336,50,Female,Chennai,Rajasthan,"Grocery,Health,Beauty",2024-11-07,False,True
U00337,user00337,user337@smartcart.ai,pbkdf2:sha256:600000$saltXYZ$hashedvalue,Deepika Nair 337,29,Other,Chandigarh,Rajasthan,"Fashion,Home & Kitchen,Beauty",2025-04-29,False,True
U00338,user00338,user338@smartcart.ai,pbkdf2:sha256:600000$saltXYZ$hashedvalue,Priya Singh 338,65,Male,Chandigarh,UP,"Books,Toys,Automotive,Home & Kitchen",2024-10-13,False,False
U00339,user00339,user339@smartcart.ai,pbkdf2:sha256:600000$saltXYZ$hashedvalue,Rohit Verma 339,20,Male,Hyderabad,Tamil Nadu,"Beauty,Home & Kitchen,Toys,Grocery",2023-05-19,False,True
U00340,user00340,user340@smartcart.ai,pbkdf2:sha256:600000$saltXYZ$hashedvalue,Rohit Verma 340,65,Other,Kolkata,Maharashtra,"Books,Electronics,Automotive",2026-04-20,False,True
U00341,user00341,user341@smartcart.ai,pbkdf2:sha256:600000$saltXYZ$hashedvalue,Ananya Joshi 341,53,Female,Jaipur,Delhi,"Toys,Beauty",2023-12-19,False,True
U00342,user00342,user342@smartcart.ai,pbkdf2:sha256:600000$saltXYZ$hashedvalue,Karan Mehta 342,39,Female,Kolkata,UP,"Books,Electronics",2026-04-04,False,True
U00343,user00343,user343@smartcart.ai,pbkdf2:sha256:600000$saltXYZ$hashedvalue,Ananya Joshi 343,34,Male,Ahmedabad,Tamil Nadu,Toys,2023-10-18,False,True
U00344,user00344,user344@smartcart.ai,pbkdf2:sha256:600000$saltXYZ$hashedvalue,Rohit Verma 344,47,Female,Delhi,Telangana,"Sports,Toys,Electronics,Beauty",2024-02-05,False,True
U00345,user00345,user345@smartcart.ai,pbkdf2:sha256:600000$saltXYZ$hashedvalue,Ananya Joshi 345,63,Other,Delhi,Maharashtra,"Automotive,Home & Kitchen,Electronics",2025-11-23,False,True
U00346,user00346,user346@smartcart.ai,pbkdf2:sha256:600000$saltXYZ$hashedvalue,Vijay Kumar 346,40,Female,Kolkata,Punjab,"Toys,Home & Kitchen,Health,Automotive",2023-08-15,False,True
U00347,user00347,user347@smartcart.ai,pbkdf2:sha256:600000$saltXYZ$hashedvalue,Rahul Sharma 347,24,Male,Chennai,Delhi,"Toys,Health,Home & Kitchen",2024-01-30,False,True
U00348,user00348,user348@smartcart.ai,pbkdf2:sha256:600000$saltXYZ$hashedvalue,Pooja Pillai 348,39,Female,Chennai,UP,Toys,2024-09-26,False,True
U00349,user00349,user349@smartcart.ai,pbkdf2:sha256:600000$saltXYZ$hashedvalue,Amit Patel 349,25,Other,Ahmedabad,UP,"Automotive,Health,Toys",2026-02-28,False,True
U00350,user00350,user350@smartcart.ai,pbkdf2:sha256:600000$saltXYZ$hashedvalue,Priya Singh 350,64,Male,Pune,Delhi,Books,2025-01-12,False,True
U00351,user00351,user351@smartcart.ai,pbkdf2:sha256:600000$saltXYZ$hashedvalue,Pooja Pillai 351,49,Female,Bangalore,Gujarat,Health,2024-10-27,False,True
U00352,user00352,user352@smartcart.ai,pbkdf2:sha256:600000$saltXYZ$hashedvalue,Rohit Verma 352,37,Male,Kolkata,Delhi,"Grocery,Books,Toys",2024-12-23,False,True
U00353,user00353,user353@smartcart.ai,pbkdf2:sha256:600000$saltXYZ$hashedvalue,Priya Singh 353,56,Other,Mumbai,UP,"Automotive,Books",2024-02-22,False,False
U00354,user00354,user354@smartcart.ai,pbkdf2:sha256:600000$saltXYZ$hashedvalue,Karan Mehta 354,38,Male,Delhi,UP,Books,2025-10-12,False,True
U00355,user00355,user355@smartcart.ai,pbkdf2:sha256:600000$saltXYZ$hashedvalue,Priya Singh 355,33,Other,Ahmedabad,Rajasthan,"Toys,Fashion",2025-06-10,False,True
U00356,user00356,user356@smartcart.ai,pbkdf2:sha256:600000$saltXYZ$hashedvalue,Rahul Sharma 356,34,Male,Ahmedabad,Punjab,"Electronics,Toys",2025-03-27,False,True
U00357,user00357,user357@smartcart.ai,pbkdf2:sha256:600000$saltXYZ$hashedvalue,Priya Singh 357,39,Other,Mumbai,UP,"Health,Home & Kitchen,Toys,Automotive",2025-05-12,False,False
U00358,user00358,user358@smartcart.ai,pbkdf2:sha256:600000$saltXYZ$hashedvalue,Deepika Nair 358,23,Male,Delhi,Delhi,"Automotive,Grocery",2025-08-24,False,True
U00359,user00359,user359@smartcart.ai,pbkdf2:sha256:600000$saltXYZ$hashedvalue,Deepika Nair 359,19,Other,Chennai,Punjab,"Fashion,Beauty,Books,Toys",2024-08-15,False,True
U00360,user00360,user360@smartcart.ai,pbkdf2:sha256:600000$saltXYZ$hashedvalue,Deepika Nair 360,24,Male,Hyderabad,Maharashtra,"Health,Grocery",2024-04-26,False,True
U00361,user00361,user361@smartcart.ai,pbkdf2:sha256:600000$saltXYZ$hashedvalue,Priya Singh 361,31,Other,Hyderabad,Punjab,"Beauty,Home & Kitchen,Automotive",2024-03-23,False,True
U00362,user00362,user362@smartcart.ai,pbkdf2:sha256:600000$saltXYZ$hashedvalue,Karan Mehta 362,62,Other,Pune,Maharashtra,Grocery,2024-10-01,False,True
U00363,user00363,user363@smartcart.ai,pbkdf2:sha256:600000$saltXYZ$hashedvalue,Priya Singh 363,36,Male,Bangalore,Tamil Nadu,"Grocery,Fashion,Electronics",2024-05-24,False,True
U00364,user00364,user364@smartcart.ai,pbkdf2:sha256:600000$saltXYZ$hashedvalue,Vijay Kumar 364,25,Female,Surat,Tamil Nadu,"Fashion,Beauty",2024-09-14,False,True
U00365,user00365,user365@smartcart.ai,pbkdf2:sha256:600000$saltXYZ$hashedvalue,Rahul Sharma 365,55,Other,Ahmedabad,Telangana,Automotive,2025-07-14,False,True
U00366,user00366,user366@smartcart.ai,pbkdf2:sha256:600000$saltXYZ$hashedvalue,Pooja Pillai 366,56,Other,Surat,Maharashtra,"Home & Kitchen,Toys,Fashion",2024-09-13,False,True
U00367,user00367,user367@smartcart.ai,pbkdf2:sha256:600000$saltXYZ$hashedvalue,Deepika Nair 367,22,Male,Kolkata,Punjab,"Toys,Home & Kitchen,Beauty",2025-11-17,False,True
U00368,user00368,user368@smartcart.ai,pbkdf2:sha256:600000$saltXYZ$hashedvalue,Ananya Joshi 368,51,Other,Chandigarh,Karnataka,"Health,Toys,Books,Electronics",2023-11-09,False,True
U00369,user00369,user369@smartcart.ai,pbkdf2:sha256:600000$saltXYZ$hashedvalue,Priya Singh 369,51,Male,Chennai,Maharashtra,"Fashion,Home & Kitchen,Health,Grocery",2024-01-04,False,True
U00370,user00370,user370@smartcart.ai,pbkdf2:sha256:600000$saltXYZ$hashedvalue,Vijay Kumar 370,28,Male,Chandigarh,Delhi,"Toys,Electronics,Automotive,Home & Kitchen",2023-06-15,False,True
U00371,user00371,user371@smartcart.ai,pbkdf2:sha256:600000$saltXYZ$hashedvalue,Vijay Kumar 371,65,Other,Lucknow,Punjab,"Beauty,Books,Fashion",2025-09-17,False,False
U00372,user00372,user372@smartcart.ai,pbkdf2:sha256:600000$saltXYZ$hashedvalue,Amit Patel 372,55,Male,Chennai,UP,"Automotive,Sports,Electronics,Toys",2023-08-13,False,True
U00373,user00373,user373@smartcart.ai,pbkdf2:sha256:600000$saltXYZ$hashedvalue,Pooja Pillai 373,65,Other,Chandigarh,West Bengal,"Automotive,Grocery",2023-10-11,False,True
U00374,user00374,user374@smartcart.ai,pbkdf2:sha256:600000$saltXYZ$hashedvalue,Sneha Gupta 374,25,Other,Ahmedabad,Punjab,"Automotive,Fashion,Health,Electronics",2025-02-05,False,True
U00375,user00375,user375@smartcart.ai,pbkdf2:sha256:600000$saltXYZ$hashedvalue,Deepika Nair 375,53,Other,Pune,West Bengal,"Fashion,Electronics",2023-12-07,False,True
U00376,user00376,user376@smartcart.ai,pbkdf2:sha256:600000$saltXYZ$hashedvalue,Priya Singh 376,26,Female,Bangalore,Telangana,Automotive,2025-05-12,False,True
U00377,user00377,user377@smartcart.ai,pbkdf2:sha256:600000$saltXYZ$hashedvalue,Rahul Sharma 377,27,Other,Kolkata,Karnataka,"Health,Automotive,Grocery",2025-07-10,False,True
U00378,user00378,user378@smartcart.ai,pbkdf2:sha256:600000$saltXYZ$hashedvalue,Ananya Joshi 378,50,Male,Kolkata,Punjab,"Books,Electronics,Home & Kitchen",2026-01-16,False,True
U00379,user00379,user379@smartcart.ai,pbkdf2:sha256:600000$saltXYZ$hashedvalue,Sneha Gupta 379,22,Other,Pune,Telangana,Books,2025-03-08,False,True
U00380,user00380,user380@smartcart.ai,pbkdf2:sha256:600000$saltXYZ$hashedvalue,Rahul Sharma 380,31,Female,Surat,Gujarat,Books,2024-07-03,False,True
U00381,user00381,user381@smartcart.ai,pbkdf2:sha256:600000$saltXYZ$hashedvalue,Pooja Pillai 381,24,Female,Chandigarh,Gujarat,"Fashion,Sports,Electronics",2024-10-11,False,True
U00382,user00382,user382@smartcart.ai,pbkdf2:sha256:600000$saltXYZ$hashedvalue,Ananya Joshi 382,58,Male,Ahmedabad,UP,Electronics,2024-01-03,False,True
U00383,user00383,user383@smartcart.ai,pbkdf2:sha256:600000$saltXYZ$hashedvalue,Sneha Gupta 383,31,Male,Kolkata,UP,"Beauty,Toys,Home & Kitchen",2025-10-16,False,True
U00384,user00384,user384@smartcart.ai,pbkdf2:sha256:600000$saltXYZ$hashedvalue,Priya Singh 384,30,Female,Delhi,UP,"Electronics,Books,Home & Kitchen",2024-10-21,False,True
U00385,user00385,user385@smartcart.ai,pbkdf2:sha256:600000$saltXYZ$hashedvalue,Sneha Gupta 385,40,Female,Mumbai,Maharashtra,Grocery,2025-12-02,False,True
U00386,user00386,user386@smartcart.ai,pbkdf2:sha256:600000$saltXYZ$hashedvalue,Karan Mehta 386,65,Other,Delhi,Gujarat,"Fashion,Automotive,Grocery",2023-06-15,False,True
U00387,user00387,user387@smartcart.ai,pbkdf2:sha256:600000$saltXYZ$hashedvalue,Priya Singh 387,59,Other,Hyderabad,West Bengal,"Books,Fashion,Sports,Beauty",2023-12-02,False,True
U00388,user00388,user388@smartcart.ai,pbkdf2:sha256:600000$saltXYZ$hashedvalue,Priya Singh 388,21,Female,Ahmedabad,Rajasthan,"Beauty,Books,Fashion,Toys",2024-07-23,False,True
U00389,user00389,user389@smartcart.ai,pbkdf2:sha256:600000$saltXYZ$hashedvalue,Rahul Sharma 389,60,Male,Ahmedabad,Delhi,Electronics,2024-02-10,False,True
U00390,user00390,user390@smartcart.ai,pbkdf2:sha256:600000$saltXYZ$hashedvalue,Sneha Gupta 390,51,Female,Bangalore,Gujarat,"Home & Kitchen,Automotive,Health,Sports",2023-07-28,False,True
U00391,user00391,user391@smartcart.ai,pbkdf2:sha256:600000$saltXYZ$hashedvalue,Ananya Joshi 391,50,Other,Pune,Rajasthan,Home & Kitchen,2025-05-23,False,True
U00392,user00392,user392@smartcart.ai,pbkdf2:sha256:600000$saltXYZ$hashedvalue,Vijay Kumar 392,56,Female,Jaipur,West Bengal,"Electronics,Books,Sports,Automotive",2023-10-10,False,True
U00393,user00393,user393@smartcart.ai,pbkdf2:sha256:600000$saltXYZ$hashedvalue,Vijay Kumar 393,50,Female,Chandigarh,UP,Health,2025-03-13,False,True
U00394,user00394,user394@smartcart.ai,pbkdf2:sha256:600000$saltXYZ$hashedvalue,Karan Mehta 394,60,Male,Kolkata,UP,"Electronics,Beauty",2023-10-14,False,True
U00395,user00395,user395@smartcart.ai,pbkdf2:sha256:600000$saltXYZ$hashedvalue,Rahul Sharma 395,35,Male,Ahmedabad,West Bengal,"Grocery,Fashion,Automotive,Health",2023-09-20,False,True
U00396,user00396,user396@smartcart.ai,pbkdf2:sha256:600000$saltXYZ$hashedvalue,Priya Singh 396,42,Male,Chennai,Delhi,"Automotive,Health,Fashion,Toys",2025-02-08,False,True
U00397,user00397,user397@smartcart.ai,pbkdf2:sha256:600000$saltXYZ$hashedvalue,Pooja Pillai 397,20,Male,Lucknow,Gujarat,"Beauty,Toys,Automotive",2024-06-15,False,True
U00398,user00398,user398@smartcart.ai,pbkdf2:sha256:600000$saltXYZ$hashedvalue,Rahul Sharma 398,19,Female,Chandigarh,Delhi,"Electronics,Automotive",2025-12-01,False,True
U00399,user00399,user399@smartcart.ai,pbkdf2:sha256:600000$saltXYZ$hashedvalue,Amit Patel 399,36,Male,Bangalore,Rajasthan,"Health,Toys,Electronics",2025-10-10,False,True
U00400,user00400,user400@smartcart.ai,pbkdf2:sha256:600000$saltXYZ$hashedvalue,Sneha Gupta 400,37,Other,Pune,Tamil Nadu,"Automotive,Fashion,Electronics,Sports",2023-07-24,False,True
U00401,user00401,user401@smartcart.ai,pbkdf2:sha256:600000$saltXYZ$hashedvalue,Karan Mehta 401,48,Female,Surat,UP,"Fashion,Sports,Grocery,Toys",2025-10-19,False,True
U00402,user00402,user402@smartcart.ai,pbkdf2:sha256:600000$saltXYZ$hashedvalue,Rahul Sharma 402,62,Other,Chennai,Gujarat,Electronics,2025-09-18,False,True
U00403,user00403,user403@smartcart.ai,pbkdf2:sha256:600000$saltXYZ$hashedvalue,Karan Mehta 403,64,Female,Chennai,Gujarat,"Beauty,Sports,Toys,Fashion",2024-08-15,False,True
U00404,user00404,user404@smartcart.ai,pbkdf2:sha256:600000$saltXYZ$hashedvalue,Karan Mehta 404,24,Female,Lucknow,Tamil Nadu,"Automotive,Books",2023-12-28,False,True
U00405,user00405,user405@smartcart.ai,pbkdf2:sha256:600000$saltXYZ$hashedvalue,Ananya Joshi 405,61,Female,Bangalore,Punjab,"Sports,Electronics,Grocery",2025-09-09,False,True
U00406,user00406,user406@smartcart.ai,pbkdf2:sha256:600000$saltXYZ$hashedvalue,Pooja Pillai 406,65,Male,Jaipur,Punjab,Toys,2025-06-03,False,True
U00407,user00407,user407@smartcart.ai,pbkdf2:sha256:600000$saltXYZ$hashedvalue,Amit Patel 407,56,Male,Jaipur,Karnataka,"Fashion,Sports",2025-12-13,False,True
U00408,user00408,user408@smartcart.ai,pbkdf2:sha256:600000$saltXYZ$hashedvalue,Rahul Sharma 408,36,Other,Kolkata,West Bengal,"Fashion,Beauty,Toys,Electronics",2025-07-04,False,True
U00409,user00409,user409@smartcart.ai,pbkdf2:sha256:600000$saltXYZ$hashedvalue,Karan Mehta 409,45,Other,Ahmedabad,Delhi,"Beauty,Health,Toys",2024-05-27,False,False
U00410,user00410,user410@smartcart.ai,pbkdf2:sha256:600000$saltXYZ$hashedvalue,Karan Mehta 410,46,Female,Pune,Rajasthan,Beauty,2023-11-10,False,True
U00411,user00411,user411@smartcart.ai,pbkdf2:sha256:600000$saltXYZ$hashedvalue,Deepika Nair 411,26,Male,Kolkata,Telangana,"Sports,Automotive,Books,Electronics",2025-08-07,False,True
U00412,user00412,user412@smartcart.ai,pbkdf2:sha256:600000$saltXYZ$hashedvalue,Deepika Nair 412,45,Female,Delhi,Telangana,"Home & Kitchen,Books,Beauty,Electronics",2025-08-31,False,True
U00413,user00413,user413@smartcart.ai,pbkdf2:sha256:600000$saltXYZ$hashedvalue,Rohit Verma 413,28,Other,Chandigarh,Karnataka,"Sports,Automotive",2024-07-27,False,True
U00414,user00414,user414@smartcart.ai,pbkdf2:sha256:600000$saltXYZ$hashedvalue,Rohit Verma 414,25,Other,Pune,Karnataka,"Grocery,Fashion,Automotive,Toys",2024-12-28,False,True
U00415,user00415,user415@smartcart.ai,pbkdf2:sha256:600000$saltXYZ$hashedvalue,Priya Singh 415,64,Female,Kolkata,Gujarat,"Books,Beauty",2024-04-16,False,True
U00416,user00416,user416@smartcart.ai,pbkdf2:sha256:600000$saltXYZ$hashedvalue,Ananya Joshi 416,30,Male,Ahmedabad,Rajasthan,"Books,Beauty",2025-11-12,False,True
U00417,user00417,user417@smartcart.ai,pbkdf2:sha256:600000$saltXYZ$hashedvalue,Pooja Pillai 417,36,Male,Chennai,West Bengal,Health,2023-08-26,False,True
U00418,user00418,user418@smartcart.ai,pbkdf2:sha256:600000$saltXYZ$hashedvalue,Deepika Nair 418,50,Female,Delhi,Telangana,"Books,Automotive,Beauty",2025-04-22,False,True
U00419,user00419,user419@smartcart.ai,pbkdf2:sha256:600000$saltXYZ$hashedvalue,Rohit Verma 419,42,Female,Hyderabad,Gujarat,Health,2023-06-17,False,True
U00420,user00420,user420@smartcart.ai,pbkdf2:sha256:600000$saltXYZ$hashedvalue,Sneha Gupta 420,44,Female,Surat,Telangana,"Books,Beauty",2024-05-22,False,True
U00421,user00421,user421@smartcart.ai,pbkdf2:sha256:600000$saltXYZ$hashedvalue,Vijay Kumar 421,27,Male,Chennai,Delhi,"Sports,Electronics,Fashion",2023-09-18,False,True
U00422,user00422,user422@smartcart.ai,pbkdf2:sha256:600000$saltXYZ$hashedvalue,Ananya Joshi 422,51,Male,Chennai,Punjab,"Home & Kitchen,Grocery,Fashion,Sports",2024-01-12,False,True
U00423,user00423,user423@smartcart.ai,pbkdf2:sha256:600000$saltXYZ$hashedvalue,Amit Patel 423,31,Other,Kolkata,Telangana,"Toys,Fashion,Grocery",2024-07-14,False,True
U00424,user00424,user424@smartcart.ai,pbkdf2:sha256:600000$saltXYZ$hashedvalue,Rohit Verma 424,34,Other,Mumbai,Delhi,"Toys,Health",2025-07-24,False,True
U00425,user00425,user425@smartcart.ai,pbkdf2:sha256:600000$saltXYZ$hashedvalue,Karan Mehta 425,63,Other,Chennai,Tamil Nadu,"Electronics,Toys,Automotive,Health",2025-04-13,False,True
U00426,user00426,user426@smartcart.ai,pbkdf2:sha256:600000$saltXYZ$hashedvalue,Ananya Joshi 426,56,Female,Chandigarh,Rajasthan,"Home & Kitchen,Beauty,Books",2024-12-05,False,True
U00427,user00427,user427@smartcart.ai,pbkdf2:sha256:600000$saltXYZ$hashedvalue,Deepika Nair 427,55,Other,Mumbai,Rajasthan,"Electronics,Automotive",2025-10-29,False,True
U00428,user00428,user428@smartcart.ai,pbkdf2:sha256:600000$saltXYZ$hashedvalue,Ananya Joshi 428,48,Other,Jaipur,Gujarat,"Books,Electronics",2023-09-28,False,True
U00429,user00429,user429@smartcart.ai,pbkdf2:sha256:600000$saltXYZ$hashedvalue,Vijay Kumar 429,39,Other,Lucknow,Punjab,"Electronics,Beauty",2025-10-07,False,True
U00430,user00430,user430@smartcart.ai,pbkdf2:sha256:600000$saltXYZ$hashedvalue,Amit Patel 430,29,Male,Kolkata,Tamil Nadu,"Electronics,Grocery,Fashion,Home & Kitchen",2025-04-06,False,True
U00431,user00431,user431@smartcart.ai,pbkdf2:sha256:600000$saltXYZ$hashedvalue,Priya Singh 431,42,Other,Ahmedabad,Gujarat,"Home & Kitchen,Beauty,Grocery",2024-09-24,False,True
U00432,user00432,user432@smartcart.ai,pbkdf2:sha256:600000$saltXYZ$hashedvalue,Vijay Kumar 432,23,Female,Ahmedabad,Telangana,Automotive,2024-02-28,False,True
U00433,user00433,user433@smartcart.ai,pbkdf2:sha256:600000$saltXYZ$hashedvalue,Priya Singh 433,45,Other,Hyderabad,West Bengal,"Health,Books,Beauty",2025-01-05,False,True
U00434,user00434,user434@smartcart.ai,pbkdf2:sha256:600000$saltXYZ$hashedvalue,Rahul Sharma 434,33,Other,Ahmedabad,Telangana,"Fashion,Toys,Sports,Home & Kitchen",2024-05-12,False,True
U00435,user00435,user435@smartcart.ai,pbkdf2:sha256:600000$saltXYZ$hashedvalue,Pooja Pillai 435,19,Male,Mumbai,Maharashtra,"Books,Health,Fashion",2023-12-11,False,True
U00436,user00436,user436@smartcart.ai,pbkdf2:sha256:600000$saltXYZ$hashedvalue,Rahul Sharma 436,47,Other,Chandigarh,UP,"Automotive,Fashion,Sports",2023-10-19,False,True
U00437,user00437,user437@smartcart.ai,pbkdf2:sha256:600000$saltXYZ$hashedvalue,Ananya Joshi 437,61,Male,Surat,Maharashtra,Grocery,2024-10-09,False,True
U00438,user00438,user438@smartcart.ai,pbkdf2:sha256:600000$saltXYZ$hashedvalue,Sneha Gupta 438,51,Male,Ahmedabad,Punjab,"Automotive,Beauty,Grocery,Health",2026-02-26,False,True
U00439,user00439,user439@smartcart.ai,pbkdf2:sha256:600000$saltXYZ$hashedvalue,Rohit Verma 439,34,Female,Mumbai,Gujarat,"Grocery,Electronics,Automotive,Home & Kitchen",2025-07-01,False,True
U00440,user00440,user440@smartcart.ai,pbkdf2:sha256:600000$saltXYZ$hashedvalue,Amit Patel 440,47,Other,Kolkata,Punjab,"Health,Beauty,Books",2024-09-04,False,True
U00441,user00441,user441@smartcart.ai,pbkdf2:sha256:600000$saltXYZ$hashedvalue,Priya Singh 441,21,Female,Hyderabad,Telangana,"Electronics,Books",2025-05-05,False,True
U00442,user00442,user442@smartcart.ai,pbkdf2:sha256:600000$saltXYZ$hashedvalue,Rohit Verma 442,25,Other,Hyderabad,Maharashtra,Automotive,2024-09-27,False,True
U00443,user00443,user443@smartcart.ai,pbkdf2:sha256:600000$saltXYZ$hashedvalue,Rohit Verma 443,43,Other,Hyderabad,Karnataka,"Books,Beauty",2023-12-01,False,False
U00444,user00444,user444@smartcart.ai,pbkdf2:sha256:600000$saltXYZ$hashedvalue,Sneha Gupta 444,62,Other,Chandigarh,Punjab,"Home & Kitchen,Sports,Grocery,Health",2024-09-14,False,True
U00445,user00445,user445@smartcart.ai,pbkdf2:sha256:600000$saltXYZ$hashedvalue,Amit Patel 445,57,Female,Jaipur,Gujarat,Home & Kitchen,2023-12-24,False,True
U00446,user00446,user446@smartcart.ai,pbkdf2:sha256:600000$saltXYZ$hashedvalue,Vijay Kumar 446,28,Female,Ahmedabad,Karnataka,"Books,Grocery,Fashion",2024-09-04,False,False
U00447,user00447,user447@smartcart.ai,pbkdf2:sha256:600000$saltXYZ$hashedvalue,Amit Patel 447,53,Other,Kolkata,UP,"Fashion,Automotive",2025-05-28,False,True
U00448,user00448,user448@smartcart.ai,pbkdf2:sha256:600000$saltXYZ$hashedvalue,Priya Singh 448,38,Female,Hyderabad,Maharashtra,Sports,2026-03-28,False,True
U00449,user00449,user449@smartcart.ai,pbkdf2:sha256:600000$saltXYZ$hashedvalue,Amit Patel 449,62,Other,Pune,Maharashtra,"Electronics,Health",2024-01-29,False,True
U00450,user00450,user450@smartcart.ai,pbkdf2:sha256:600000$saltXYZ$hashedvalue,Vijay Kumar 450,42,Female,Chandigarh,Delhi,"Books,Fashion,Health,Home & Kitchen",2026-02-17,False,True
U00451,user00451,user451@smartcart.ai,pbkdf2:sha256:600000$saltXYZ$hashedvalue,Vijay Kumar 451,63,Other,Pune,UP,"Home & Kitchen,Toys,Fashion,Electronics",2025-10-03,False,True
U00452,user00452,user452@smartcart.ai,pbkdf2:sha256:600000$saltXYZ$hashedvalue,Vijay Kumar 452,22,Female,Pune,Delhi,"Sports,Electronics,Toys,Home & Kitchen",2023-11-15,False,True
U00453,user00453,user453@smartcart.ai,pbkdf2:sha256:600000$saltXYZ$hashedvalue,Priya Singh 453,23,Female,Chandigarh,Maharashtra,Health,2026-01-09,False,True
U00454,user00454,user454@smartcart.ai,pbkdf2:sha256:600000$saltXYZ$hashedvalue,Vijay Kumar 454,53,Female,Chennai,Punjab,"Fashion,Books",2024-07-16,False,True
U00455,user00455,user455@smartcart.ai,pbkdf2:sha256:600000$saltXYZ$hashedvalue,Deepika Nair 455,23,Other,Ahmedabad,Punjab,"Books,Toys,Beauty",2024-06-23,False,True
U00456,user00456,user456@smartcart.ai,pbkdf2:sha256:600000$saltXYZ$hashedvalue,Sneha Gupta 456,27,Female,Chennai,Tamil Nadu,"Health,Fashion,Electronics,Automotive",2024-05-22,False,True
U00457,user00457,user457@smartcart.ai,pbkdf2:sha256:600000$saltXYZ$hashedvalue,Amit Patel 457,64,Other,Bangalore,UP,"Beauty,Home & Kitchen,Automotive,Toys",2024-01-20,False,True
U00458,user00458,user458@smartcart.ai,pbkdf2:sha256:600000$saltXYZ$hashedvalue,Rohit Verma 458,24,Male,Lucknow,Delhi,"Home & Kitchen,Sports",2025-02-02,False,False
U00459,user00459,user459@smartcart.ai,pbkdf2:sha256:600000$saltXYZ$hashedvalue,Vijay Kumar 459,54,Other,Lucknow,UP,"Toys,Sports,Automotive",2025-10-31,False,True
U00460,user00460,user460@smartcart.ai,pbkdf2:sha256:600000$saltXYZ$hashedvalue,Amit Patel 460,29,Other,Mumbai,Gujarat,Electronics,2024-11-21,False,True
U00461,user00461,user461@smartcart.ai,pbkdf2:sha256:600000$saltXYZ$hashedvalue,Karan Mehta 461,40,Other,Surat,Karnataka,"Automotive,Health,Fashion",2024-04-30,False,True
U00462,user00462,user462@smartcart.ai,pbkdf2:sha256:600000$saltXYZ$hashedvalue,Karan Mehta 462,64,Male,Surat,Karnataka,"Home & Kitchen,Fashion",2024-11-10,False,True
U00463,user00463,user463@smartcart.ai,pbkdf2:sha256:600000$saltXYZ$hashedvalue,Vijay Kumar 463,51,Female,Chandigarh,Gujarat,"Sports,Fashion,Grocery,Toys",2024-12-27,False,True
U00464,user00464,user464@smartcart.ai,pbkdf2:sha256:600000$saltXYZ$hashedvalue,Vijay Kumar 464,24,Male,Jaipur,West Bengal,"Automotive,Books,Sports,Health",2025-10-05,False,True
U00465,user00465,user465@smartcart.ai,pbkdf2:sha256:600000$saltXYZ$hashedvalue,Vijay Kumar 465,40,Male,Hyderabad,Tamil Nadu,"Beauty,Home & Kitchen,Sports",2025-01-11,False,True
U00466,user00466,user466@smartcart.ai,pbkdf2:sha256:600000$saltXYZ$hashedvalue,Karan Mehta 466,50,Male,Delhi,Gujarat,Automotive,2025-02-26,False,True
U00467,user00467,user467@smartcart.ai,pbkdf2:sha256:600000$saltXYZ$hashedvalue,Pooja Pillai 467,48,Male,Mumbai,Telangana,Automotive,2024-06-10,False,True
U00468,user00468,user468@smartcart.ai,pbkdf2:sha256:600000$saltXYZ$hashedvalue,Priya Singh 468,65,Female,Pune,Gujarat,"Fashion,Sports,Toys",2024-03-28,False,True
U00469,user00469,user469@smartcart.ai,pbkdf2:sha256:600000$saltXYZ$hashedvalue,Rahul Sharma 469,49,Female,Lucknow,West Bengal,"Books,Fashion",2024-09-04,False,True
U00470,user00470,user470@smartcart.ai,pbkdf2:sha256:600000$saltXYZ$hashedvalue,Deepika Nair 470,45,Male,Delhi,Maharashtra,"Home & Kitchen,Beauty",2025-11-01,False,True
U00471,user00471,user471@smartcart.ai,pbkdf2:sha256:600000$saltXYZ$hashedvalue,Karan Mehta 471,35,Other,Hyderabad,Delhi,"Home & Kitchen,Toys",2023-10-10,False,True
U00472,user00472,user472@smartcart.ai,pbkdf2:sha256:600000$saltXYZ$hashedvalue,Deepika Nair 472,60,Other,Surat,Tamil Nadu,"Automotive,Beauty",2023-06-07,False,True
U00473,user00473,user473@smartcart.ai,pbkdf2:sha256:600000$saltXYZ$hashedvalue,Amit Patel 473,49,Male,Lucknow,Rajasthan,"Electronics,Fashion,Toys,Beauty",2024-12-15,False,True
U00474,user00474,user474@smartcart.ai,pbkdf2:sha256:600000$saltXYZ$hashedvalue,Vijay Kumar 474,32,Female,Kolkata,Rajasthan,Fashion,2025-08-07,False,True
U00475,user00475,user475@smartcart.ai,pbkdf2:sha256:600000$saltXYZ$hashedvalue,Deepika Nair 475,37,Female,Chennai,Delhi,"Sports,Electronics,Toys,Fashion",2025-09-24,False,True
U00476,user00476,user476@smartcart.ai,pbkdf2:sha256:600000$saltXYZ$hashedvalue,Deepika Nair 476,33,Other,Jaipur,Delhi,"Beauty,Toys,Health",2024-07-28,False,True
U00477,user00477,user477@smartcart.ai,pbkdf2:sha256:600000$saltXYZ$hashedvalue,Priya Singh 477,49,Female,Bangalore,UP,Sports,2025-06-06,False,True
U00478,user00478,user478@smartcart.ai,pbkdf2:sha256:600000$saltXYZ$hashedvalue,Rahul Sharma 478,46,Other,Jaipur,Karnataka,"Books,Electronics,Grocery,Toys",2025-06-16,False,True
U00479,user00479,user479@smartcart.ai,pbkdf2:sha256:600000$saltXYZ$hashedvalue,Rahul Sharma 479,47,Male,Pune,Tamil Nadu,"Home & Kitchen,Electronics,Health",2023-11-27,False,True
U00480,user00480,user480@smartcart.ai,pbkdf2:sha256:600000$saltXYZ$hashedvalue,Vijay Kumar 480,58,Other,Kolkata,Maharashtra,"Electronics,Automotive,Beauty,Health",2024-08-22,False,True
U00481,user00481,user481@smartcart.ai,pbkdf2:sha256:600000$saltXYZ$hashedvalue,Amit Patel 481,23,Male,Chennai,Delhi,"Beauty,Books,Automotive",2025-09-09,False,True
U00482,user00482,user482@smartcart.ai,pbkdf2:sha256:600000$saltXYZ$hashedvalue,Ananya Joshi 482,33,Other,Mumbai,West Bengal,"Electronics,Home & Kitchen",2025-05-29,False,True
U00483,user00483,user483@smartcart.ai,pbkdf2:sha256:600000$saltXYZ$hashedvalue,Deepika Nair 483,56,Female,Hyderabad,Telangana,"Health,Fashion",2025-05-02,False,False
U00484,user00484,user484@smartcart.ai,pbkdf2:sha256:600000$saltXYZ$hashedvalue,Pooja Pillai 484,64,Other,Bangalore,Tamil Nadu,"Fashion,Grocery,Electronics,Health",2024-04-07,False,True
U00485,user00485,user485@smartcart.ai,pbkdf2:sha256:600000$saltXYZ$hashedvalue,Rahul Sharma 485,48,Male,Surat,Punjab,"Fashion,Toys",2024-11-14,False,True
U00486,user00486,user486@smartcart.ai,pbkdf2:sha256:600000$saltXYZ$hashedvalue,Karan Mehta 486,19,Male,Pune,Maharashtra,Sports,2025-01-30,False,True
U00487,user00487,user487@smartcart.ai,pbkdf2:sha256:600000$saltXYZ$hashedvalue,Amit Patel 487,51,Female,Surat,Delhi,"Fashion,Books,Home & Kitchen",2023-08-06,False,False
U00488,user00488,user488@smartcart.ai,pbkdf2:sha256:600000$saltXYZ$hashedvalue,Sneha Gupta 488,56,Male,Ahmedabad,Punjab,"Electronics,Books",2025-08-01,False,True
U00489,user00489,user489@smartcart.ai,pbkdf2:sha256:600000$saltXYZ$hashedvalue,Priya Singh 489,25,Male,Surat,Tamil Nadu,"Automotive,Health,Fashion,Toys",2025-04-18,False,True
U00490,user00490,user490@smartcart.ai,pbkdf2:sha256:600000$saltXYZ$hashedvalue,Ananya Joshi 490,42,Female,Chandigarh,UP,"Beauty,Grocery",2025-06-17,False,True
U00491,user00491,user491@smartcart.ai,pbkdf2:sha256:600000$saltXYZ$hashedvalue,Priya Singh 491,29,Other,Chennai,UP,"Health,Grocery",2024-06-07,False,True
U00492,user00492,user492@smartcart.ai,pbkdf2:sha256:600000$saltXYZ$hashedvalue,Pooja Pillai 492,51,Other,Kolkata,Telangana,"Fashion,Sports,Automotive,Grocery",2023-11-09,False,True
U00493,user00493,user493@smartcart.ai,pbkdf2:sha256:600000$saltXYZ$hashedvalue,Karan Mehta 493,54,Other,Bangalore,Tamil Nadu,"Toys,Electronics,Fashion,Books",2024-08-05,False,True
U00494,user00494,user494@smartcart.ai,pbkdf2:sha256:600000$saltXYZ$hashedvalue,Sneha Gupta 494,31,Female,Jaipur,Maharashtra,"Automotive,Electronics,Grocery",2025-07-03,False,True
U00495,user00495,user495@smartcart.ai,pbkdf2:sha256:600000$saltXYZ$hashedvalue,Sneha Gupta 495,24,Other,Bangalore,Karnataka,"Automotive,Books,Beauty,Electronics",2025-07-09,False,True
U00496,user00496,user496@smartcart.ai,pbkdf2:sha256:600000$saltXYZ$hashedvalue,Vijay Kumar 496,65,Other,Bangalore,Rajasthan,"Books,Sports,Automotive,Fashion",2025-12-13,False,True
U00497,user00497,user497@smartcart.ai,pbkdf2:sha256:600000$saltXYZ$hashedvalue,Karan Mehta 497,63,Other,Mumbai,Punjab,Grocery,2025-03-17,False,True
U00498,user00498,user498@smartcart.ai,pbkdf2:sha256:600000$saltXYZ$hashedvalue,Karan Mehta 498,54,Other,Mumbai,UP,"Automotive,Grocery",2026-03-13,False,False
U00499,user00499,user499@smartcart.ai,pbkdf2:sha256:600000$saltXYZ$hashedvalue,Deepika Nair 499,43,Male,Pune,Punjab,"Home & Kitchen,Fashion,Sports,Grocery",2025-04-19,False,True
U00500,user00500,user500@smartcart.ai,pbkdf2:sha256:600000$saltXYZ$hashedvalue,Priya Singh 500,62,Female,Bangalore,Rajasthan,Health,2024-09-09,False,True
U00501,user00501,user501@smartcart.ai,pbkdf2:sha256:600000$saltXYZ$hashedvalue,Karan Mehta 501,62,Female,Pune,UP,"Toys,Books",2025-03-04,False,True
U00502,user00502,user502@smartcart.ai,pbkdf2:sha256:600000$saltXYZ$hashedvalue,Priya Singh 502,56,Other,Lucknow,Tamil Nadu,"Books,Automotive",2025-05-01,False,True
U00503,user00503,user503@smartcart.ai,pbkdf2:sha256:600000$saltXYZ$hashedvalue,Vijay Kumar 503,42,Female,Mumbai,Punjab,"Grocery,Books",2025-07-22,False,True
U00504,user00504,user504@smartcart.ai,pbkdf2:sha256:600000$saltXYZ$hashedvalue,Rohit Verma 504,28,Male,Lucknow,Delhi,"Beauty,Electronics,Toys",2023-07-07,False,True
U00505,user00505,user505@smartcart.ai,pbkdf2:sha256:600000$saltXYZ$hashedvalue,Amit Patel 505,19,Male,Chandigarh,West Bengal,"Electronics,Books,Home & Kitchen,Health",2024-08-07,False,True
U00506,user00506,user506@smartcart.ai,pbkdf2:sha256:600000$saltXYZ$hashedvalue,Karan Mehta 506,38,Female,Hyderabad,Punjab,"Health,Electronics,Toys,Home & Kitchen",2025-05-18,False,True
U00507,user00507,user507@smartcart.ai,pbkdf2:sha256:600000$saltXYZ$hashedvalue,Amit Patel 507,21,Female,Chennai,West Bengal,Sports,2025-10-23,False,True
U00508,user00508,user508@smartcart.ai,pbkdf2:sha256:600000$saltXYZ$hashedvalue,Vijay Kumar 508,41,Female,Kolkata,UP,"Sports,Beauty,Grocery",2023-09-28,False,True
U00509,user00509,user509@smartcart.ai,pbkdf2:sha256:600000$saltXYZ$hashedvalue,Rahul Sharma 509,53,Male,Pune,Maharashtra,Sports,2024-04-25,False,True
U00510,user00510,user510@smartcart.ai,pbkdf2:sha256:600000$saltXYZ$hashedvalue,Ananya Joshi 510,35,Male,Jaipur,Rajasthan,"Books,Fashion",2024-06-26,False,True
U00511,user00511,user511@smartcart.ai,pbkdf2:sha256:600000$saltXYZ$hashedvalue,Pooja Pillai 511,51,Male,Lucknow,Karnataka,"Sports,Home & Kitchen",2024-11-11,False,True
U00512,user00512,user512@smartcart.ai,pbkdf2:sha256:600000$saltXYZ$hashedvalue,Sneha Gupta 512,52,Female,Kolkata,UP,Toys,2026-02-20,False,True
U00513,user00513,user513@smartcart.ai,pbkdf2:sha256:600000$saltXYZ$hashedvalue,Rahul Sharma 513,47,Other,Hyderabad,Rajasthan,Health,2024-04-30,False,True
U00514,user00514,user514@smartcart.ai,pbkdf2:sha256:600000$saltXYZ$hashedvalue,Pooja Pillai 514,55,Male,Pune,Gujarat,"Toys,Fashion,Beauty",2023-09-03,False,True
U00515,user00515,user515@smartcart.ai,pbkdf2:sha256:600000$saltXYZ$hashedvalue,Deepika Nair 515,51,Other,Hyderabad,Maharashtra,"Toys,Health",2023-07-26,False,True
U00516,user00516,user516@smartcart.ai,pbkdf2:sha256:600000$saltXYZ$hashedvalue,Ananya Joshi 516,35,Male,Jaipur,West Bengal,"Books,Automotive,Electronics",2024-07-02,False,True
U00517,user00517,user517@smartcart.ai,pbkdf2:sha256:600000$saltXYZ$hashedvalue,Sneha Gupta 517,34,Male,Bangalore,UP,"Automotive,Health,Home & Kitchen",2023-08-26,False,True
U00518,user00518,user518@smartcart.ai,pbkdf2:sha256:600000$saltXYZ$hashedvalue,Rohit Verma 518,25,Female,Mumbai,West Bengal,"Electronics,Health,Home & Kitchen",2026-01-05,False,True
U00519,user00519,user519@smartcart.ai,pbkdf2:sha256:600000$saltXYZ$hashedvalue,Deepika Nair 519,44,Female,Jaipur,Karnataka,Grocery,2025-06-29,False,True
U00520,user00520,user520@smartcart.ai,pbkdf2:sha256:600000$saltXYZ$hashedvalue,Ananya Joshi 520,52,Female,Ahmedabad,Telangana,"Automotive,Electronics",2024-05-28,False,True
U00521,user00521,user521@smartcart.ai,pbkdf2:sha256:600000$saltXYZ$hashedvalue,Rohit Verma 521,45,Other,Delhi,Rajasthan,Books,2026-04-16,False,True
U00522,user00522,user522@smartcart.ai,pbkdf2:sha256:600000$saltXYZ$hashedvalue,Priya Singh 522,58,Male,Ahmedabad,Delhi,"Automotive,Books",2023-07-19,False,True
U00523,user00523,user523@smartcart.ai,pbkdf2:sha256:600000$saltXYZ$hashedvalue,Rahul Sharma 523,19,Male,Ahmedabad,Tamil Nadu,"Books,Grocery,Health,Home & Kitchen",2024-09-17,False,True
U00524,user00524,user524@smartcart.ai,pbkdf2:sha256:600000$saltXYZ$hashedvalue,Priya Singh 524,34,Male,Ahmedabad,Karnataka,"Health,Automotive,Sports",2024-10-03,False,True
U00525,user00525,user525@smartcart.ai,pbkdf2:sha256:600000$saltXYZ$hashedvalue,Priya Singh 525,55,Male,Bangalore,West Bengal,"Automotive,Beauty",2026-02-18,False,True
U00526,user00526,user526@smartcart.ai,pbkdf2:sha256:600000$saltXYZ$hashedvalue,Amit Patel 526,48,Female,Chandigarh,Punjab,"Electronics,Toys,Health",2024-02-10,False,True
U00527,user00527,user527@smartcart.ai,pbkdf2:sha256:600000$saltXYZ$hashedvalue,Rohit Verma 527,33,Female,Mumbai,Tamil Nadu,"Health,Toys",2023-07-19,False,True
U00528,user00528,user528@smartcart.ai,pbkdf2:sha256:600000$saltXYZ$hashedvalue,Deepika Nair 528,24,Male,Bangalore,Tamil Nadu,"Books,Home & Kitchen,Automotive,Electronics",2025-02-19,False,True
U00529,user00529,user529@smartcart.ai,pbkdf2:sha256:600000$saltXYZ$hashedvalue,Deepika Nair 529,41,Male,Chandigarh,Rajasthan,"Electronics,Home & Kitchen,Toys,Grocery",2023-12-02,False,True
U00530,user00530,user530@smartcart.ai,pbkdf2:sha256:600000$saltXYZ$hashedvalue,Pooja Pillai 530,20,Male,Surat,West Bengal,Grocery,2025-10-30,False,True
U00531,user00531,user531@smartcart.ai,pbkdf2:sha256:600000$saltXYZ$hashedvalue,Priya Singh 531,43,Male,Hyderabad,Punjab,Fashion,2025-05-23,False,True
U00532,user00532,user532@smartcart.ai,pbkdf2:sha256:600000$saltXYZ$hashedvalue,Karan Mehta 532,39,Male,Mumbai,Tamil Nadu,Beauty,2024-03-07,False,True
U00533,user00533,user533@smartcart.ai,pbkdf2:sha256:600000$saltXYZ$hashedvalue,Sneha Gupta 533,37,Male,Hyderabad,Gujarat,Fashion,2025-02-22,False,True
U00534,user00534,user534@smartcart.ai,pbkdf2:sha256:600000$saltXYZ$hashedvalue,Priya Singh 534,30,Other,Pune,Punjab,"Grocery,Sports",2024-02-29,False,True
U00535,user00535,user535@smartcart.ai,pbkdf2:sha256:600000$saltXYZ$hashedvalue,Karan Mehta 535,27,Male,Bangalore,UP,"Grocery,Fashion",2024-05-06,False,True
U00536,user00536,user536@smartcart.ai,pbkdf2:sha256:600000$saltXYZ$hashedvalue,Priya Singh 536,35,Male,Kolkata,Punjab,"Sports,Grocery",2025-08-20,False,True
U00537,user00537,user537@smartcart.ai,pbkdf2:sha256:600000$saltXYZ$hashedvalue,Sneha Gupta 537,39,Male,Ahmedabad,Tamil Nadu,"Health,Beauty,Grocery",2025-06-11,False,True
U00538,user00538,user538@smartcart.ai,pbkdf2:sha256:600000$saltXYZ$hashedvalue,Vijay Kumar 538,56,Male,Ahmedabad,UP,"Fashion,Books",2025-11-15,False,True
U00539,user00539,user539@smartcart.ai,pbkdf2:sha256:600000$saltXYZ$hashedvalue,Ananya Joshi 539,58,Female,Kolkata,Maharashtra,"Health,Fashion,Grocery",2024-02-03,False,True
U00540,user00540,user540@smartcart.ai,pbkdf2:sha256:600000$saltXYZ$hashedvalue,Pooja Pillai 540,37,Male,Ahmedabad,Gujarat,"Beauty,Automotive,Home & Kitchen,Fashion",2025-09-28,False,True
U00541,user00541,user541@smartcart.ai,pbkdf2:sha256:600000$saltXYZ$hashedvalue,Rohit Verma 541,44,Female,Ahmedabad,Maharashtra,"Toys,Electronics",2025-11-02,False,True
U00542,user00542,user542@smartcart.ai,pbkdf2:sha256:600000$saltXYZ$hashedvalue,Rohit Verma 542,20,Female,Ahmedabad,Telangana,"Toys,Sports",2024-03-02,False,True
U00543,user00543,user543@smartcart.ai,pbkdf2:sha256:600000$saltXYZ$hashedvalue,Rahul Sharma 543,41,Female,Lucknow,UP,"Beauty,Sports",2025-10-30,False,True
U00544,user00544,user544@smartcart.ai,pbkdf2:sha256:600000$saltXYZ$hashedvalue,Rahul Sharma 544,38,Male,Lucknow,West Bengal,"Books,Grocery,Automotive,Fashion",2024-03-17,False,True
U00545,user00545,user545@smartcart.ai,pbkdf2:sha256:600000$saltXYZ$hashedvalue,Pooja Pillai 545,59,Male,Chandigarh,Punjab,Sports,2023-11-15,False,True
U00546,user00546,user546@smartcart.ai,pbkdf2:sha256:600000$saltXYZ$hashedvalue,Karan Mehta 546,51,Female,Delhi,Karnataka,"Grocery,Books,Electronics,Beauty",2023-05-12,False,True
U00547,user00547,user547@smartcart.ai,pbkdf2:sha256:600000$saltXYZ$hashedvalue,Karan Mehta 547,55,Other,Hyderabad,Tamil Nadu,"Grocery,Sports",2026-01-28,False,True
U00548,user00548,user548@smartcart.ai,pbkdf2:sha256:600000$saltXYZ$hashedvalue,Ananya Joshi 548,62,Female,Bangalore,West Bengal,"Electronics,Health,Books",2024-04-17,False,True
U00549,user00549,user549@smartcart.ai,pbkdf2:sha256:600000$saltXYZ$hashedvalue,Amit Patel 549,35,Female,Pune,Gujarat,"Automotive,Health,Books,Fashion",2024-07-05,False,True
U00550,user00550,user550@smartcart.ai,pbkdf2:sha256:600000$saltXYZ$hashedvalue,Karan Mehta 550,20,Female,Ahmedabad,Tamil Nadu,"Toys,Grocery,Books,Health",2023-09-16,False,True
U00551,user00551,user551@smartcart.ai,pbkdf2:sha256:600000$saltXYZ$hashedvalue,Karan Mehta 551,63,Other,Jaipur,UP,"Fashion,Grocery,Health,Beauty",2025-03-24,False,True
U00552,user00552,user552@smartcart.ai,pbkdf2:sha256:600000$saltXYZ$hashedvalue,Pooja Pillai 552,59,Male,Chennai,Karnataka,"Grocery,Health,Home & Kitchen,Fashion",2023-08-14,False,True
U00553,user00553,user553@smartcart.ai,pbkdf2:sha256:600000$saltXYZ$hashedvalue,Deepika Nair 553,27,Male,Bangalore,Tamil Nadu,"Health,Electronics",2023-09-22,False,True
U00554,user00554,user554@smartcart.ai,pbkdf2:sha256:600000$saltXYZ$hashedvalue,Karan Mehta 554,51,Male,Jaipur,West Bengal,Health,2024-04-28,False,True
U00555,user00555,user555@smartcart.ai,pbkdf2:sha256:600000$saltXYZ$hashedvalue,Deepika Nair 555,46,Female,Hyderabad,Gujarat,"Health,Toys,Fashion,Beauty",2026-02-05,False,True
U00556,user00556,user556@smartcart.ai,pbkdf2:sha256:600000$saltXYZ$hashedvalue,Pooja Pillai 556,29,Male,Mumbai,Punjab,"Electronics,Home & Kitchen",2024-09-07,False,True
U00557,user00557,user557@smartcart.ai,pbkdf2:sha256:600000$saltXYZ$hashedvalue,Ananya Joshi 557,20,Male,Hyderabad,Punjab,"Automotive,Grocery,Electronics,Sports",2025-01-09,False,True
U00558,user00558,user558@smartcart.ai,pbkdf2:sha256:600000$saltXYZ$hashedvalue,Priya Singh 558,43,Male,Bangalore,Karnataka,"Electronics,Health,Home & Kitchen,Books",2025-10-16,False,True
U00559,user00559,user559@smartcart.ai,pbkdf2:sha256:600000$saltXYZ$hashedvalue,Pooja Pillai 559,40,Male,Hyderabad,Tamil Nadu,"Health,Beauty",2025-12-19,False,True
U00560,user00560,user560@smartcart.ai,pbkdf2:sha256:600000$saltXYZ$hashedvalue,Vijay Kumar 560,43,Male,Mumbai,Delhi,"Beauty,Fashion,Toys",2023-11-13,False,False
U00561,user00561,user561@smartcart.ai,pbkdf2:sha256:600000$saltXYZ$hashedvalue,Amit Patel 561,52,Other,Lucknow,West Bengal,"Beauty,Automotive,Books,Electronics",2023-06-04,False,True
U00562,user00562,user562@smartcart.ai,pbkdf2:sha256:600000$saltXYZ$hashedvalue,Karan Mehta 562,44,Other,Hyderabad,Delhi,"Beauty,Electronics,Grocery,Health",2024-02-15,False,True
U00563,user00563,user563@smartcart.ai,pbkdf2:sha256:600000$saltXYZ$hashedvalue,Deepika Nair 563,33,Other,Pune,Gujarat,"Fashion,Grocery,Health",2024-09-18,False,True
U00564,user00564,user564@smartcart.ai,pbkdf2:sha256:600000$saltXYZ$hashedvalue,Amit Patel 564,37,Male,Hyderabad,Punjab,Electronics,2026-03-10,False,True
U00565,user00565,user565@smartcart.ai,pbkdf2:sha256:600000$saltXYZ$hashedvalue,Sneha Gupta 565,54,Male,Hyderabad,Maharashtra,Sports,2024-09-06,False,True
U00566,user00566,user566@smartcart.ai,pbkdf2:sha256:600000$saltXYZ$hashedvalue,Rohit Verma 566,25,Female,Kolkata,Punjab,"Beauty,Electronics",2025-01-31,False,True
U00567,user00567,user567@smartcart.ai,pbkdf2:sha256:600000$saltXYZ$hashedvalue,Rahul Sharma 567,21,Female,Pune,West Bengal,"Automotive,Home & Kitchen,Books,Beauty",2025-01-17,False,True
U00568,user00568,user568@smartcart.ai,pbkdf2:sha256:600000$saltXYZ$hashedvalue,Deepika Nair 568,56,Male,Mumbai,UP,"Automotive,Electronics",2023-08-21,False,True
U00569,user00569,user569@smartcart.ai,pbkdf2:sha256:600000$saltXYZ$hashedvalue,Pooja Pillai 569,44,Other,Ahmedabad,Karnataka,Electronics,2024-03-16,False,True
U00570,user00570,user570@smartcart.ai,pbkdf2:sha256:600000$saltXYZ$hashedvalue,Rohit Verma 570,60,Female,Bangalore,West Bengal,"Books,Toys",2025-01-03,False,True
U00571,user00571,user571@smartcart.ai,pbkdf2:sha256:600000$saltXYZ$hashedvalue,Karan Mehta 571,63,Male,Jaipur,West Bengal,"Electronics,Beauty,Home & Kitchen,Books",2024-01-29,False,True
U00572,user00572,user572@smartcart.ai,pbkdf2:sha256:600000$saltXYZ$hashedvalue,Deepika Nair 572,58,Male,Pune,Telangana,"Toys,Fashion,Sports,Health",2025-07-25,False,True
U00573,user00573,user573@smartcart.ai,pbkdf2:sha256:600000$saltXYZ$hashedvalue,Ananya Joshi 573,37,Male,Pune,Rajasthan,"Health,Home & Kitchen,Beauty",2024-12-24,False,True
U00574,user00574,user574@smartcart.ai,pbkdf2:sha256:600000$saltXYZ$hashedvalue,Rohit Verma 574,49,Female,Pune,Gujarat,"Automotive,Home & Kitchen,Sports",2026-02-24,False,True
U00575,user00575,user575@smartcart.ai,pbkdf2:sha256:600000$saltXYZ$hashedvalue,Vijay Kumar 575,24,Female,Jaipur,Rajasthan,"Health,Books",2024-02-14,False,True
U00576,user00576,user576@smartcart.ai,pbkdf2:sha256:600000$saltXYZ$hashedvalue,Ananya Joshi 576,41,Other,Lucknow,Tamil Nadu,"Automotive,Home & Kitchen,Fashion,Health",2024-04-23,False,False
U00577,user00577,user577@smartcart.ai,pbkdf2:sha256:600000$saltXYZ$hashedvalue,Deepika Nair 577,65,Male,Kolkata,Karnataka,"Automotive,Beauty,Sports,Books",2024-10-18,False,True
U00578,user00578,user578@smartcart.ai,pbkdf2:sha256:600000$saltXYZ$hashedvalue,Rahul Sharma 578,41,Female,Jaipur,Punjab,"Automotive,Sports,Home & Kitchen",2024-06-17,False,True
U00579,user00579,user579@smartcart.ai,pbkdf2:sha256:600000$saltXYZ$hashedvalue,Vijay Kumar 579,57,Female,Ahmedabad,Karnataka,"Health,Toys,Fashion,Sports",2025-09-29,False,True
U00580,user00580,user580@smartcart.ai,pbkdf2:sha256:600000$saltXYZ$hashedvalue,Sneha Gupta 580,52,Male,Pune,Maharashtra,"Books,Beauty",2026-03-20,False,True
U00581,user00581,user581@smartcart.ai,pbkdf2:sha256:600000$saltXYZ$hashedvalue,Ananya Joshi 581,51,Other,Pune,Tamil Nadu,"Automotive,Books,Beauty,Electronics",2025-12-05,False,True
U00582,user00582,user582@smartcart.ai,pbkdf2:sha256:600000$saltXYZ$hashedvalue,Sneha Gupta 582,59,Female,Surat,Tamil Nadu,"Beauty,Toys,Books,Sports",2024-05-12,False,True
U00583,user00583,user583@smartcart.ai,pbkdf2:sha256:600000$saltXYZ$hashedvalue,Rohit Verma 583,40,Male,Lucknow,Delhi,"Beauty,Health",2023-12-03,False,True
U00584,user00584,user584@smartcart.ai,pbkdf2:sha256:600000$saltXYZ$hashedvalue,Amit Patel 584,57,Male,Ahmedabad,Gujarat,"Books,Toys",2025-12-01,False,True
U00585,user00585,user585@smartcart.ai,pbkdf2:sha256:600000$saltXYZ$hashedvalue,Sneha Gupta 585,23,Female,Chennai,Telangana,"Electronics,Sports",2025-05-10,False,True
U00586,user00586,user586@smartcart.ai,pbkdf2:sha256:600000$saltXYZ$hashedvalue,Pooja Pillai 586,32,Other,Surat,Gujarat,"Automotive,Sports,Health,Grocery",2026-02-28,False,True
U00587,user00587,user587@smartcart.ai,pbkdf2:sha256:600000$saltXYZ$hashedvalue,Rahul Sharma 587,42,Other,Mumbai,Tamil Nadu,"Home & Kitchen,Toys",2025-02-19,False,True
U00588,user00588,user588@smartcart.ai,pbkdf2:sha256:600000$saltXYZ$hashedvalue,Priya Singh 588,62,Other,Hyderabad,Rajasthan,"Toys,Home & Kitchen,Beauty,Fashion",2023-05-03,False,True
U00589,user00589,user589@smartcart.ai,pbkdf2:sha256:600000$saltXYZ$hashedvalue,Ananya Joshi 589,24,Other,Kolkata,Telangana,"Beauty,Books,Electronics,Grocery",2025-04-02,False,True
U00590,user00590,user590@smartcart.ai,pbkdf2:sha256:600000$saltXYZ$hashedvalue,Vijay Kumar 590,61,Female,Mumbai,Telangana,"Grocery,Beauty,Fashion,Home & Kitchen",2025-05-12,False,True
U00591,user00591,user591@smartcart.ai,pbkdf2:sha256:600000$saltXYZ$hashedvalue,Karan Mehta 591,42,Male,Jaipur,West Bengal,"Home & Kitchen,Beauty,Books",2026-01-19,False,True
U00592,user00592,user592@smartcart.ai,pbkdf2:sha256:600000$saltXYZ$hashedvalue,Priya Singh 592,44,Female,Chennai,West Bengal,Sports,2023-10-16,False,True
U00593,user00593,user593@smartcart.ai,pbkdf2:sha256:600000$saltXYZ$hashedvalue,Deepika Nair 593,52,Other,Chennai,Punjab,Fashion,2023-06-28,False,True
U00594,user00594,user594@smartcart.ai,pbkdf2:sha256:600000$saltXYZ$hashedvalue,Rohit Verma 594,36,Other,Hyderabad,Maharashtra,"Health,Electronics",2025-10-09,False,True
U00595,user00595,user595@smartcart.ai,pbkdf2:sha256:600000$saltXYZ$hashedvalue,Vijay Kumar 595,57,Male,Bangalore,Karnataka,"Beauty,Electronics,Toys",2025-12-07,False,True
U00596,user00596,user596@smartcart.ai,pbkdf2:sha256:600000$saltXYZ$hashedvalue,Rohit Verma 596,63,Female,Bangalore,Karnataka,"Beauty,Books",2026-01-14,False,True
U00597,user00597,user597@smartcart.ai,pbkdf2:sha256:600000$saltXYZ$hashedvalue,Karan Mehta 597,48,Other,Jaipur,Tamil Nadu,"Automotive,Fashion",2024-02-19,False,True
U00598,user00598,user598@smartcart.ai,pbkdf2:sha256:600000$saltXYZ$hashedvalue,Priya Singh 598,26,Female,Lucknow,West Bengal,Fashion,2023-04-29,False,True
U00599,user00599,user599@smartcart.ai,pbkdf2:sha256:600000$saltXYZ$hashedvalue,Vijay Kumar 599,54,Other,Chandigarh,Tamil Nadu,"Automotive,Books",2025-05-31,False,True
U00600,user00600,user600@smartcart.ai,pbkdf2:sha256:600000$saltXYZ$hashedvalue,Deepika Nair 600,59,Female,Hyderabad,Telangana,"Toys,Books,Beauty",2025-01-15,False,True
U00601,user00601,user601@smartcart.ai,pbkdf2:sha256:600000$saltXYZ$hashedvalue,Priya Singh 601,21,Other,Chennai,Karnataka,"Grocery,Automotive,Health,Toys",2023-12-09,False,True
U00602,user00602,user602@smartcart.ai,pbkdf2:sha256:600000$saltXYZ$hashedvalue,Karan Mehta 602,25,Male,Chennai,Maharashtra,Sports,2024-09-19,False,True
U00603,user00603,user603@smartcart.ai,pbkdf2:sha256:600000$saltXYZ$hashedvalue,Priya Singh 603,21,Female,Jaipur,UP,Toys,2025-01-24,False,True
U00604,user00604,user604@smartcart.ai,pbkdf2:sha256:600000$saltXYZ$hashedvalue,Karan Mehta 604,43,Male,Chandigarh,Telangana,"Automotive,Electronics,Toys",2024-07-15,False,True
U00605,user00605,user605@smartcart.ai,pbkdf2:sha256:600000$saltXYZ$hashedvalue,Deepika Nair 605,57,Male,Mumbai,Delhi,"Fashion,Electronics",2024-06-09,False,True
U00606,user00606,user606@smartcart.ai,pbkdf2:sha256:600000$saltXYZ$hashedvalue,Deepika Nair 606,24,Female,Surat,Punjab,"Books,Fashion,Beauty",2024-02-16,False,True
U00607,user00607,user607@smartcart.ai,pbkdf2:sha256:600000$saltXYZ$hashedvalue,Deepika Nair 607,37,Other,Jaipur,Telangana,"Beauty,Automotive,Toys,Health",2025-06-30,False,True
U00608,user00608,user608@smartcart.ai,pbkdf2:sha256:600000$saltXYZ$hashedvalue,Priya Singh 608,51,Female,Pune,Telangana,Toys,2024-07-14,False,True
U00609,user00609,user609@smartcart.ai,pbkdf2:sha256:600000$saltXYZ$hashedvalue,Amit Patel 609,27,Female,Pune,West Bengal,"Home & Kitchen,Grocery,Automotive",2025-08-14,False,True
U00610,user00610,user610@smartcart.ai,pbkdf2:sha256:600000$saltXYZ$hashedvalue,Rahul Sharma 610,59,Female,Surat,Gujarat,"Fashion,Automotive,Electronics,Grocery",2024-04-03,False,True
U00611,user00611,user611@smartcart.ai,pbkdf2:sha256:600000$saltXYZ$hashedvalue,Priya Singh 611,31,Male,Hyderabad,Delhi,"Books,Fashion",2024-04-18,False,True
U00612,user00612,user612@smartcart.ai,pbkdf2:sha256:600000$saltXYZ$hashedvalue,Sneha Gupta 612,33,Female,Lucknow,Gujarat,"Sports,Grocery,Health,Toys",2023-11-14,False,True
U00613,user00613,user613@smartcart.ai,pbkdf2:sha256:600000$saltXYZ$hashedvalue,Sneha Gupta 613,65,Other,Surat,UP,Electronics,2026-01-15,False,True
U00614,user00614,user614@smartcart.ai,pbkdf2:sha256:600000$saltXYZ$hashedvalue,Amit Patel 614,20,Female,Kolkata,Tamil Nadu,Grocery,2023-09-11,False,True
U00615,user00615,user615@smartcart.ai,pbkdf2:sha256:600000$saltXYZ$hashedvalue,Amit Patel 615,27,Other,Mumbai,Telangana,"Home & Kitchen,Sports,Fashion",2024-03-04,False,True
U00616,user00616,user616@smartcart.ai,pbkdf2:sha256:600000$saltXYZ$hashedvalue,Rahul Sharma 616,49,Male,Surat,Punjab,"Beauty,Books,Sports",2024-06-20,False,True
U00617,user00617,user617@smartcart.ai,pbkdf2:sha256:600000$saltXYZ$hashedvalue,Karan Mehta 617,51,Male,Hyderabad,West Bengal,"Home & Kitchen,Grocery",2023-08-20,False,True
U00618,user00618,user618@smartcart.ai,pbkdf2:sha256:600000$saltXYZ$hashedvalue,Pooja Pillai 618,30,Female,Jaipur,Telangana,"Books,Health",2025-03-21,False,True
U00619,user00619,user619@smartcart.ai,pbkdf2:sha256:600000$saltXYZ$hashedvalue,Vijay Kumar 619,50,Other,Mumbai,Maharashtra,Fashion,2026-02-23,False,True
U00620,user00620,user620@smartcart.ai,pbkdf2:sha256:600000$saltXYZ$hashedvalue,Sneha Gupta 620,53,Female,Lucknow,UP,Sports,2023-09-15,False,True
U00621,user00621,user621@smartcart.ai,pbkdf2:sha256:600000$saltXYZ$hashedvalue,Sneha Gupta 621,29,Other,Bangalore,Maharashtra,"Books,Health,Beauty,Grocery",2025-01-15,False,True
U00622,user00622,user622@smartcart.ai,pbkdf2:sha256:600000$saltXYZ$hashedvalue,Rahul Sharma 622,33,Other,Chandigarh,Telangana,"Beauty,Health,Electronics",2025-09-16,False,True
U00623,user00623,user623@smartcart.ai,pbkdf2:sha256:600000$saltXYZ$hashedvalue,Ananya Joshi 623,31,Male,Lucknow,Gujarat,"Electronics,Health",2025-05-01,False,True
U00624,user00624,user624@smartcart.ai,pbkdf2:sha256:600000$saltXYZ$hashedvalue,Pooja Pillai 624,18,Male,Lucknow,Gujarat,"Books,Grocery,Toys,Home & Kitchen",2024-03-20,False,True
U00625,user00625,user625@smartcart.ai,pbkdf2:sha256:600000$saltXYZ$hashedvalue,Vijay Kumar 625,37,Other,Kolkata,Karnataka,"Electronics,Books",2024-01-26,False,True
U00626,user00626,user626@smartcart.ai,pbkdf2:sha256:600000$saltXYZ$hashedvalue,Pooja Pillai 626,39,Female,Chandigarh,Rajasthan,"Automotive,Electronics",2025-04-22,False,True
U00627,user00627,user627@smartcart.ai,pbkdf2:sha256:600000$saltXYZ$hashedvalue,Pooja Pillai 627,24,Other,Chandigarh,Karnataka,Home & Kitchen,2023-05-21,False,True
U00628,user00628,user628@smartcart.ai,pbkdf2:sha256:600000$saltXYZ$hashedvalue,Amit Patel 628,22,Male,Bangalore,UP,"Electronics,Fashion,Automotive",2024-02-08,False,True
U00629,user00629,user629@smartcart.ai,pbkdf2:sha256:600000$saltXYZ$hashedvalue,Amit Patel 629,50,Other,Bangalore,Gujarat,"Electronics,Automotive",2025-10-14,False,True
U00630,user00630,user630@smartcart.ai,pbkdf2:sha256:600000$saltXYZ$hashedvalue,Ananya Joshi 630,38,Female,Mumbai,Gujarat,"Fashion,Books,Electronics,Sports",2024-06-23,False,True
U00631,user00631,user631@smartcart.ai,pbkdf2:sha256:600000$saltXYZ$hashedvalue,Ananya Joshi 631,19,Other,Mumbai,Delhi,"Toys,Home & Kitchen,Electronics,Beauty",2026-01-22,False,True
U00632,user00632,user632@smartcart.ai,pbkdf2:sha256:600000$saltXYZ$hashedvalue,Deepika Nair 632,52,Male,Surat,Maharashtra,"Home & Kitchen,Beauty,Sports",2024-01-04,False,True
U00633,user00633,user633@smartcart.ai,pbkdf2:sha256:600000$saltXYZ$hashedvalue,Rohit Verma 633,54,Female,Hyderabad,UP,"Home & Kitchen,Sports,Books,Toys",2024-10-03,False,True
U00634,user00634,user634@smartcart.ai,pbkdf2:sha256:600000$saltXYZ$hashedvalue,Vijay Kumar 634,57,Other,Surat,Karnataka,"Beauty,Sports,Health",2024-03-26,False,True
U00635,user00635,user635@smartcart.ai,pbkdf2:sha256:600000$saltXYZ$hashedvalue,Rohit Verma 635,57,Male,Delhi,UP,"Home & Kitchen,Health,Books,Automotive",2026-02-19,False,True
U00636,user00636,user636@smartcart.ai,pbkdf2:sha256:600000$saltXYZ$hashedvalue,Rohit Verma 636,47,Other,Lucknow,Rajasthan,"Books,Toys,Health,Automotive",2023-10-02,False,True
U00637,user00637,user637@smartcart.ai,pbkdf2:sha256:600000$saltXYZ$hashedvalue,Pooja Pillai 637,38,Male,Bangalore,Telangana,"Toys,Automotive,Health,Books",2024-03-04,False,True
U00638,user00638,user638@smartcart.ai,pbkdf2:sha256:600000$saltXYZ$hashedvalue,Priya Singh 638,31,Female,Delhi,Gujarat,"Toys,Health",2024-06-02,False,True
U00639,user00639,user639@smartcart.ai,pbkdf2:sha256:600000$saltXYZ$hashedvalue,Sneha Gupta 639,38,Female,Jaipur,Gujarat,"Home & Kitchen,Fashion,Health",2025-03-09,False,False
U00640,user00640,user640@smartcart.ai,pbkdf2:sha256:600000$saltXYZ$hashedvalue,Sneha Gupta 640,23,Male,Lucknow,Tamil Nadu,Fashion,2025-06-29,False,True
U00641,user00641,user641@smartcart.ai,pbkdf2:sha256:600000$saltXYZ$hashedvalue,Ananya Joshi 641,41,Male,Mumbai,Delhi,"Health,Home & Kitchen,Automotive,Grocery",2023-11-26,False,True
U00642,user00642,user642@smartcart.ai,pbkdf2:sha256:600000$saltXYZ$hashedvalue,Vijay Kumar 642,22,Other,Ahmedabad,Telangana,"Health,Sports",2026-02-17,False,True
U00643,user00643,user643@smartcart.ai,pbkdf2:sha256:600000$saltXYZ$hashedvalue,Rahul Sharma 643,43,Other,Pune,West Bengal,Toys,2024-10-23,False,True
U00644,user00644,user644@smartcart.ai,pbkdf2:sha256:600000$saltXYZ$hashedvalue,Vijay Kumar 644,58,Other,Pune,Punjab,"Health,Beauty,Home & Kitchen,Automotive",2024-12-17,False,True
U00645,user00645,user645@smartcart.ai,pbkdf2:sha256:600000$saltXYZ$hashedvalue,Vijay Kumar 645,48,Male,Delhi,Telangana,"Home & Kitchen,Grocery,Automotive,Fashion",2026-04-22,False,True
U00646,user00646,user646@smartcart.ai,pbkdf2:sha256:600000$saltXYZ$hashedvalue,Rahul Sharma 646,47,Other,Surat,Telangana,"Beauty,Health",2025-03-24,False,True
U00647,user00647,user647@smartcart.ai,pbkdf2:sha256:600000$saltXYZ$hashedvalue,Priya Singh 647,18,Female,Kolkata,UP,Home & Kitchen,2025-09-21,False,True
U00648,user00648,user648@smartcart.ai,pbkdf2:sha256:600000$saltXYZ$hashedvalue,Vijay Kumar 648,25,Male,Bangalore,Maharashtra,"Books,Beauty,Grocery,Toys",2025-06-15,False,True
U00649,user00649,user649@smartcart.ai,pbkdf2:sha256:600000$saltXYZ$hashedvalue,Amit Patel 649,57,Female,Surat,Delhi,"Electronics,Books,Health,Home & Kitchen",2025-05-19,False,True
U00650,user00650,user650@smartcart.ai,pbkdf2:sha256:600000$saltXYZ$hashedvalue,Amit Patel 650,41,Other,Ahmedabad,Telangana,Health,2025-04-14,False,True
U00651,user00651,user651@smartcart.ai,pbkdf2:sha256:600000$saltXYZ$hashedvalue,Pooja Pillai 651,23,Female,Chennai,Telangana,"Fashion,Health,Grocery,Sports",2023-09-30,False,True
U00652,user00652,user652@smartcart.ai,pbkdf2:sha256:600000$saltXYZ$hashedvalue,Ananya Joshi 652,53,Male,Ahmedabad,Tamil Nadu,"Toys,Home & Kitchen,Books",2025-05-03,False,True
U00653,user00653,user653@smartcart.ai,pbkdf2:sha256:600000$saltXYZ$hashedvalue,Rahul Sharma 653,18,Male,Ahmedabad,Maharashtra,"Fashion,Sports",2024-08-16,False,True
U00654,user00654,user654@smartcart.ai,pbkdf2:sha256:600000$saltXYZ$hashedvalue,Ananya Joshi 654,63,Male,Mumbai,Delhi,Electronics,2026-04-04,False,True
U00655,user00655,user655@smartcart.ai,pbkdf2:sha256:600000$saltXYZ$hashedvalue,Ananya Joshi 655,31,Other,Ahmedabad,Maharashtra,"Fashion,Grocery,Home & Kitchen,Beauty",2025-04-22,False,True
U00656,user00656,user656@smartcart.ai,pbkdf2:sha256:600000$saltXYZ$hashedvalue,Rohit Verma 656,51,Male,Bangalore,Karnataka,"Grocery,Sports",2023-12-15,False,True
U00657,user00657,user657@smartcart.ai,pbkdf2:sha256:600000$saltXYZ$hashedvalue,Amit Patel 657,19,Female,Mumbai,Gujarat,"Fashion,Grocery",2025-12-12,False,True
U00658,user00658,user658@smartcart.ai,pbkdf2:sha256:600000$saltXYZ$hashedvalue,Deepika Nair 658,43,Male,Jaipur,Tamil Nadu,"Health,Toys,Grocery,Home & Kitchen",2024-03-04,False,True
U00659,user00659,user659@smartcart.ai,pbkdf2:sha256:600000$saltXYZ$hashedvalue,Deepika Nair 659,43,Male,Chandigarh,Gujarat,"Books,Beauty",2024-11-20,False,True
U00660,user00660,user660@smartcart.ai,pbkdf2:sha256:600000$saltXYZ$hashedvalue,Amit Patel 660,65,Female,Mumbai,Delhi,Beauty,2025-10-02,False,False
U00661,user00661,user661@smartcart.ai,pbkdf2:sha256:600000$saltXYZ$hashedvalue,Rohit Verma 661,61,Female,Kolkata,West Bengal,"Fashion,Beauty,Automotive,Home & Kitchen",2025-03-24,False,True
U00662,user00662,user662@smartcart.ai,pbkdf2:sha256:600000$saltXYZ$hashedvalue,Priya Singh 662,65,Male,Pune,Punjab,"Electronics,Grocery",2024-02-02,False,True
U00663,user00663,user663@smartcart.ai,pbkdf2:sha256:600000$saltXYZ$hashedvalue,Pooja Pillai 663,51,Other,Jaipur,Punjab,"Automotive,Sports,Home & Kitchen,Toys",2023-07-16,False,True
U00664,user00664,user664@smartcart.ai,pbkdf2:sha256:600000$saltXYZ$hashedvalue,Rohit Verma 664,36,Other,Lucknow,UP,"Home & Kitchen,Books,Sports,Health",2024-02-05,False,True
U00665,user00665,user665@smartcart.ai,pbkdf2:sha256:600000$saltXYZ$hashedvalue,Amit Patel 665,26,Female,Jaipur,Gujarat,"Fashion,Automotive,Grocery,Electronics",2024-05-05,False,True
U00666,user00666,user666@smartcart.ai,pbkdf2:sha256:600000$saltXYZ$hashedvalue,Rohit Verma 666,25,Male,Surat,Delhi,"Sports,Books",2024-08-10,False,True
U00667,user00667,user667@smartcart.ai,pbkdf2:sha256:600000$saltXYZ$hashedvalue,Karan Mehta 667,44,Female,Chennai,Delhi,"Fashion,Automotive",2024-06-29,False,True
U00668,user00668,user668@smartcart.ai,pbkdf2:sha256:600000$saltXYZ$hashedvalue,Amit Patel 668,23,Other,Lucknow,UP,"Home & Kitchen,Electronics,Automotive",2026-01-08,False,True
U00669,user00669,user669@smartcart.ai,pbkdf2:sha256:600000$saltXYZ$hashedvalue,Rahul Sharma 669,55,Other,Ahmedabad,West Bengal,"Health,Grocery,Home & Kitchen,Sports",2026-04-15,False,True
U00670,user00670,user670@smartcart.ai,pbkdf2:sha256:600000$saltXYZ$hashedvalue,Pooja Pillai 670,41,Female,Jaipur,Delhi,Fashion,2026-04-20,False,True
U00671,user00671,user671@smartcart.ai,pbkdf2:sha256:600000$saltXYZ$hashedvalue,Ananya Joshi 671,33,Male,Hyderabad,West Bengal,"Grocery,Toys,Health",2025-03-31,False,True
U00672,user00672,user672@smartcart.ai,pbkdf2:sha256:600000$saltXYZ$hashedvalue,Priya Singh 672,43,Female,Ahmedabad,Punjab,Health,2023-07-19,False,True
U00673,user00673,user673@smartcart.ai,pbkdf2:sha256:600000$saltXYZ$hashedvalue,Amit Patel 673,33,Female,Mumbai,Karnataka,Books,2025-01-18,False,True
U00674,user00674,user674@smartcart.ai,pbkdf2:sha256:600000$saltXYZ$hashedvalue,Rahul Sharma 674,29,Male,Surat,Karnataka,Sports,2023-11-28,False,True
U00675,user00675,user675@smartcart.ai,pbkdf2:sha256:600000$saltXYZ$hashedvalue,Sneha Gupta 675,23,Male,Kolkata,Maharashtra,Health,2024-02-01,False,True
U00676,user00676,user676@smartcart.ai,pbkdf2:sha256:600000$saltXYZ$hashedvalue,Ananya Joshi 676,55,Other,Lucknow,Telangana,Beauty,2023-05-29,False,True
U00677,user00677,user677@smartcart.ai,pbkdf2:sha256:600000$saltXYZ$hashedvalue,Pooja Pillai 677,24,Other,Surat,Rajasthan,"Books,Health,Toys,Home & Kitchen",2025-09-16,False,True
U00678,user00678,user678@smartcart.ai,pbkdf2:sha256:600000$saltXYZ$hashedvalue,Vijay Kumar 678,52,Other,Kolkata,Punjab,Home & Kitchen,2026-01-08,False,True
U00679,user00679,user679@smartcart.ai,pbkdf2:sha256:600000$saltXYZ$hashedvalue,Rohit Verma 679,29,Other,Bangalore,Delhi,Books,2024-05-01,False,True
U00680,user00680,user680@smartcart.ai,pbkdf2:sha256:600000$saltXYZ$hashedvalue,Priya Singh 680,58,Female,Delhi,Tamil Nadu,"Beauty,Grocery,Electronics,Home & Kitchen",2024-09-07,False,True
U00681,user00681,user681@smartcart.ai,pbkdf2:sha256:600000$saltXYZ$hashedvalue,Amit Patel 681,62,Other,Bangalore,Punjab,"Grocery,Automotive,Books",2024-05-23,False,False
U00682,user00682,user682@smartcart.ai,pbkdf2:sha256:600000$saltXYZ$hashedvalue,Karan Mehta 682,55,Male,Surat,Tamil Nadu,"Toys,Fashion",2024-07-03,False,True
U00683,user00683,user683@smartcart.ai,pbkdf2:sha256:600000$saltXYZ$hashedvalue,Deepika Nair 683,29,Female,Kolkata,Gujarat,Toys,2025-07-18,False,True
U00684,user00684,user684@smartcart.ai,pbkdf2:sha256:600000$saltXYZ$hashedvalue,Ananya Joshi 684,42,Male,Kolkata,UP,"Grocery,Automotive,Fashion",2024-02-23,False,True
U00685,user00685,user685@smartcart.ai,pbkdf2:sha256:600000$saltXYZ$hashedvalue,Vijay Kumar 685,41,Other,Mumbai,Karnataka,"Sports,Electronics",2025-07-17,False,True
U00686,user00686,user686@smartcart.ai,pbkdf2:sha256:600000$saltXYZ$hashedvalue,Priya Singh 686,20,Male,Surat,Karnataka,"Grocery,Electronics",2025-06-19,False,True
U00687,user00687,user687@smartcart.ai,pbkdf2:sha256:600000$saltXYZ$hashedvalue,Karan Mehta 687,54,Other,Delhi,Punjab,Beauty,2023-08-01,False,True
U00688,user00688,user688@smartcart.ai,pbkdf2:sha256:600000$saltXYZ$hashedvalue,Ananya Joshi 688,28,Other,Lucknow,Delhi,"Toys,Beauty",2025-05-31,False,True
U00689,user00689,user689@smartcart.ai,pbkdf2:sha256:600000$saltXYZ$hashedvalue,Sneha Gupta 689,54,Female,Chennai,Rajasthan,"Automotive,Sports,Electronics,Grocery",2024-01-20,False,True
U00690,user00690,user690@smartcart.ai,pbkdf2:sha256:600000$saltXYZ$hashedvalue,Ananya Joshi 690,63,Other,Kolkata,Delhi,"Automotive,Sports,Books",2024-05-24,False,True
U00691,user00691,user691@smartcart.ai,pbkdf2:sha256:600000$saltXYZ$hashedvalue,Priya Singh 691,37,Other,Delhi,West Bengal,"Sports,Books",2023-11-12,False,True
U00692,user00692,user692@smartcart.ai,pbkdf2:sha256:600000$saltXYZ$hashedvalue,Deepika Nair 692,40,Other,Lucknow,West Bengal,Electronics,2024-02-16,False,True
U00693,user00693,user693@smartcart.ai,pbkdf2:sha256:600000$saltXYZ$hashedvalue,Amit Patel 693,49,Female,Delhi,Karnataka,Electronics,2025-05-19,False,True
U00694,user00694,user694@smartcart.ai,pbkdf2:sha256:600000$saltXYZ$hashedvalue,Deepika Nair 694,37,Male,Chandigarh,Karnataka,Electronics,2024-05-23,False,True
U00695,user00695,user695@smartcart.ai,pbkdf2:sha256:600000$saltXYZ$hashedvalue,Rahul Sharma 695,25,Female,Delhi,UP,"Beauty,Sports,Automotive",2025-08-24,False,True
U00696,user00696,user696@smartcart.ai,pbkdf2:sha256:600000$saltXYZ$hashedvalue,Amit Patel 696,39,Male,Ahmedabad,Tamil Nadu,"Fashion,Grocery,Beauty",2026-02-22,False,True
U00697,user00697,user697@smartcart.ai,pbkdf2:sha256:600000$saltXYZ$hashedvalue,Amit Patel 697,48,Other,Chennai,Delhi,Toys,2024-05-24,False,True
U00698,user00698,user698@smartcart.ai,pbkdf2:sha256:600000$saltXYZ$hashedvalue,Ananya Joshi 698,64,Other,Surat,Tamil Nadu,"Home & Kitchen,Electronics",2025-12-30,False,True
U00699,user00699,user699@smartcart.ai,pbkdf2:sha256:600000$saltXYZ$hashedvalue,Amit Patel 699,35,Male,Chandigarh,Maharashtra,"Home & Kitchen,Fashion,Health,Electronics",2023-05-28,False,True
U00700,user00700,user700@smartcart.ai,pbkdf2:sha256:600000$saltXYZ$hashedvalue,Rohit Verma 700,65,Other,Pune,Telangana,"Grocery,Electronics",2025-04-29,False,False
U00701,user00701,user701@smartcart.ai,pbkdf2:sha256:600000$saltXYZ$hashedvalue,Vijay Kumar 701,38,Female,Ahmedabad,Telangana,"Books,Electronics,Sports,Toys",2024-12-15,False,True
U00702,user00702,user702@smartcart.ai,pbkdf2:sha256:600000$saltXYZ$hashedvalue,Priya Singh 702,61,Female,Jaipur,Karnataka,Grocery,2023-11-03,False,True
U00703,user00703,user703@smartcart.ai,pbkdf2:sha256:600000$saltXYZ$hashedvalue,Amit Patel 703,46,Female,Chennai,Karnataka,Toys,2025-10-02,False,True
U00704,user00704,user704@smartcart.ai,pbkdf2:sha256:600000$saltXYZ$hashedvalue,Vijay Kumar 704,25,Other,Bangalore,Gujarat,Books,2025-01-27,False,True
U00705,user00705,user705@smartcart.ai,pbkdf2:sha256:600000$saltXYZ$hashedvalue,Vijay Kumar 705,39,Male,Bangalore,Delhi,"Beauty,Books,Fashion",2025-10-20,False,True
U00706,user00706,user706@smartcart.ai,pbkdf2:sha256:600000$saltXYZ$hashedvalue,Deepika Nair 706,37,Other,Ahmedabad,West Bengal,"Toys,Sports,Books,Automotive",2025-09-20,False,True
U00707,user00707,user707@smartcart.ai,pbkdf2:sha256:600000$saltXYZ$hashedvalue,Karan Mehta 707,22,Female,Pune,Rajasthan,Health,2025-05-07,False,True
U00708,user00708,user708@smartcart.ai,pbkdf2:sha256:600000$saltXYZ$hashedvalue,Rahul Sharma 708,51,Male,Hyderabad,Rajasthan,Home & Kitchen,2025-10-12,False,True
U00709,user00709,user709@smartcart.ai,pbkdf2:sha256:600000$saltXYZ$hashedvalue,Ananya Joshi 709,52,Other,Ahmedabad,Maharashtra,"Home & Kitchen,Toys,Books",2024-03-10,False,True
U00710,user00710,user710@smartcart.ai,pbkdf2:sha256:600000$saltXYZ$hashedvalue,Amit Patel 710,46,Female,Bangalore,Karnataka,"Automotive,Beauty,Books",2023-12-23,False,True
U00711,user00711,user711@smartcart.ai,pbkdf2:sha256:600000$saltXYZ$hashedvalue,Ananya Joshi 711,19,Male,Surat,Punjab,"Beauty,Health",2023-08-15,False,True
U00712,user00712,user712@smartcart.ai,pbkdf2:sha256:600000$saltXYZ$hashedvalue,Rohit Verma 712,60,Female,Hyderabad,Gujarat,"Beauty,Home & Kitchen,Toys,Sports",2025-02-19,False,True
U00713,user00713,user713@smartcart.ai,pbkdf2:sha256:600000$saltXYZ$hashedvalue,Vijay Kumar 713,30,Male,Hyderabad,Gujarat,"Fashion,Health,Sports,Automotive",2024-10-31,False,True
U00714,user00714,user714@smartcart.ai,pbkdf2:sha256:600000$saltXYZ$hashedvalue,Sneha Gupta 714,33,Female,Mumbai,UP,"Sports,Health,Automotive,Books",2023-09-29,False,True
U00715,user00715,user715@smartcart.ai,pbkdf2:sha256:600000$saltXYZ$hashedvalue,Vijay Kumar 715,56,Male,Surat,Rajasthan,"Home & Kitchen,Automotive,Electronics",2023-10-16,False,True
U00716,user00716,user716@smartcart.ai,pbkdf2:sha256:600000$saltXYZ$hashedvalue,Pooja Pillai 716,45,Other,Pune,Tamil Nadu,"Fashion,Grocery",2026-04-17,False,True
U00717,user00717,user717@smartcart.ai,pbkdf2:sha256:600000$saltXYZ$hashedvalue,Priya Singh 717,49,Female,Lucknow,West Bengal,"Sports,Toys,Health,Beauty",2024-03-08,False,True
U00718,user00718,user718@smartcart.ai,pbkdf2:sha256:600000$saltXYZ$hashedvalue,Rohit Verma 718,60,Other,Surat,Telangana,"Fashion,Sports",2023-07-15,False,True
U00719,user00719,user719@smartcart.ai,pbkdf2:sha256:600000$saltXYZ$hashedvalue,Ananya Joshi 719,46,Male,Chandigarh,Telangana,Health,2025-06-03,False,True
U00720,user00720,user720@smartcart.ai,pbkdf2:sha256:600000$saltXYZ$hashedvalue,Sneha Gupta 720,43,Other,Lucknow,Maharashtra,"Beauty,Automotive",2024-07-22,False,True
U00721,user00721,user721@smartcart.ai,pbkdf2:sha256:600000$saltXYZ$hashedvalue,Amit Patel 721,40,Male,Kolkata,Delhi,"Health,Beauty",2024-09-22,False,False
U00722,user00722,user722@smartcart.ai,pbkdf2:sha256:600000$saltXYZ$hashedvalue,Deepika Nair 722,56,Other,Pune,Rajasthan,"Sports,Books",2023-08-15,False,True
U00723,user00723,user723@smartcart.ai,pbkdf2:sha256:600000$saltXYZ$hashedvalue,Vijay Kumar 723,22,Male,Pune,Karnataka,"Beauty,Toys",2024-12-13,False,True
U00724,user00724,user724@smartcart.ai,pbkdf2:sha256:600000$saltXYZ$hashedvalue,Rahul Sharma 724,32,Female,Hyderabad,Delhi,"Home & Kitchen,Grocery,Fashion,Health",2023-08-12,False,True
U00725,user00725,user725@smartcart.ai,pbkdf2:sha256:600000$saltXYZ$hashedvalue,Rahul Sharma 725,57,Female,Mumbai,Karnataka,Fashion,2024-04-24,False,True
U00726,user00726,user726@smartcart.ai,pbkdf2:sha256:600000$saltXYZ$hashedvalue,Amit Patel 726,58,Other,Ahmedabad,Maharashtra,"Grocery,Books,Home & Kitchen",2026-03-11,False,True
U00727,user00727,user727@smartcart.ai,pbkdf2:sha256:600000$saltXYZ$hashedvalue,Amit Patel 727,64,Female,Bangalore,UP,"Toys,Books",2025-04-19,False,True
U00728,user00728,user728@smartcart.ai,pbkdf2:sha256:600000$saltXYZ$hashedvalue,Rohit Verma 728,35,Female,Kolkata,Maharashtra,"Health,Books,Grocery,Electronics",2025-05-12,False,True
U00729,user00729,user729@smartcart.ai,pbkdf2:sha256:600000$saltXYZ$hashedvalue,Sneha Gupta 729,38,Other,Chandigarh,Tamil Nadu,"Fashion,Home & Kitchen,Grocery",2025-01-27,False,True
U00730,user00730,user730@smartcart.ai,pbkdf2:sha256:600000$saltXYZ$hashedvalue,Karan Mehta 730,65,Male,Jaipur,Delhi,"Fashion,Automotive,Electronics",2024-10-01,False,True
U00731,user00731,user731@smartcart.ai,pbkdf2:sha256:600000$saltXYZ$hashedvalue,Karan Mehta 731,31,Female,Ahmedabad,Maharashtra,"Grocery,Electronics",2026-02-23,False,True
U00732,user00732,user732@smartcart.ai,pbkdf2:sha256:600000$saltXYZ$hashedvalue,Priya Singh 732,18,Male,Lucknow,Rajasthan,Health,2023-05-03,False,True
U00733,user00733,user733@smartcart.ai,pbkdf2:sha256:600000$saltXYZ$hashedvalue,Amit Patel 733,42,Other,Bangalore,UP,"Beauty,Toys,Electronics,Automotive",2024-09-17,False,True
U00734,user00734,user734@smartcart.ai,pbkdf2:sha256:600000$saltXYZ$hashedvalue,Rohit Verma 734,40,Male,Chennai,West Bengal,"Books,Toys,Grocery",2025-11-29,False,True
U00735,user00735,user735@smartcart.ai,pbkdf2:sha256:600000$saltXYZ$hashedvalue,Ananya Joshi 735,31,Female,Ahmedabad,Tamil Nadu,"Beauty,Home & Kitchen",2025-09-19,False,True
U00736,user00736,user736@smartcart.ai,pbkdf2:sha256:600000$saltXYZ$hashedvalue,Vijay Kumar 736,58,Male,Jaipur,Maharashtra,"Grocery,Fashion,Books",2026-03-05,False,True
U00737,user00737,user737@smartcart.ai,pbkdf2:sha256:600000$saltXYZ$hashedvalue,Sneha Gupta 737,63,Other,Delhi,Maharashtra,Fashion,2025-05-15,False,True
U00738,user00738,user738@smartcart.ai,pbkdf2:sha256:600000$saltXYZ$hashedvalue,Deepika Nair 738,20,Other,Pune,Telangana,Health,2023-05-11,False,True
U00739,user00739,user739@smartcart.ai,pbkdf2:sha256:600000$saltXYZ$hashedvalue,Karan Mehta 739,47,Male,Kolkata,Karnataka,Beauty,2024-11-20,False,True
U00740,user00740,user740@smartcart.ai,pbkdf2:sha256:600000$saltXYZ$hashedvalue,Vijay Kumar 740,48,Other,Ahmedabad,UP,Automotive,2024-07-13,False,True
U00741,user00741,user741@smartcart.ai,pbkdf2:sha256:600000$saltXYZ$hashedvalue,Vijay Kumar 741,33,Other,Kolkata,UP,"Beauty,Electronics",2025-05-08,False,True
U00742,user00742,user742@smartcart.ai,pbkdf2:sha256:600000$saltXYZ$hashedvalue,Rohit Verma 742,35,Female,Delhi,West Bengal,Automotive,2024-05-25,False,True
U00743,user00743,user743@smartcart.ai,pbkdf2:sha256:600000$saltXYZ$hashedvalue,Rohit Verma 743,22,Other,Bangalore,Telangana,"Automotive,Books",2025-10-26,False,True
U00744,user00744,user744@smartcart.ai,pbkdf2:sha256:600000$saltXYZ$hashedvalue,Vijay Kumar 744,24,Male,Mumbai,Punjab,"Grocery,Automotive,Home & Kitchen",2024-10-23,False,True
U00745,user00745,user745@smartcart.ai,pbkdf2:sha256:600000$saltXYZ$hashedvalue,Priya Singh 745,62,Other,Surat,Punjab,"Toys,Beauty,Books,Health",2026-01-06,False,True
U00746,user00746,user746@smartcart.ai,pbkdf2:sha256:600000$saltXYZ$hashedvalue,Vijay Kumar 746,51,Male,Ahmedabad,Karnataka,Beauty,2024-05-09,False,True
U00747,user00747,user747@smartcart.ai,pbkdf2:sha256:600000$saltXYZ$hashedvalue,Sneha Gupta 747,55,Other,Kolkata,West Bengal,Fashion,2025-12-01,False,True
U00748,user00748,user748@smartcart.ai,pbkdf2:sha256:600000$saltXYZ$hashedvalue,Amit Patel 748,22,Other,Ahmedabad,Telangana,Toys,2024-11-12,False,True
U00749,user00749,user749@smartcart.ai,pbkdf2:sha256:600000$saltXYZ$hashedvalue,Amit Patel 749,20,Female,Chennai,Rajasthan,"Toys,Home & Kitchen,Electronics",2025-07-29,False,True
U00750,user00750,user750@smartcart.ai,pbkdf2:sha256:600000$saltXYZ$hashedvalue,Amit Patel 750,55,Female,Surat,Telangana,"Fashion,Books,Health",2024-10-08,False,True
U00751,user00751,user751@smartcart.ai,pbkdf2:sha256:600000$saltXYZ$hashedvalue,Rohit Verma 751,37,Female,Lucknow,Maharashtra,"Fashion,Grocery,Books,Toys",2026-03-17,False,True
U00752,user00752,user752@smartcart.ai,pbkdf2:sha256:600000$saltXYZ$hashedvalue,Priya Singh 752,40,Female,Chandigarh,Maharashtra,Books,2024-11-17,False,True
U00753,user00753,user753@smartcart.ai,pbkdf2:sha256:600000$saltXYZ$hashedvalue,Deepika Nair 753,43,Female,Surat,West Bengal,"Beauty,Grocery,Toys",2025-05-30,False,True
U00754,user00754,user754@smartcart.ai,pbkdf2:sha256:600000$saltXYZ$hashedvalue,Rahul Sharma 754,59,Female,Bangalore,Maharashtra,"Automotive,Fashion,Electronics,Toys",2023-12-18,False,True
U00755,user00755,user755@smartcart.ai,pbkdf2:sha256:600000$saltXYZ$hashedvalue,Karan Mehta 755,24,Male,Jaipur,Gujarat,"Sports,Books",2024-06-30,False,True
U00756,user00756,user756@smartcart.ai,pbkdf2:sha256:600000$saltXYZ$hashedvalue,Priya Singh 756,62,Male,Mumbai,Karnataka,"Sports,Grocery",2023-09-29,False,True
U00757,user00757,user757@smartcart.ai,pbkdf2:sha256:600000$saltXYZ$hashedvalue,Vijay Kumar 757,48,Other,Bangalore,Punjab,Home & Kitchen,2025-03-24,False,True
U00758,user00758,user758@smartcart.ai,pbkdf2:sha256:600000$saltXYZ$hashedvalue,Rohit Verma 758,24,Other,Chennai,Punjab,"Grocery,Home & Kitchen",2025-08-29,False,True
U00759,user00759,user759@smartcart.ai,pbkdf2:sha256:600000$saltXYZ$hashedvalue,Karan Mehta 759,33,Male,Bangalore,Delhi,Automotive,2025-10-26,False,True
U00760,user00760,user760@smartcart.ai,pbkdf2:sha256:600000$saltXYZ$hashedvalue,Vijay Kumar 760,34,Male,Surat,Tamil Nadu,Toys,2024-10-13,False,True
U00761,user00761,user761@smartcart.ai,pbkdf2:sha256:600000$saltXYZ$hashedvalue,Deepika Nair 761,26,Other,Delhi,Telangana,"Toys,Books,Sports",2024-01-30,False,True
U00762,user00762,user762@smartcart.ai,pbkdf2:sha256:600000$saltXYZ$hashedvalue,Deepika Nair 762,23,Female,Bangalore,Rajasthan,"Toys,Books,Automotive",2026-01-09,False,True
U00763,user00763,user763@smartcart.ai,pbkdf2:sha256:600000$saltXYZ$hashedvalue,Deepika Nair 763,59,Male,Delhi,Karnataka,"Toys,Health,Automotive",2025-10-11,False,True
U00764,user00764,user764@smartcart.ai,pbkdf2:sha256:600000$saltXYZ$hashedvalue,Karan Mehta 764,56,Female,Kolkata,Delhi,"Home & Kitchen,Toys,Automotive",2025-12-18,False,True
U00765,user00765,user765@smartcart.ai,pbkdf2:sha256:600000$saltXYZ$hashedvalue,Sneha Gupta 765,30,Other,Surat,Karnataka,Books,2025-01-27,False,True
U00766,user00766,user766@smartcart.ai,pbkdf2:sha256:600000$saltXYZ$hashedvalue,Rahul Sharma 766,19,Other,Jaipur,Punjab,"Health,Toys",2025-09-03,False,True
U00767,user00767,user767@smartcart.ai,pbkdf2:sha256:600000$saltXYZ$hashedvalue,Deepika Nair 767,37,Female,Chennai,Telangana,"Automotive,Health",2025-10-12,False,True
U00768,user00768,user768@smartcart.ai,pbkdf2:sha256:600000$saltXYZ$hashedvalue,Priya Singh 768,50,Female,Kolkata,Karnataka,"Electronics,Fashion",2026-01-10,False,True
U00769,user00769,user769@smartcart.ai,pbkdf2:sha256:600000$saltXYZ$hashedvalue,Amit Patel 769,29,Other,Jaipur,Gujarat,Fashion,2023-12-28,False,True
U00770,user00770,user770@smartcart.ai,pbkdf2:sha256:600000$saltXYZ$hashedvalue,Rohit Verma 770,51,Other,Ahmedabad,West Bengal,"Books,Grocery",2025-01-13,False,True
U00771,user00771,user771@smartcart.ai,pbkdf2:sha256:600000$saltXYZ$hashedvalue,Amit Patel 771,19,Male,Pune,Tamil Nadu,"Books,Toys,Beauty",2024-09-24,False,False
U00772,user00772,user772@smartcart.ai,pbkdf2:sha256:600000$saltXYZ$hashedvalue,Deepika Nair 772,52,Female,Pune,UP,Grocery,2024-10-05,False,True
U00773,user00773,user773@smartcart.ai,pbkdf2:sha256:600000$saltXYZ$hashedvalue,Rohit Verma 773,51,Male,Lucknow,Delhi,"Sports,Toys",2023-05-29,False,True
U00774,user00774,user774@smartcart.ai,pbkdf2:sha256:600000$saltXYZ$hashedvalue,Pooja Pillai 774,53,Female,Pune,Tamil Nadu,"Fashion,Grocery",2024-05-22,False,True
U00775,user00775,user775@smartcart.ai,pbkdf2:sha256:600000$saltXYZ$hashedvalue,Rahul Sharma 775,58,Male,Chandigarh,Punjab,"Toys,Fashion,Sports",2023-04-28,False,False
U00776,user00776,user776@smartcart.ai,pbkdf2:sha256:600000$saltXYZ$hashedvalue,Priya Singh 776,55,Male,Surat,Telangana,"Sports,Books",2023-05-02,False,True
U00777,user00777,user777@smartcart.ai,pbkdf2:sha256:600000$saltXYZ$hashedvalue,Deepika Nair 777,23,Male,Hyderabad,Telangana,"Health,Fashion",2024-05-24,False,True
U00778,user00778,user778@smartcart.ai,pbkdf2:sha256:600000$saltXYZ$hashedvalue,Pooja Pillai 778,31,Other,Kolkata,Gujarat,"Books,Beauty,Sports",2023-11-10,False,True
U00779,user00779,user779@smartcart.ai,pbkdf2:sha256:600000$saltXYZ$hashedvalue,Deepika Nair 779,40,Male,Chandigarh,UP,"Fashion,Books",2025-02-15,False,True
U00780,user00780,user780@smartcart.ai,pbkdf2:sha256:600000$saltXYZ$hashedvalue,Rohit Verma 780,60,Female,Surat,UP,Home & Kitchen,2026-04-01,False,True
U00781,user00781,user781@smartcart.ai,pbkdf2:sha256:600000$saltXYZ$hashedvalue,Ananya Joshi 781,39,Other,Jaipur,Tamil Nadu,Fashion,2025-10-08,False,True
U00782,user00782,user782@smartcart.ai,pbkdf2:sha256:600000$saltXYZ$hashedvalue,Karan Mehta 782,36,Female,Chennai,Delhi,"Fashion,Home & Kitchen",2023-04-26,False,True
U00783,user00783,user783@smartcart.ai,pbkdf2:sha256:600000$saltXYZ$hashedvalue,Sneha Gupta 783,64,Male,Mumbai,Punjab,Toys,2025-06-24,False,True
U00784,user00784,user784@smartcart.ai,pbkdf2:sha256:600000$saltXYZ$hashedvalue,Priya Singh 784,26,Other,Hyderabad,Punjab,Health,2025-04-24,False,True
U00785,user00785,user785@smartcart.ai,pbkdf2:sha256:600000$saltXYZ$hashedvalue,Priya Singh 785,51,Other,Mumbai,Maharashtra,Health,2025-12-08,False,True
U00786,user00786,user786@smartcart.ai,pbkdf2:sha256:600000$saltXYZ$hashedvalue,Amit Patel 786,41,Male,Delhi,Delhi,"Health,Electronics",2024-11-16,False,True
U00787,user00787,user787@smartcart.ai,pbkdf2:sha256:600000$saltXYZ$hashedvalue,Amit Patel 787,47,Other,Mumbai,Maharashtra,"Fashion,Automotive",2024-04-21,False,True
U00788,user00788,user788@smartcart.ai,pbkdf2:sha256:600000$saltXYZ$hashedvalue,Amit Patel 788,41,Other,Mumbai,Rajasthan,"Electronics,Books",2024-11-11,False,True
U00789,user00789,user789@smartcart.ai,pbkdf2:sha256:600000$saltXYZ$hashedvalue,Rohit Verma 789,38,Female,Pune,Maharashtra,"Sports,Books",2023-11-14,False,False
U00790,user00790,user790@smartcart.ai,pbkdf2:sha256:600000$saltXYZ$hashedvalue,Priya Singh 790,24,Male,Chennai,Gujarat,"Electronics,Automotive,Toys",2026-01-13,False,True
U00791,user00791,user791@smartcart.ai,pbkdf2:sha256:600000$saltXYZ$hashedvalue,Rahul Sharma 791,36,Other,Pune,Delhi,"Toys,Health",2024-10-22,False,True
U00792,user00792,user792@smartcart.ai,pbkdf2:sha256:600000$saltXYZ$hashedvalue,Deepika Nair 792,53,Other,Hyderabad,Telangana,"Grocery,Toys",2025-08-29,False,False
U00793,user00793,user793@smartcart.ai,pbkdf2:sha256:600000$saltXYZ$hashedvalue,Amit Patel 793,41,Other,Hyderabad,Telangana,"Home & Kitchen,Automotive,Grocery",2025-09-13,False,True
U00794,user00794,user794@smartcart.ai,pbkdf2:sha256:600000$saltXYZ$hashedvalue,Rohit Verma 794,22,Other,Chandigarh,Tamil Nadu,"Fashion,Beauty,Grocery",2025-09-29,False,True
U00795,user00795,user795@smartcart.ai,pbkdf2:sha256:600000$saltXYZ$hashedvalue,Amit Patel 795,55,Male,Bangalore,UP,"Grocery,Fashion,Toys",2023-07-22,False,True
U00796,user00796,user796@smartcart.ai,pbkdf2:sha256:600000$saltXYZ$hashedvalue,Rahul Sharma 796,20,Female,Surat,West Bengal,"Fashion,Home & Kitchen,Health",2025-12-24,False,True
U00797,user00797,user797@smartcart.ai,pbkdf2:sha256:600000$saltXYZ$hashedvalue,Sneha Gupta 797,55,Other,Kolkata,Punjab,"Grocery,Fashion",2023-10-23,False,True
U00798,user00798,user798@smartcart.ai,pbkdf2:sha256:600000$saltXYZ$hashedvalue,Sneha Gupta 798,34,Male,Delhi,Gujarat,"Home & Kitchen,Books,Electronics",2025-03-08,False,True
U00799,user00799,user799@smartcart.ai,pbkdf2:sha256:600000$saltXYZ$hashedvalue,Ananya Joshi 799,60,Male,Kolkata,Maharashtra,"Sports,Automotive",2023-11-23,False,True
U00800,user00800,user800@smartcart.ai,pbkdf2:sha256:600000$saltXYZ$hashedvalue,Karan Mehta 800,33,Other,Pune,Gujarat,"Sports,Toys",2025-07-05,False,True
U00801,user00801,user801@smartcart.ai,pbkdf2:sha256:600000$saltXYZ$hashedvalue,Priya Singh 801,43,Other,Bangalore,Telangana,Health,2023-11-03,False,True
U00802,user00802,user802@smartcart.ai,pbkdf2:sha256:600000$saltXYZ$hashedvalue,Sneha Gupta 802,26,Other,Hyderabad,Maharashtra,"Health,Sports",2025-07-04,False,True
U00803,user00803,user803@smartcart.ai,pbkdf2:sha256:600000$saltXYZ$hashedvalue,Ananya Joshi 803,19,Male,Chennai,Tamil Nadu,"Beauty,Toys,Sports,Electronics",2025-08-12,False,True
U00804,user00804,user804@smartcart.ai,pbkdf2:sha256:600000$saltXYZ$hashedvalue,Amit Patel 804,31,Male,Surat,Karnataka,"Electronics,Grocery,Toys,Sports",2025-11-08,False,True
U00805,user00805,user805@smartcart.ai,pbkdf2:sha256:600000$saltXYZ$hashedvalue,Rahul Sharma 805,53,Female,Bangalore,Punjab,"Sports,Home & Kitchen",2026-01-16,False,True
U00806,user00806,user806@smartcart.ai,pbkdf2:sha256:600000$saltXYZ$hashedvalue,Karan Mehta 806,30,Other,Surat,UP,"Grocery,Books,Home & Kitchen,Toys",2025-01-22,False,True
U00807,user00807,user807@smartcart.ai,pbkdf2:sha256:600000$saltXYZ$hashedvalue,Amit Patel 807,58,Female,Delhi,Delhi,"Toys,Automotive",2025-02-11,False,True
U00808,user00808,user808@smartcart.ai,pbkdf2:sha256:600000$saltXYZ$hashedvalue,Priya Singh 808,46,Other,Hyderabad,Tamil Nadu,Fashion,2023-07-29,False,True
U00809,user00809,user809@smartcart.ai,pbkdf2:sha256:600000$saltXYZ$hashedvalue,Pooja Pillai 809,56,Other,Delhi,Maharashtra,"Beauty,Fashion,Grocery,Health",2024-08-12,False,True
U00810,user00810,user810@smartcart.ai,pbkdf2:sha256:600000$saltXYZ$hashedvalue,Rohit Verma 810,20,Other,Surat,Gujarat,"Fashion,Toys,Sports",2025-04-29,False,True
U00811,user00811,user811@smartcart.ai,pbkdf2:sha256:600000$saltXYZ$hashedvalue,Rahul Sharma 811,39,Female,Surat,Tamil Nadu,Health,2024-09-13,False,True
U00812,user00812,user812@smartcart.ai,pbkdf2:sha256:600000$saltXYZ$hashedvalue,Karan Mehta 812,21,Other,Bangalore,Delhi,Home & Kitchen,2024-04-08,False,True
U00813,user00813,user813@smartcart.ai,pbkdf2:sha256:600000$saltXYZ$hashedvalue,Rohit Verma 813,40,Other,Surat,Maharashtra,Fashion,2023-12-12,False,True
U00814,user00814,user814@smartcart.ai,pbkdf2:sha256:600000$saltXYZ$hashedvalue,Rahul Sharma 814,46,Male,Surat,Rajasthan,"Home & Kitchen,Books,Fashion,Toys",2025-05-17,False,True
U00815,user00815,user815@smartcart.ai,pbkdf2:sha256:600000$saltXYZ$hashedvalue,Deepika Nair 815,52,Female,Mumbai,Delhi,"Automotive,Health,Grocery,Fashion",2023-10-21,False,True
U00816,user00816,user816@smartcart.ai,pbkdf2:sha256:600000$saltXYZ$hashedvalue,Ananya Joshi 816,42,Male,Chennai,UP,"Home & Kitchen,Toys,Health,Sports",2023-10-31,False,True
U00817,user00817,user817@smartcart.ai,pbkdf2:sha256:600000$saltXYZ$hashedvalue,Vijay Kumar 817,52,Female,Kolkata,Karnataka,Health,2023-05-18,False,True
U00818,user00818,user818@smartcart.ai,pbkdf2:sha256:600000$saltXYZ$hashedvalue,Priya Singh 818,23,Other,Bangalore,Delhi,"Automotive,Beauty,Electronics,Health",2025-10-02,False,True
U00819,user00819,user819@smartcart.ai,pbkdf2:sha256:600000$saltXYZ$hashedvalue,Karan Mehta 819,60,Male,Bangalore,Rajasthan,"Home & Kitchen,Sports",2024-09-08,False,False
U00820,user00820,user820@smartcart.ai,pbkdf2:sha256:600000$saltXYZ$hashedvalue,Pooja Pillai 820,55,Male,Hyderabad,Gujarat,Health,2025-06-22,False,True
U00821,user00821,user821@smartcart.ai,pbkdf2:sha256:600000$saltXYZ$hashedvalue,Ananya Joshi 821,21,Female,Hyderabad,West Bengal,"Books,Grocery",2024-03-15,False,True
U00822,user00822,user822@smartcart.ai,pbkdf2:sha256:600000$saltXYZ$hashedvalue,Sneha Gupta 822,41,Female,Jaipur,Karnataka,"Fashion,Automotive,Books,Health",2024-09-14,False,True
U00823,user00823,user823@smartcart.ai,pbkdf2:sha256:600000$saltXYZ$hashedvalue,Priya Singh 823,63,Other,Kolkata,West Bengal,"Toys,Automotive,Electronics,Sports",2024-07-30,False,True
U00824,user00824,user824@smartcart.ai,pbkdf2:sha256:600000$saltXYZ$hashedvalue,Ananya Joshi 824,63,Male,Kolkata,West Bengal,Sports,2026-03-09,False,True
U00825,user00825,user825@smartcart.ai,pbkdf2:sha256:600000$saltXYZ$hashedvalue,Pooja Pillai 825,28,Other,Bangalore,Gujarat,"Home & Kitchen,Automotive,Toys,Books",2024-11-28,False,True
U00826,user00826,user826@smartcart.ai,pbkdf2:sha256:600000$saltXYZ$hashedvalue,Vijay Kumar 826,40,Other,Chennai,Maharashtra,Sports,2023-07-19,False,True
U00827,user00827,user827@smartcart.ai,pbkdf2:sha256:600000$saltXYZ$hashedvalue,Priya Singh 827,63,Other,Hyderabad,Delhi,"Sports,Health,Automotive,Fashion",2025-01-13,False,True
U00828,user00828,user828@smartcart.ai,pbkdf2:sha256:600000$saltXYZ$hashedvalue,Ananya Joshi 828,53,Female,Bangalore,Telangana,"Grocery,Electronics,Sports,Beauty",2024-07-21,False,False
U00829,user00829,user829@smartcart.ai,pbkdf2:sha256:600000$saltXYZ$hashedvalue,Sneha Gupta 829,49,Male,Ahmedabad,Delhi,"Beauty,Toys",2025-11-02,False,True
U00830,user00830,user830@smartcart.ai,pbkdf2:sha256:600000$saltXYZ$hashedvalue,Vijay Kumar 830,48,Other,Hyderabad,West Bengal,"Books,Fashion,Home & Kitchen",2024-08-14,False,True
U00831,user00831,user831@smartcart.ai,pbkdf2:sha256:600000$saltXYZ$hashedvalue,Deepika Nair 831,21,Male,Ahmedabad,West Bengal,Books,2024-04-21,False,True
U00832,user00832,user832@smartcart.ai,pbkdf2:sha256:600000$saltXYZ$hashedvalue,Sneha Gupta 832,26,Male,Jaipur,Delhi,"Toys,Sports",2025-09-06,False,True
U00833,user00833,user833@smartcart.ai,pbkdf2:sha256:600000$saltXYZ$hashedvalue,Deepika Nair 833,57,Female,Kolkata,Gujarat,"Grocery,Toys,Fashion",2025-04-22,False,True
U00834,user00834,user834@smartcart.ai,pbkdf2:sha256:600000$saltXYZ$hashedvalue,Sneha Gupta 834,39,Other,Chennai,Telangana,"Home & Kitchen,Automotive",2025-07-04,False,True
U00835,user00835,user835@smartcart.ai,pbkdf2:sha256:600000$saltXYZ$hashedvalue,Pooja Pillai 835,44,Male,Surat,Rajasthan,"Beauty,Sports",2024-03-17,False,True
U00836,user00836,user836@smartcart.ai,pbkdf2:sha256:600000$saltXYZ$hashedvalue,Deepika Nair 836,26,Other,Delhi,Tamil Nadu,"Home & Kitchen,Health,Grocery,Books",2023-09-11,False,True
U00837,user00837,user837@smartcart.ai,pbkdf2:sha256:600000$saltXYZ$hashedvalue,Deepika Nair 837,63,Other,Mumbai,Rajasthan,"Fashion,Books,Automotive",2025-08-28,False,True
U00838,user00838,user838@smartcart.ai,pbkdf2:sha256:600000$saltXYZ$hashedvalue,Vijay Kumar 838,65,Female,Bangalore,Tamil Nadu,"Toys,Books",2024-01-06,False,True
U00839,user00839,user839@smartcart.ai,pbkdf2:sha256:600000$saltXYZ$hashedvalue,Rahul Sharma 839,39,Male,Ahmedabad,Tamil Nadu,Sports,2024-10-14,False,True
U00840,user00840,user840@smartcart.ai,pbkdf2:sha256:600000$saltXYZ$hashedvalue,Amit Patel 840,19,Female,Ahmedabad,Telangana,"Books,Beauty,Home & Kitchen,Grocery",2024-01-18,False,True
U00841,user00841,user841@smartcart.ai,pbkdf2:sha256:600000$saltXYZ$hashedvalue,Karan Mehta 841,30,Other,Bangalore,Delhi,"Electronics,Books,Health,Sports",2026-04-22,False,True
U00842,user00842,user842@smartcart.ai,pbkdf2:sha256:600000$saltXYZ$hashedvalue,Karan Mehta 842,59,Other,Pune,Delhi,Books,2025-03-19,False,True
U00843,user00843,user843@smartcart.ai,pbkdf2:sha256:600000$saltXYZ$hashedvalue,Vijay Kumar 843,34,Other,Ahmedabad,Rajasthan,Fashion,2024-08-07,False,True
U00844,user00844,user844@smartcart.ai,pbkdf2:sha256:600000$saltXYZ$hashedvalue,Amit Patel 844,23,Other,Jaipur,West Bengal,Health,2023-11-03,False,True
U00845,user00845,user845@smartcart.ai,pbkdf2:sha256:600000$saltXYZ$hashedvalue,Priya Singh 845,35,Male,Ahmedabad,Tamil Nadu,"Grocery,Sports,Electronics",2026-04-01,False,True
U00846,user00846,user846@smartcart.ai,pbkdf2:sha256:600000$saltXYZ$hashedvalue,Priya Singh 846,26,Male,Kolkata,Tamil Nadu,"Electronics,Health",2025-11-18,False,True
U00847,user00847,user847@smartcart.ai,pbkdf2:sha256:600000$saltXYZ$hashedvalue,Amit Patel 847,55,Other,Chandigarh,West Bengal,Health,2025-07-05,False,True
U00848,user00848,user848@smartcart.ai,pbkdf2:sha256:600000$saltXYZ$hashedvalue,Amit Patel 848,20,Male,Pune,Rajasthan,Automotive,2024-05-01,False,True
U00849,user00849,user849@smartcart.ai,pbkdf2:sha256:600000$saltXYZ$hashedvalue,Pooja Pillai 849,23,Other,Ahmedabad,Rajasthan,"Toys,Home & Kitchen,Health",2025-11-26,False,True
U00850,user00850,user850@smartcart.ai,pbkdf2:sha256:600000$saltXYZ$hashedvalue,Amit Patel 850,24,Female,Jaipur,Karnataka,Automotive,2025-11-07,False,True
U00851,user00851,user851@smartcart.ai,pbkdf2:sha256:600000$saltXYZ$hashedvalue,Priya Singh 851,48,Male,Chandigarh,Maharashtra,Home & Kitchen,2023-10-07,False,True
U00852,user00852,user852@smartcart.ai,pbkdf2:sha256:600000$saltXYZ$hashedvalue,Sneha Gupta 852,36,Female,Bangalore,Rajasthan,"Automotive,Sports",2024-09-12,False,True
U00853,user00853,user853@smartcart.ai,pbkdf2:sha256:600000$saltXYZ$hashedvalue,Karan Mehta 853,39,Male,Chandigarh,Maharashtra,"Fashion,Electronics,Home & Kitchen",2024-01-23,False,True
U00854,user00854,user854@smartcart.ai,pbkdf2:sha256:600000$saltXYZ$hashedvalue,Rahul Sharma 854,32,Male,Mumbai,Gujarat,"Health,Beauty,Electronics,Grocery",2023-09-13,False,True
U00855,user00855,user855@smartcart.ai,pbkdf2:sha256:600000$saltXYZ$hashedvalue,Sneha Gupta 855,31,Other,Surat,Rajasthan,Grocery,2026-03-16,False,True
U00856,user00856,user856@smartcart.ai,pbkdf2:sha256:600000$saltXYZ$hashedvalue,Vijay Kumar 856,31,Male,Bangalore,Karnataka,"Automotive,Health",2025-09-09,False,True
U00857,user00857,user857@smartcart.ai,pbkdf2:sha256:600000$saltXYZ$hashedvalue,Amit Patel 857,43,Female,Chandigarh,Karnataka,"Automotive,Home & Kitchen,Toys",2025-06-21,False,True
U00858,user00858,user858@smartcart.ai,pbkdf2:sha256:600000$saltXYZ$hashedvalue,Rohit Verma 858,43,Male,Surat,West Bengal,"Grocery,Fashion,Beauty,Books",2024-06-18,False,True
U00859,user00859,user859@smartcart.ai,pbkdf2:sha256:600000$saltXYZ$hashedvalue,Rahul Sharma 859,25,Other,Mumbai,Tamil Nadu,"Toys,Grocery,Home & Kitchen",2025-10-27,False,True
U00860,user00860,user860@smartcart.ai,pbkdf2:sha256:600000$saltXYZ$hashedvalue,Vijay Kumar 860,19,Other,Chennai,West Bengal,"Beauty,Home & Kitchen",2023-07-09,False,True
U00861,user00861,user861@smartcart.ai,pbkdf2:sha256:600000$saltXYZ$hashedvalue,Karan Mehta 861,23,Female,Delhi,Tamil Nadu,"Health,Toys,Grocery,Fashion",2023-09-16,False,True
U00862,user00862,user862@smartcart.ai,pbkdf2:sha256:600000$saltXYZ$hashedvalue,Vijay Kumar 862,23,Male,Pune,UP,"Sports,Automotive",2023-10-13,False,True
U00863,user00863,user863@smartcart.ai,pbkdf2:sha256:600000$saltXYZ$hashedvalue,Priya Singh 863,56,Other,Chennai,Rajasthan,"Home & Kitchen,Beauty,Toys,Automotive",2024-12-11,False,True
U00864,user00864,user864@smartcart.ai,pbkdf2:sha256:600000$saltXYZ$hashedvalue,Rahul Sharma 864,20,Other,Bangalore,Rajasthan,Home & Kitchen,2025-03-20,False,True
U00865,user00865,user865@smartcart.ai,pbkdf2:sha256:600000$saltXYZ$hashedvalue,Priya Singh 865,65,Other,Kolkata,Karnataka,"Books,Health,Toys,Home & Kitchen",2025-02-12,False,True
U00866,user00866,user866@smartcart.ai,pbkdf2:sha256:600000$saltXYZ$hashedvalue,Vijay Kumar 866,49,Female,Ahmedabad,Tamil Nadu,"Toys,Home & Kitchen",2025-02-23,False,True
U00867,user00867,user867@smartcart.ai,pbkdf2:sha256:600000$saltXYZ$hashedvalue,Ananya Joshi 867,60,Male,Jaipur,Punjab,"Toys,Electronics,Health,Home & Kitchen",2023-10-16,False,True
U00868,user00868,user868@smartcart.ai,pbkdf2:sha256:600000$saltXYZ$hashedvalue,Sneha Gupta 868,27,Female,Lucknow,Rajasthan,"Books,Automotive,Home & Kitchen,Grocery",2026-03-13,False,True
U00869,user00869,user869@smartcart.ai,pbkdf2:sha256:600000$saltXYZ$hashedvalue,Pooja Pillai 869,62,Male,Kolkata,Rajasthan,"Automotive,Health",2024-04-11,False,True
U00870,user00870,user870@smartcart.ai,pbkdf2:sha256:600000$saltXYZ$hashedvalue,Ananya Joshi 870,20,Female,Surat,Karnataka,Toys,2025-03-03,False,True
U00871,user00871,user871@smartcart.ai,pbkdf2:sha256:600000$saltXYZ$hashedvalue,Rahul Sharma 871,42,Other,Ahmedabad,Punjab,Electronics,2024-10-07,False,True
U00872,user00872,user872@smartcart.ai,pbkdf2:sha256:600000$saltXYZ$hashedvalue,Ananya Joshi 872,38,Female,Surat,West Bengal,"Books,Home & Kitchen,Fashion,Beauty",2024-01-23,False,True
U00873,user00873,user873@smartcart.ai,pbkdf2:sha256:600000$saltXYZ$hashedvalue,Rohit Verma 873,29,Male,Mumbai,West Bengal,Books,2024-04-03,False,True
U00874,user00874,user874@smartcart.ai,pbkdf2:sha256:600000$saltXYZ$hashedvalue,Rohit Verma 874,53,Female,Delhi,Telangana,"Fashion,Home & Kitchen",2025-01-02,False,True
U00875,user00875,user875@smartcart.ai,pbkdf2:sha256:600000$saltXYZ$hashedvalue,Karan Mehta 875,34,Female,Kolkata,UP,Sports,2024-03-30,False,True
U00876,user00876,user876@smartcart.ai,pbkdf2:sha256:600000$saltXYZ$hashedvalue,Vijay Kumar 876,39,Male,Bangalore,West Bengal,"Books,Beauty,Grocery",2023-06-14,False,True
U00877,user00877,user877@smartcart.ai,pbkdf2:sha256:600000$saltXYZ$hashedvalue,Rohit Verma 877,34,Female,Chandigarh,Delhi,"Sports,Fashion,Beauty",2023-07-12,False,False
U00878,user00878,user878@smartcart.ai,pbkdf2:sha256:600000$saltXYZ$hashedvalue,Ananya Joshi 878,34,Male,Chennai,Telangana,"Books,Electronics,Sports",2024-04-22,False,True
U00879,user00879,user879@smartcart.ai,pbkdf2:sha256:600000$saltXYZ$hashedvalue,Sneha Gupta 879,62,Female,Kolkata,UP,"Grocery,Home & Kitchen,Toys",2025-04-07,False,True
U00880,user00880,user880@smartcart.ai,pbkdf2:sha256:600000$saltXYZ$hashedvalue,Ananya Joshi 880,44,Male,Kolkata,Rajasthan,"Health,Toys,Home & Kitchen",2024-06-17,False,True
U00881,user00881,user881@smartcart.ai,pbkdf2:sha256:600000$saltXYZ$hashedvalue,Rahul Sharma 881,50,Male,Mumbai,West Bengal,"Grocery,Automotive,Electronics",2026-04-04,False,True
U00882,user00882,user882@smartcart.ai,pbkdf2:sha256:600000$saltXYZ$hashedvalue,Pooja Pillai 882,50,Other,Jaipur,Punjab,"Sports,Fashion",2024-02-05,False,True
U00883,user00883,user883@smartcart.ai,pbkdf2:sha256:600000$saltXYZ$hashedvalue,Deepika Nair 883,60,Female,Hyderabad,Telangana,"Home & Kitchen,Electronics",2023-09-04,False,True
U00884,user00884,user884@smartcart.ai,pbkdf2:sha256:600000$saltXYZ$hashedvalue,Rohit Verma 884,26,Female,Chandigarh,Telangana,"Grocery,Sports,Beauty,Home & Kitchen",2024-05-02,False,True
U00885,user00885,user885@smartcart.ai,pbkdf2:sha256:600000$saltXYZ$hashedvalue,Deepika Nair 885,60,Other,Delhi,Telangana,"Toys,Sports,Automotive",2024-05-03,False,True
U00886,user00886,user886@smartcart.ai,pbkdf2:sha256:600000$saltXYZ$hashedvalue,Pooja Pillai 886,27,Female,Jaipur,Rajasthan,Electronics,2023-11-14,False,True
U00887,user00887,user887@smartcart.ai,pbkdf2:sha256:600000$saltXYZ$hashedvalue,Ananya Joshi 887,60,Male,Hyderabad,Tamil Nadu,"Toys,Health",2023-08-25,False,True
U00888,user00888,user888@smartcart.ai,pbkdf2:sha256:600000$saltXYZ$hashedvalue,Amit Patel 888,53,Other,Chandigarh,West Bengal,Electronics,2023-11-06,False,True
U00889,user00889,user889@smartcart.ai,pbkdf2:sha256:600000$saltXYZ$hashedvalue,Priya Singh 889,19,Other,Hyderabad,West Bengal,"Sports,Fashion",2023-07-11,False,True
U00890,user00890,user890@smartcart.ai,pbkdf2:sha256:600000$saltXYZ$hashedvalue,Karan Mehta 890,61,Female,Bangalore,Karnataka,"Toys,Health,Home & Kitchen",2024-04-06,False,True
U00891,user00891,user891@smartcart.ai,pbkdf2:sha256:600000$saltXYZ$hashedvalue,Sneha Gupta 891,18,Other,Pune,Tamil Nadu,Beauty,2025-10-30,False,True
U00892,user00892,user892@smartcart.ai,pbkdf2:sha256:600000$saltXYZ$hashedvalue,Sneha Gupta 892,29,Female,Mumbai,West Bengal,"Home & Kitchen,Beauty,Sports,Books",2024-01-31,False,True
U00893,user00893,user893@smartcart.ai,pbkdf2:sha256:600000$saltXYZ$hashedvalue,Sneha Gupta 893,20,Other,Jaipur,UP,Beauty,2023-05-29,False,True
U00894,user00894,user894@smartcart.ai,pbkdf2:sha256:600000$saltXYZ$hashedvalue,Pooja Pillai 894,28,Female,Mumbai,Gujarat,Books,2025-04-03,False,True
U00895,user00895,user895@smartcart.ai,pbkdf2:sha256:600000$saltXYZ$hashedvalue,Ananya Joshi 895,56,Other,Ahmedabad,Rajasthan,"Books,Beauty",2023-10-07,False,True
U00896,user00896,user896@smartcart.ai,pbkdf2:sha256:600000$saltXYZ$hashedvalue,Ananya Joshi 896,55,Male,Delhi,Telangana,Grocery,2026-01-04,False,True
U00897,user00897,user897@smartcart.ai,pbkdf2:sha256:600000$saltXYZ$hashedvalue,Ananya Joshi 897,59,Female,Chandigarh,Telangana,Health,2025-01-29,False,True
U00898,user00898,user898@smartcart.ai,pbkdf2:sha256:600000$saltXYZ$hashedvalue,Rahul Sharma 898,29,Female,Bangalore,Maharashtra,Fashion,2023-11-09,False,True
U00899,user00899,user899@smartcart.ai,pbkdf2:sha256:600000$saltXYZ$hashedvalue,Amit Patel 899,38,Female,Bangalore,Tamil Nadu,"Sports,Electronics,Toys,Beauty",2025-02-24,False,True
U00900,user00900,user900@smartcart.ai,pbkdf2:sha256:600000$saltXYZ$hashedvalue,Sneha Gupta 900,45,Male,Pune,Gujarat,"Grocery,Electronics,Health",2023-12-29,False,True
U00901,user00901,user901@smartcart.ai,pbkdf2:sha256:600000$saltXYZ$hashedvalue,Rahul Sharma 901,33,Male,Mumbai,Maharashtra,"Fashion,Health,Automotive",2025-05-07,False,True
U00902,user00902,user902@smartcart.ai,pbkdf2:sha256:600000$saltXYZ$hashedvalue,Deepika Nair 902,45,Male,Chennai,West Bengal,"Grocery,Home & Kitchen,Books,Beauty",2025-03-09,False,True
U00903,user00903,user903@smartcart.ai,pbkdf2:sha256:600000$saltXYZ$hashedvalue,Ananya Joshi 903,53,Female,Pune,Rajasthan,Home & Kitchen,2023-06-19,False,True
U00904,user00904,user904@smartcart.ai,pbkdf2:sha256:600000$saltXYZ$hashedvalue,Ananya Joshi 904,63,Female,Mumbai,Rajasthan,"Books,Beauty,Health,Toys",2026-04-14,False,True
U00905,user00905,user905@smartcart.ai,pbkdf2:sha256:600000$saltXYZ$hashedvalue,Deepika Nair 905,51,Female,Chennai,West Bengal,"Fashion,Health,Electronics",2023-11-06,False,True
U00906,user00906,user906@smartcart.ai,pbkdf2:sha256:600000$saltXYZ$hashedvalue,Vijay Kumar 906,27,Other,Hyderabad,UP,"Fashion,Health,Grocery",2025-09-02,False,True
U00907,user00907,user907@smartcart.ai,pbkdf2:sha256:600000$saltXYZ$hashedvalue,Pooja Pillai 907,30,Other,Kolkata,Tamil Nadu,Automotive,2024-04-13,False,True
U00908,user00908,user908@smartcart.ai,pbkdf2:sha256:600000$saltXYZ$hashedvalue,Ananya Joshi 908,54,Male,Surat,West Bengal,"Automotive,Fashion",2025-05-23,False,True
U00909,user00909,user909@smartcart.ai,pbkdf2:sha256:600000$saltXYZ$hashedvalue,Priya Singh 909,45,Other,Delhi,West Bengal,"Books,Health",2025-05-21,False,True
U00910,user00910,user910@smartcart.ai,pbkdf2:sha256:600000$saltXYZ$hashedvalue,Priya Singh 910,54,Female,Kolkata,Maharashtra,Grocery,2024-06-15,False,True
U00911,user00911,user911@smartcart.ai,pbkdf2:sha256:600000$saltXYZ$hashedvalue,Priya Singh 911,38,Other,Ahmedabad,Gujarat,"Electronics,Sports,Fashion",2025-09-13,False,True
U00912,user00912,user912@smartcart.ai,pbkdf2:sha256:600000$saltXYZ$hashedvalue,Ananya Joshi 912,18,Female,Jaipur,Tamil Nadu,Home & Kitchen,2024-02-05,False,True
U00913,user00913,user913@smartcart.ai,pbkdf2:sha256:600000$saltXYZ$hashedvalue,Amit Patel 913,64,Male,Surat,UP,"Automotive,Grocery,Home & Kitchen,Sports",2025-02-18,False,True
U00914,user00914,user914@smartcart.ai,pbkdf2:sha256:600000$saltXYZ$hashedvalue,Priya Singh 914,64,Female,Jaipur,UP,Automotive,2023-06-20,False,True
U00915,user00915,user915@smartcart.ai,pbkdf2:sha256:600000$saltXYZ$hashedvalue,Rohit Verma 915,53,Male,Lucknow,Tamil Nadu,Electronics,2024-04-29,False,True
U00916,user00916,user916@smartcart.ai,pbkdf2:sha256:600000$saltXYZ$hashedvalue,Sneha Gupta 916,50,Other,Bangalore,Telangana,Home & Kitchen,2024-03-22,False,True
U00917,user00917,user917@smartcart.ai,pbkdf2:sha256:600000$saltXYZ$hashedvalue,Karan Mehta 917,30,Female,Hyderabad,Gujarat,"Home & Kitchen,Toys,Automotive,Electronics",2023-06-13,False,True
U00918,user00918,user918@smartcart.ai,pbkdf2:sha256:600000$saltXYZ$hashedvalue,Rahul Sharma 918,65,Other,Ahmedabad,Maharashtra,"Books,Grocery,Fashion,Electronics",2024-03-02,False,True
U00919,user00919,user919@smartcart.ai,pbkdf2:sha256:600000$saltXYZ$hashedvalue,Vijay Kumar 919,25,Male,Pune,Karnataka,"Electronics,Health,Grocery,Sports",2026-04-07,False,True
U00920,user00920,user920@smartcart.ai,pbkdf2:sha256:600000$saltXYZ$hashedvalue,Sneha Gupta 920,29,Female,Mumbai,Punjab,"Fashion,Toys,Home & Kitchen,Sports",2024-12-19,False,True
U00921,user00921,user921@smartcart.ai,pbkdf2:sha256:600000$saltXYZ$hashedvalue,Deepika Nair 921,39,Female,Jaipur,Maharashtra,Home & Kitchen,2025-10-17,False,True
U00922,user00922,user922@smartcart.ai,pbkdf2:sha256:600000$saltXYZ$hashedvalue,Karan Mehta 922,49,Male,Kolkata,Maharashtra,"Electronics,Fashion,Toys,Health",2023-08-17,False,True
U00923,user00923,user923@smartcart.ai,pbkdf2:sha256:600000$saltXYZ$hashedvalue,Amit Patel 923,31,Other,Surat,Gujarat,Automotive,2024-05-31,False,True
U00924,user00924,user924@smartcart.ai,pbkdf2:sha256:600000$saltXYZ$hashedvalue,Rahul Sharma 924,58,Other,Surat,West Bengal,Fashion,2024-07-31,False,True
U00925,user00925,user925@smartcart.ai,pbkdf2:sha256:600000$saltXYZ$hashedvalue,Rahul Sharma 925,59,Male,Delhi,West Bengal,"Fashion,Electronics,Health,Grocery",2023-12-18,False,True
U00926,user00926,user926@smartcart.ai,pbkdf2:sha256:600000$saltXYZ$hashedvalue,Deepika Nair 926,43,Male,Jaipur,Delhi,"Automotive,Books",2025-10-29,False,False
U00927,user00927,user927@smartcart.ai,pbkdf2:sha256:600000$saltXYZ$hashedvalue,Sneha Gupta 927,24,Other,Chennai,Punjab,Electronics,2024-12-14,False,True
U00928,user00928,user928@smartcart.ai,pbkdf2:sha256:600000$saltXYZ$hashedvalue,Deepika Nair 928,37,Male,Bangalore,Tamil Nadu,Beauty,2023-07-11,False,True
U00929,user00929,user929@smartcart.ai,pbkdf2:sha256:600000$saltXYZ$hashedvalue,Deepika Nair 929,32,Male,Mumbai,Delhi,"Automotive,Grocery",2025-07-13,False,True
U00930,user00930,user930@smartcart.ai,pbkdf2:sha256:600000$saltXYZ$hashedvalue,Sneha Gupta 930,25,Other,Mumbai,Tamil Nadu,Toys,2025-03-22,False,True
U00931,user00931,user931@smartcart.ai,pbkdf2:sha256:600000$saltXYZ$hashedvalue,Pooja Pillai 931,52,Female,Chandigarh,Maharashtra,"Books,Electronics,Health,Grocery",2024-09-23,False,True
U00932,user00932,user932@smartcart.ai,pbkdf2:sha256:600000$saltXYZ$hashedvalue,Rohit Verma 932,53,Female,Kolkata,Punjab,"Sports,Health",2026-02-06,False,True
U00933,user00933,user933@smartcart.ai,pbkdf2:sha256:600000$saltXYZ$hashedvalue,Rohit Verma 933,38,Other,Kolkata,Delhi,"Fashion,Home & Kitchen",2025-03-08,False,True
U00934,user00934,user934@smartcart.ai,pbkdf2:sha256:600000$saltXYZ$hashedvalue,Rohit Verma 934,26,Female,Lucknow,Tamil Nadu,Books,2024-05-29,False,True
U00935,user00935,user935@smartcart.ai,pbkdf2:sha256:600000$saltXYZ$hashedvalue,Pooja Pillai 935,34,Other,Mumbai,Delhi,"Books,Toys",2025-10-06,False,True
U00936,user00936,user936@smartcart.ai,pbkdf2:sha256:600000$saltXYZ$hashedvalue,Karan Mehta 936,20,Male,Chennai,Tamil Nadu,"Health,Electronics,Beauty,Grocery",2023-05-09,False,True
U00937,user00937,user937@smartcart.ai,pbkdf2:sha256:600000$saltXYZ$hashedvalue,Priya Singh 937,39,Female,Chandigarh,Rajasthan,"Fashion,Home & Kitchen",2025-02-28,False,True
U00938,user00938,user938@smartcart.ai,pbkdf2:sha256:600000$saltXYZ$hashedvalue,Ananya Joshi 938,49,Female,Pune,Maharashtra,Sports,2024-10-21,False,True
U00939,user00939,user939@smartcart.ai,pbkdf2:sha256:600000$saltXYZ$hashedvalue,Karan Mehta 939,54,Other,Surat,Tamil Nadu,Grocery,2023-07-18,False,True
U00940,user00940,user940@smartcart.ai,pbkdf2:sha256:600000$saltXYZ$hashedvalue,Amit Patel 940,30,Male,Delhi,Karnataka,"Beauty,Electronics,Home & Kitchen,Toys",2024-10-12,False,True
U00941,user00941,user941@smartcart.ai,pbkdf2:sha256:600000$saltXYZ$hashedvalue,Rohit Verma 941,49,Other,Lucknow,Tamil Nadu,"Home & Kitchen,Health,Grocery,Books",2026-01-26,False,True
U00942,user00942,user942@smartcart.ai,pbkdf2:sha256:600000$saltXYZ$hashedvalue,Ananya Joshi 942,41,Other,Mumbai,Maharashtra,"Books,Grocery,Toys",2025-10-02,False,True
U00943,user00943,user943@smartcart.ai,pbkdf2:sha256:600000$saltXYZ$hashedvalue,Rohit Verma 943,24,Female,Ahmedabad,Gujarat,"Electronics,Automotive",2026-04-15,False,True
U00944,user00944,user944@smartcart.ai,pbkdf2:sha256:600000$saltXYZ$hashedvalue,Vijay Kumar 944,54,Male,Lucknow,Gujarat,Toys,2023-09-15,False,True
U00945,user00945,user945@smartcart.ai,pbkdf2:sha256:600000$saltXYZ$hashedvalue,Pooja Pillai 945,44,Other,Delhi,Tamil Nadu,"Electronics,Beauty,Books,Sports",2025-02-19,False,True
U00946,user00946,user946@smartcart.ai,pbkdf2:sha256:600000$saltXYZ$hashedvalue,Amit Patel 946,31,Male,Kolkata,Gujarat,"Toys,Grocery,Books",2025-03-10,False,True
U00947,user00947,user947@smartcart.ai,pbkdf2:sha256:600000$saltXYZ$hashedvalue,Deepika Nair 947,22,Other,Surat,West Bengal,"Toys,Health,Fashion",2025-01-05,False,True
U00948,user00948,user948@smartcart.ai,pbkdf2:sha256:600000$saltXYZ$hashedvalue,Pooja Pillai 948,26,Female,Bangalore,West Bengal,Automotive,2025-03-18,False,True
U00949,user00949,user949@smartcart.ai,pbkdf2:sha256:600000$saltXYZ$hashedvalue,Rohit Verma 949,64,Other,Chandigarh,Rajasthan,"Toys,Sports",2025-07-24,False,True
U00950,user00950,user950@smartcart.ai,pbkdf2:sha256:600000$saltXYZ$hashedvalue,Ananya Joshi 950,60,Female,Pune,Karnataka,"Home & Kitchen,Sports,Fashion",2024-03-03,False,True
U00951,user00951,user951@smartcart.ai,pbkdf2:sha256:600000$saltXYZ$hashedvalue,Karan Mehta 951,33,Other,Ahmedabad,Karnataka,"Health,Beauty",2025-10-30,False,True
U00952,user00952,user952@smartcart.ai,pbkdf2:sha256:600000$saltXYZ$hashedvalue,Vijay Kumar 952,38,Other,Delhi,West Bengal,"Automotive,Fashion,Books",2025-06-27,False,True
U00953,user00953,user953@smartcart.ai,pbkdf2:sha256:600000$saltXYZ$hashedvalue,Karan Mehta 953,47,Other,Chennai,Tamil Nadu,"Sports,Fashion,Toys",2025-02-22,False,True
U00954,user00954,user954@smartcart.ai,pbkdf2:sha256:600000$saltXYZ$hashedvalue,Pooja Pillai 954,27,Female,Pune,Telangana,"Home & Kitchen,Grocery,Automotive",2025-09-05,False,True
U00955,user00955,user955@smartcart.ai,pbkdf2:sha256:600000$saltXYZ$hashedvalue,Sneha Gupta 955,29,Male,Lucknow,Tamil Nadu,Books,2025-01-01,False,True
U00956,user00956,user956@smartcart.ai,pbkdf2:sha256:600000$saltXYZ$hashedvalue,Sneha Gupta 956,31,Female,Chennai,Tamil Nadu,"Fashion,Health,Books,Toys",2024-07-29,False,True
U00957,user00957,user957@smartcart.ai,pbkdf2:sha256:600000$saltXYZ$hashedvalue,Priya Singh 957,45,Other,Delhi,Gujarat,"Books,Automotive",2023-04-28,False,True
U00958,user00958,user958@smartcart.ai,pbkdf2:sha256:600000$saltXYZ$hashedvalue,Ananya Joshi 958,38,Male,Delhi,Delhi,"Home & Kitchen,Automotive,Grocery",2023-07-29,False,True
U00959,user00959,user959@smartcart.ai,pbkdf2:sha256:600000$saltXYZ$hashedvalue,Sneha Gupta 959,50,Male,Pune,Tamil Nadu,Grocery,2023-09-11,False,True
U00960,user00960,user960@smartcart.ai,pbkdf2:sha256:600000$saltXYZ$hashedvalue,Karan Mehta 960,18,Male,Chennai,Karnataka,"Automotive,Sports,Books,Electronics",2025-11-13,False,True
U00961,user00961,user961@smartcart.ai,pbkdf2:sha256:600000$saltXYZ$hashedvalue,Vijay Kumar 961,56,Male,Kolkata,Maharashtra,"Toys,Grocery,Books",2025-05-01,False,True
U00962,user00962,user962@smartcart.ai,pbkdf2:sha256:600000$saltXYZ$hashedvalue,Sneha Gupta 962,44,Female,Mumbai,Rajasthan,"Toys,Fashion",2026-03-16,False,True
U00963,user00963,user963@smartcart.ai,pbkdf2:sha256:600000$saltXYZ$hashedvalue,Ananya Joshi 963,23,Other,Chennai,Telangana,Grocery,2025-07-01,False,True
U00964,user00964,user964@smartcart.ai,pbkdf2:sha256:600000$saltXYZ$hashedvalue,Amit Patel 964,40,Female,Lucknow,Delhi,"Toys,Electronics,Health",2025-10-14,False,True
U00965,user00965,user965@smartcart.ai,pbkdf2:sha256:600000$saltXYZ$hashedvalue,Sneha Gupta 965,30,Other,Surat,Punjab,"Fashion,Books,Automotive,Electronics",2023-10-04,False,True
U00966,user00966,user966@smartcart.ai,pbkdf2:sha256:600000$saltXYZ$hashedvalue,Ananya Joshi 966,30,Male,Surat,Gujarat,Health,2025-12-17,False,True
U00967,user00967,user967@smartcart.ai,pbkdf2:sha256:600000$saltXYZ$hashedvalue,Amit Patel 967,59,Male,Chennai,Tamil Nadu,"Automotive,Sports,Toys",2026-03-16,False,True
U00968,user00968,user968@smartcart.ai,pbkdf2:sha256:600000$saltXYZ$hashedvalue,Karan Mehta 968,20,Male,Mumbai,Maharashtra,"Books,Automotive,Toys,Home & Kitchen",2025-05-12,False,True
U00969,user00969,user969@smartcart.ai,pbkdf2:sha256:600000$saltXYZ$hashedvalue,Amit Patel 969,34,Male,Lucknow,West Bengal,Automotive,2024-03-25,False,True
U00970,user00970,user970@smartcart.ai,pbkdf2:sha256:600000$saltXYZ$hashedvalue,Karan Mehta 970,21,Other,Delhi,West Bengal,"Sports,Home & Kitchen,Electronics",2024-02-03,False,True
U00971,user00971,user971@smartcart.ai,pbkdf2:sha256:600000$saltXYZ$hashedvalue,Ananya Joshi 971,42,Female,Bangalore,Punjab,Health,2025-03-05,False,False
U00972,user00972,user972@smartcart.ai,pbkdf2:sha256:600000$saltXYZ$hashedvalue,Karan Mehta 972,48,Other,Pune,Delhi,"Grocery,Home & Kitchen,Toys",2023-07-08,False,True
U00973,user00973,user973@smartcart.ai,pbkdf2:sha256:600000$saltXYZ$hashedvalue,Pooja Pillai 973,21,Female,Hyderabad,Karnataka,"Electronics,Grocery",2024-01-30,False,True
U00974,user00974,user974@smartcart.ai,pbkdf2:sha256:600000$saltXYZ$hashedvalue,Vijay Kumar 974,50,Male,Surat,Maharashtra,"Books,Fashion",2023-09-19,False,True
U00975,user00975,user975@smartcart.ai,pbkdf2:sha256:600000$saltXYZ$hashedvalue,Rohit Verma 975,64,Male,Chennai,Rajasthan,Toys,2024-11-04,False,True
U00976,user00976,user976@smartcart.ai,pbkdf2:sha256:600000$saltXYZ$hashedvalue,Ananya Joshi 976,34,Female,Pune,Tamil Nadu,"Health,Fashion",2024-01-31,False,False
U00977,user00977,user977@smartcart.ai,pbkdf2:sha256:600000$saltXYZ$hashedvalue,Deepika Nair 977,59,Other,Chennai,Delhi,Home & Kitchen,2024-03-24,False,True
U00978,user00978,user978@smartcart.ai,pbkdf2:sha256:600000$saltXYZ$hashedvalue,Priya Singh 978,62,Female,Chennai,Rajasthan,"Grocery,Health",2023-08-20,False,True
U00979,user00979,user979@smartcart.ai,pbkdf2:sha256:600000$saltXYZ$hashedvalue,Priya Singh 979,29,Female,Surat,Karnataka,Automotive,2024-06-25,False,True
U00980,user00980,user980@smartcart.ai,pbkdf2:sha256:600000$saltXYZ$hashedvalue,Ananya Joshi 980,37,Female,Surat,Rajasthan,Sports,2025-11-02,False,True
U00981,user00981,user981@smartcart.ai,pbkdf2:sha256:600000$saltXYZ$hashedvalue,Rahul Sharma 981,60,Other,Ahmedabad,Rajasthan,"Books,Automotive,Grocery",2026-03-29,False,True
U00982,user00982,user982@smartcart.ai,pbkdf2:sha256:600000$saltXYZ$hashedvalue,Rohit Verma 982,60,Male,Ahmedabad,West Bengal,"Home & Kitchen,Fashion",2026-03-15,False,False
U00983,user00983,user983@smartcart.ai,pbkdf2:sha256:600000$saltXYZ$hashedvalue,Sneha Gupta 983,46,Male,Jaipur,Maharashtra,"Books,Automotive",2025-01-01,False,True
U00984,user00984,user984@smartcart.ai,pbkdf2:sha256:600000$saltXYZ$hashedvalue,Sneha Gupta 984,29,Female,Surat,Maharashtra,"Books,Home & Kitchen",2025-05-09,False,True
U00985,user00985,user985@smartcart.ai,pbkdf2:sha256:600000$saltXYZ$hashedvalue,Sneha Gupta 985,58,Male,Hyderabad,Punjab,Electronics,2026-03-10,False,True
U00986,user00986,user986@smartcart.ai,pbkdf2:sha256:600000$saltXYZ$hashedvalue,Pooja Pillai 986,25,Female,Lucknow,Rajasthan,"Books,Electronics",2024-02-22,False,True
U00987,user00987,user987@smartcart.ai,pbkdf2:sha256:600000$saltXYZ$hashedvalue,Rahul Sharma 987,42,Female,Chandigarh,Karnataka,"Grocery,Home & Kitchen,Beauty,Sports",2024-10-01,False,True
U00988,user00988,user988@smartcart.ai,pbkdf2:sha256:600000$saltXYZ$hashedvalue,Priya Singh 988,36,Male,Bangalore,Gujarat,Home & Kitchen,2025-07-08,False,True
U00989,user00989,user989@smartcart.ai,pbkdf2:sha256:600000$saltXYZ$hashedvalue,Ananya Joshi 989,60,Other,Ahmedabad,Karnataka,"Beauty,Health,Electronics,Fashion",2023-10-12,False,True
U00990,user00990,user990@smartcart.ai,pbkdf2:sha256:600000$saltXYZ$hashedvalue,Karan Mehta 990,46,Male,Chandigarh,UP,"Automotive,Electronics,Sports",2023-05-20,False,True
U00991,user00991,user991@smartcart.ai,pbkdf2:sha256:600000$saltXYZ$hashedvalue,Deepika Nair 991,27,Other,Kolkata,Telangana,"Beauty,Fashion,Automotive",2024-09-17,False,True
U00992,user00992,user992@smartcart.ai,pbkdf2:sha256:600000$saltXYZ$hashedvalue,Priya Singh 992,30,Male,Bangalore,West Bengal,"Health,Fashion",2025-11-16,False,True
U00993,user00993,user993@smartcart.ai,pbkdf2:sha256:600000$saltXYZ$hashedvalue,Priya Singh 993,21,Female,Chennai,Maharashtra,"Beauty,Health,Sports",2025-09-14,False,True
U00994,user00994,user994@smartcart.ai,pbkdf2:sha256:600000$saltXYZ$hashedvalue,Sneha Gupta 994,55,Other,Delhi,Gujarat,Sports,2023-12-04,False,True
U00995,user00995,user995@smartcart.ai,pbkdf2:sha256:600000$saltXYZ$hashedvalue,Priya Singh 995,63,Male,Surat,Gujarat,"Home & Kitchen,Sports,Beauty",2023-06-21,False,True
U00996,user00996,user996@smartcart.ai,pbkdf2:sha256:600000$saltXYZ$hashedvalue,Rohit Verma 996,27,Male,Ahmedabad,Maharashtra,"Books,Sports,Health,Toys",2025-01-15,False,True
U00997,user00997,user997@smartcart.ai,pbkdf2:sha256:600000$saltXYZ$hashedvalue,Amit Patel 997,26,Male,Mumbai,Tamil Nadu,Automotive,2023-09-20,False,True
U00998,user00998,user998@smartcart.ai,pbkdf2:sha256:600000$saltXYZ$hashedvalue,Deepika Nair 998,28,Female,Hyderabad,Telangana,Grocery,2025-05-20,False,True
U00999,user00999,user999@smartcart.ai,pbkdf2:sha256:600000$saltXYZ$hashedvalue,Rahul Sharma 999,31,Female,Chandigarh,Delhi,"Beauty,Automotive,Toys",2025-08-10,False,True
U01000,user01000,user1000@smartcart.ai,pbkdf2:sha256:600000$saltXYZ$hashedvalue,Ananya Joshi 1000,65,Female,Hyderabad,Maharashtra,"Fashion,Toys,Automotive,Health",2023-11-09,False,True
U01001,user01001,user1001@smartcart.ai,pbkdf2:sha256:600000$saltXYZ$hashedvalue,Ananya Joshi 1001,58,Female,Hyderabad,Tamil Nadu,"Toys,Automotive,Home & Kitchen",2026-02-20,False,True
U01002,user01002,user1002@smartcart.ai,pbkdf2:sha256:600000$saltXYZ$hashedvalue,Amit Patel 1002,41,Male,Mumbai,Telangana,"Sports,Toys",2023-04-29,False,True
U01003,user01003,user1003@smartcart.ai,pbkdf2:sha256:600000$saltXYZ$hashedvalue,Karan Mehta 1003,53,Female,Mumbai,Maharashtra,"Home & Kitchen,Grocery,Sports",2024-01-07,False,True
U01004,user01004,user1004@smartcart.ai,pbkdf2:sha256:600000$saltXYZ$hashedvalue,Sneha Gupta 1004,47,Male,Jaipur,West Bengal,Sports,2026-02-17,False,True
U01005,user01005,user1005@smartcart.ai,pbkdf2:sha256:600000$saltXYZ$hashedvalue,Ananya Joshi 1005,21,Female,Lucknow,Gujarat,"Toys,Books",2025-05-09,False,True
U01006,user01006,user1006@smartcart.ai,pbkdf2:sha256:600000$saltXYZ$hashedvalue,Vijay Kumar 1006,63,Male,Mumbai,Tamil Nadu,"Toys,Grocery,Fashion,Home & Kitchen",2023-05-25,False,True
U01007,user01007,user1007@smartcart.ai,pbkdf2:sha256:600000$saltXYZ$hashedvalue,Priya Singh 1007,65,Female,Lucknow,Rajasthan,"Toys,Home & Kitchen,Beauty,Health",2023-07-25,False,True
U01008,user01008,user1008@smartcart.ai,pbkdf2:sha256:600000$saltXYZ$hashedvalue,Deepika Nair 1008,63,Male,Jaipur,Delhi,"Sports,Fashion",2023-12-31,False,True
U01009,user01009,user1009@smartcart.ai,pbkdf2:sha256:600000$saltXYZ$hashedvalue,Deepika Nair 1009,25,Female,Pune,Gujarat,Health,2025-03-21,False,True
U01010,user01010,user1010@smartcart.ai,pbkdf2:sha256:600000$saltXYZ$hashedvalue,Rohit Verma 1010,60,Other,Chandigarh,Telangana,"Books,Automotive,Home & Kitchen",2023-10-13,False,True
U01011,user01011,user1011@smartcart.ai,pbkdf2:sha256:600000$saltXYZ$hashedvalue,Pooja Pillai 1011,42,Other,Chennai,Delhi,"Sports,Automotive,Home & Kitchen,Books",2024-03-11,False,True
U01012,user01012,user1012@smartcart.ai,pbkdf2:sha256:600000$saltXYZ$hashedvalue,Rohit Verma 1012,25,Male,Delhi,Telangana,"Electronics,Home & Kitchen",2025-04-17,False,True
U01013,user01013,user1013@smartcart.ai,pbkdf2:sha256:600000$saltXYZ$hashedvalue,Rahul Sharma 1013,46,Other,Chandigarh,Punjab,"Toys,Beauty,Fashion",2023-05-01,False,True
U01014,user01014,user1014@smartcart.ai,pbkdf2:sha256:600000$saltXYZ$hashedvalue,Ananya Joshi 1014,22,Female,Kolkata,Tamil Nadu,"Home & Kitchen,Beauty,Automotive",2024-11-09,False,True
U01015,user01015,user1015@smartcart.ai,pbkdf2:sha256:600000$saltXYZ$hashedvalue,Vijay Kumar 1015,22,Female,Mumbai,Rajasthan,"Automotive,Grocery",2025-02-21,False,True
U01016,user01016,user1016@smartcart.ai,pbkdf2:sha256:600000$saltXYZ$hashedvalue,Priya Singh 1016,35,Other,Kolkata,West Bengal,"Fashion,Home & Kitchen",2024-09-22,False,True
U01017,user01017,user1017@smartcart.ai,pbkdf2:sha256:600000$saltXYZ$hashedvalue,Sneha Gupta 1017,60,Other,Bangalore,Maharashtra,"Fashion,Grocery",2025-02-04,False,True
U01018,user01018,user1018@smartcart.ai,pbkdf2:sha256:600000$saltXYZ$hashedvalue,Rohit Verma 1018,19,Male,Lucknow,Karnataka,"Grocery,Automotive",2024-01-27,False,True
U01019,user01019,user1019@smartcart.ai,pbkdf2:sha256:600000$saltXYZ$hashedvalue,Amit Patel 1019,56,Male,Chennai,Maharashtra,Books,2025-10-10,False,True
U01020,user01020,user1020@smartcart.ai,pbkdf2:sha256:600000$saltXYZ$hashedvalue,Rahul Sharma 1020,28,Female,Lucknow,Rajasthan,"Home & Kitchen,Fashion,Sports",2024-03-04,False,True
U01021,user01021,user1021@smartcart.ai,pbkdf2:sha256:600000$saltXYZ$hashedvalue,Karan Mehta 1021,24,Female,Lucknow,Telangana,"Home & Kitchen,Beauty,Books,Sports",2024-12-26,False,True
U01022,user01022,user1022@smartcart.ai,pbkdf2:sha256:600000$saltXYZ$hashedvalue,Vijay Kumar 1022,29,Female,Hyderabad,Maharashtra,Automotive,2023-05-22,False,True
U01023,user01023,user1023@smartcart.ai,pbkdf2:sha256:600000$saltXYZ$hashedvalue,Pooja Pillai 1023,23,Female,Hyderabad,Karnataka,Grocery,2024-04-05,False,True
U01024,user01024,user1024@smartcart.ai,pbkdf2:sha256:600000$saltXYZ$hashedvalue,Ananya Joshi 1024,42,Other,Chennai,UP,"Automotive,Electronics",2025-03-24,False,True
U01025,user01025,user1025@smartcart.ai,pbkdf2:sha256:600000$saltXYZ$hashedvalue,Rahul Sharma 1025,44,Male,Delhi,Tamil Nadu,Health,2023-12-26,False,True
U01026,user01026,user1026@smartcart.ai,pbkdf2:sha256:600000$saltXYZ$hashedvalue,Amit Patel 1026,55,Male,Kolkata,Tamil Nadu,"Grocery,Electronics,Fashion",2024-12-21,False,True
U01027,user01027,user1027@smartcart.ai,pbkdf2:sha256:600000$saltXYZ$hashedvalue,Ananya Joshi 1027,28,Female,Lucknow,Gujarat,"Sports,Home & Kitchen,Toys,Automotive",2025-03-13,False,True
U01028,user01028,user1028@smartcart.ai,pbkdf2:sha256:600000$saltXYZ$hashedvalue,Deepika Nair 1028,22,Male,Bangalore,Punjab,"Beauty,Books,Automotive,Home & Kitchen",2023-08-05,False,True
U01029,user01029,user1029@smartcart.ai,pbkdf2:sha256:600000$saltXYZ$hashedvalue,Karan Mehta 1029,25,Male,Pune,Maharashtra,"Sports,Electronics,Toys",2023-05-24,False,True
U01030,user01030,user1030@smartcart.ai,pbkdf2:sha256:600000$saltXYZ$hashedvalue,Sneha Gupta 1030,40,Male,Mumbai,West Bengal,"Automotive,Books,Beauty,Sports",2024-04-01,False,True
U01031,user01031,user1031@smartcart.ai,pbkdf2:sha256:600000$saltXYZ$hashedvalue,Pooja Pillai 1031,57,Male,Kolkata,Rajasthan,Electronics,2025-10-23,False,True
U01032,user01032,user1032@smartcart.ai,pbkdf2:sha256:600000$saltXYZ$hashedvalue,Pooja Pillai 1032,39,Other,Surat,Karnataka,"Toys,Electronics,Beauty,Books",2025-05-05,False,True
U01033,user01033,user1033@smartcart.ai,pbkdf2:sha256:600000$saltXYZ$hashedvalue,Rohit Verma 1033,31,Other,Hyderabad,Punjab,"Toys,Health,Automotive",2025-02-06,False,True
U01034,user01034,user1034@smartcart.ai,pbkdf2:sha256:600000$saltXYZ$hashedvalue,Vijay Kumar 1034,32,Other,Mumbai,Rajasthan,Books,2023-10-21,False,True
U01035,user01035,user1035@smartcart.ai,pbkdf2:sha256:600000$saltXYZ$hashedvalue,Ananya Joshi 1035,58,Male,Ahmedabad,West Bengal,"Sports,Books",2024-11-19,False,True
U01036,user01036,user1036@smartcart.ai,pbkdf2:sha256:600000$saltXYZ$hashedvalue,Rohit Verma 1036,65,Male,Hyderabad,West Bengal,"Electronics,Books",2023-10-30,False,True
U01037,user01037,user1037@smartcart.ai,pbkdf2:sha256:600000$saltXYZ$hashedvalue,Ananya Joshi 1037,62,Other,Chandigarh,Telangana,"Sports,Books,Fashion",2025-02-02,False,True
U01038,user01038,user1038@smartcart.ai,pbkdf2:sha256:600000$saltXYZ$hashedvalue,Vijay Kumar 1038,29,Male,Bangalore,West Bengal,"Automotive,Fashion",2026-02-04,False,True
U01039,user01039,user1039@smartcart.ai,pbkdf2:sha256:600000$saltXYZ$hashedvalue,Rohit Verma 1039,58,Female,Chennai,West Bengal,"Home & Kitchen,Fashion",2025-03-29,False,True
U01040,user01040,user1040@smartcart.ai,pbkdf2:sha256:600000$saltXYZ$hashedvalue,Sneha Gupta 1040,59,Male,Surat,Delhi,Grocery,2024-04-11,False,True
U01041,user01041,user1041@smartcart.ai,pbkdf2:sha256:600000$saltXYZ$hashedvalue,Deepika Nair 1041,53,Other,Kolkata,Karnataka,"Grocery,Automotive,Fashion",2024-05-30,False,True
U01042,user01042,user1042@smartcart.ai,pbkdf2:sha256:600000$saltXYZ$hashedvalue,Pooja Pillai 1042,43,Other,Pune,Punjab,"Home & Kitchen,Fashion,Grocery",2025-06-01,False,True
U01043,user01043,user1043@smartcart.ai,pbkdf2:sha256:600000$saltXYZ$hashedvalue,Rahul Sharma 1043,50,Male,Delhi,Tamil Nadu,"Health,Fashion,Home & Kitchen",2025-05-26,False,True
U01044,user01044,user1044@smartcart.ai,pbkdf2:sha256:600000$saltXYZ$hashedvalue,Sneha Gupta 1044,25,Male,Ahmedabad,West Bengal,"Toys,Health,Beauty",2024-03-06,False,True
U01045,user01045,user1045@smartcart.ai,pbkdf2:sha256:600000$saltXYZ$hashedvalue,Deepika Nair 1045,63,Male,Jaipur,Karnataka,"Home & Kitchen,Grocery",2025-02-19,False,True
U01046,user01046,user1046@smartcart.ai,pbkdf2:sha256:600000$saltXYZ$hashedvalue,Amit Patel 1046,59,Female,Chandigarh,Punjab,"Sports,Fashion,Books,Health",2023-11-06,False,True
U01047,user01047,user1047@smartcart.ai,pbkdf2:sha256:600000$saltXYZ$hashedvalue,Priya Singh 1047,58,Female,Ahmedabad,Maharashtra,"Grocery,Beauty,Toys,Electronics",2024-08-07,False,True
U01048,user01048,user1048@smartcart.ai,pbkdf2:sha256:600000$saltXYZ$hashedvalue,Rahul Sharma 1048,36,Other,Jaipur,Rajasthan,"Beauty,Home & Kitchen,Fashion",2025-12-01,False,True
U01049,user01049,user1049@smartcart.ai,pbkdf2:sha256:600000$saltXYZ$hashedvalue,Vijay Kumar 1049,35,Male,Pune,Telangana,Electronics,2023-11-11,False,True
U01050,user01050,user1050@smartcart.ai,pbkdf2:sha256:600000$saltXYZ$hashedvalue,Priya Singh 1050,58,Other,Ahmedabad,Telangana,Health,2026-03-11,False,True
U01051,user01051,user1051@smartcart.ai,pbkdf2:sha256:600000$saltXYZ$hashedvalue,Karan Mehta 1051,19,Female,Kolkata,Maharashtra,"Beauty,Toys,Health",2025-12-17,False,True
U01052,user01052,user1052@smartcart.ai,pbkdf2:sha256:600000$saltXYZ$hashedvalue,Sneha Gupta 1052,53,Other,Lucknow,Rajasthan,"Books,Fashion,Toys,Grocery",2023-04-26,False,True
U01053,user01053,user1053@smartcart.ai,pbkdf2:sha256:600000$saltXYZ$hashedvalue,Deepika Nair 1053,62,Male,Jaipur,Delhi,"Beauty,Electronics,Home & Kitchen",2025-02-01,False,True
U01054,user01054,user1054@smartcart.ai,pbkdf2:sha256:600000$saltXYZ$hashedvalue,Rohit Verma 1054,33,Other,Pune,Karnataka,"Books,Beauty,Health,Fashion",2024-05-18,False,True
U01055,user01055,user1055@smartcart.ai,pbkdf2:sha256:600000$saltXYZ$hashedvalue,Ananya Joshi 1055,52,Other,Surat,Tamil Nadu,Grocery,2025-02-16,False,True
U01056,user01056,user1056@smartcart.ai,pbkdf2:sha256:600000$saltXYZ$hashedvalue,Rahul Sharma 1056,55,Male,Delhi,Punjab,Books,2024-08-13,False,True
U01057,user01057,user1057@smartcart.ai,pbkdf2:sha256:600000$saltXYZ$hashedvalue,Rohit Verma 1057,61,Male,Mumbai,Tamil Nadu,"Health,Fashion,Beauty,Home & Kitchen",2024-10-09,False,True
U01058,user01058,user1058@smartcart.ai,pbkdf2:sha256:600000$saltXYZ$hashedvalue,Karan Mehta 1058,21,Male,Kolkata,Gujarat,"Fashion,Beauty,Health,Sports",2025-12-13,False,True
U01059,user01059,user1059@smartcart.ai,pbkdf2:sha256:600000$saltXYZ$hashedvalue,Sneha Gupta 1059,23,Other,Mumbai,Telangana,"Sports,Grocery",2024-10-06,False,True
U01060,user01060,user1060@smartcart.ai,pbkdf2:sha256:600000$saltXYZ$hashedvalue,Pooja Pillai 1060,23,Male,Delhi,UP,"Automotive,Fashion",2025-04-24,False,True
U01061,user01061,user1061@smartcart.ai,pbkdf2:sha256:600000$saltXYZ$hashedvalue,Rohit Verma 1061,44,Male,Hyderabad,Punjab,Health,2025-06-09,False,True
U01062,user01062,user1062@smartcart.ai,pbkdf2:sha256:600000$saltXYZ$hashedvalue,Pooja Pillai 1062,51,Female,Hyderabad,Rajasthan,"Sports,Automotive,Health,Books",2024-12-17,False,True
U01063,user01063,user1063@smartcart.ai,pbkdf2:sha256:600000$saltXYZ$hashedvalue,Rohit Verma 1063,21,Other,Bangalore,Rajasthan,"Sports,Health,Electronics",2023-12-21,False,True
U01064,user01064,user1064@smartcart.ai,pbkdf2:sha256:600000$saltXYZ$hashedvalue,Priya Singh 1064,56,Female,Ahmedabad,Rajasthan,"Beauty,Toys,Grocery",2023-08-25,False,True
U01065,user01065,user1065@smartcart.ai,pbkdf2:sha256:600000$saltXYZ$hashedvalue,Amit Patel 1065,19,Female,Surat,Maharashtra,Health,2024-03-26,False,True
U01066,user01066,user1066@smartcart.ai,pbkdf2:sha256:600000$saltXYZ$hashedvalue,Vijay Kumar 1066,34,Female,Mumbai,Rajasthan,"Beauty,Health,Automotive,Toys",2025-12-02,False,True
U01067,user01067,user1067@smartcart.ai,pbkdf2:sha256:600000$saltXYZ$hashedvalue,Priya Singh 1067,49,Male,Jaipur,Karnataka,"Fashion,Books",2026-03-13,False,False
U01068,user01068,user1068@smartcart.ai,pbkdf2:sha256:600000$saltXYZ$hashedvalue,Rohit Verma 1068,25,Other,Pune,Karnataka,"Grocery,Automotive,Health,Toys",2026-01-17,False,True
U01069,user01069,user1069@smartcart.ai,pbkdf2:sha256:600000$saltXYZ$hashedvalue,Karan Mehta 1069,59,Other,Chandigarh,West Bengal,"Sports,Electronics,Home & Kitchen",2023-08-04,False,True
U01070,user01070,user1070@smartcart.ai,pbkdf2:sha256:600000$saltXYZ$hashedvalue,Amit Patel 1070,32,Female,Jaipur,Punjab,Home & Kitchen,2024-03-02,False,True
U01071,user01071,user1071@smartcart.ai,pbkdf2:sha256:600000$saltXYZ$hashedvalue,Priya Singh 1071,53,Male,Surat,West Bengal,"Sports,Electronics",2023-08-23,False,True
U01072,user01072,user1072@smartcart.ai,pbkdf2:sha256:600000$saltXYZ$hashedvalue,Karan Mehta 1072,38,Other,Chennai,West Bengal,"Books,Toys,Sports,Home & Kitchen",2023-04-24,False,True
U01073,user01073,user1073@smartcart.ai,pbkdf2:sha256:600000$saltXYZ$hashedvalue,Pooja Pillai 1073,38,Female,Surat,UP,"Fashion,Toys,Electronics,Sports",2026-03-12,False,True
U01074,user01074,user1074@smartcart.ai,pbkdf2:sha256:600000$saltXYZ$hashedvalue,Vijay Kumar 1074,48,Male,Hyderabad,Karnataka,"Fashion,Books",2025-08-11,False,True
U01075,user01075,user1075@smartcart.ai,pbkdf2:sha256:600000$saltXYZ$hashedvalue,Ananya Joshi 1075,39,Male,Chandigarh,Punjab,Home & Kitchen,2025-04-01,False,True
U01076,user01076,user1076@smartcart.ai,pbkdf2:sha256:600000$saltXYZ$hashedvalue,Rahul Sharma 1076,46,Other,Pune,Maharashtra,"Health,Fashion,Toys",2024-09-07,False,True
U01077,user01077,user1077@smartcart.ai,pbkdf2:sha256:600000$saltXYZ$hashedvalue,Rahul Sharma 1077,34,Male,Jaipur,Punjab,"Beauty,Books,Automotive,Toys",2024-01-04,False,True
U01078,user01078,user1078@smartcart.ai,pbkdf2:sha256:600000$saltXYZ$hashedvalue,Rohit Verma 1078,57,Other,Kolkata,Telangana,"Home & Kitchen,Health",2024-08-21,False,True
U01079,user01079,user1079@smartcart.ai,pbkdf2:sha256:600000$saltXYZ$hashedvalue,Rahul Sharma 1079,22,Female,Surat,Tamil Nadu,"Books,Beauty,Sports,Health",2026-01-26,False,True
U01080,user01080,user1080@smartcart.ai,pbkdf2:sha256:600000$saltXYZ$hashedvalue,Rohit Verma 1080,21,Female,Chennai,Punjab,"Automotive,Home & Kitchen",2024-12-15,False,True
U01081,user01081,user1081@smartcart.ai,pbkdf2:sha256:600000$saltXYZ$hashedvalue,Karan Mehta 1081,45,Female,Kolkata,Karnataka,Home & Kitchen,2024-08-02,False,True
U01082,user01082,user1082@smartcart.ai,pbkdf2:sha256:600000$saltXYZ$hashedvalue,Ananya Joshi 1082,21,Female,Chandigarh,West Bengal,"Health,Electronics,Home & Kitchen",2024-01-15,False,True
U01083,user01083,user1083@smartcart.ai,pbkdf2:sha256:600000$saltXYZ$hashedvalue,Priya Singh 1083,48,Female,Delhi,Karnataka,Sports,2025-02-13,False,True
U01084,user01084,user1084@smartcart.ai,pbkdf2:sha256:600000$saltXYZ$hashedvalue,Amit Patel 1084,50,Other,Chennai,Maharashtra,"Toys,Automotive,Health,Beauty",2025-05-19,False,True
U01085,user01085,user1085@smartcart.ai,pbkdf2:sha256:600000$saltXYZ$hashedvalue,Sneha Gupta 1085,50,Male,Bangalore,Gujarat,"Beauty,Automotive,Sports,Fashion",2026-03-02,False,True
U01086,user01086,user1086@smartcart.ai,pbkdf2:sha256:600000$saltXYZ$hashedvalue,Rohit Verma 1086,51,Male,Hyderabad,Delhi,"Fashion,Books,Toys",2023-06-21,False,True
U01087,user01087,user1087@smartcart.ai,pbkdf2:sha256:600000$saltXYZ$hashedvalue,Pooja Pillai 1087,19,Other,Hyderabad,Rajasthan,"Toys,Sports,Books",2023-07-15,False,True
U01088,user01088,user1088@smartcart.ai,pbkdf2:sha256:600000$saltXYZ$hashedvalue,Rohit Verma 1088,62,Other,Chandigarh,Delhi,"Grocery,Sports,Health,Beauty",2024-08-04,False,True
U01089,user01089,user1089@smartcart.ai,pbkdf2:sha256:600000$saltXYZ$hashedvalue,Karan Mehta 1089,52,Female,Chandigarh,Rajasthan,Sports,2024-03-05,False,True
U01090,user01090,user1090@smartcart.ai,pbkdf2:sha256:600000$saltXYZ$hashedvalue,Amit Patel 1090,60,Other,Hyderabad,Telangana,"Beauty,Automotive,Electronics,Sports",2023-11-23,False,True
U01091,user01091,user1091@smartcart.ai,pbkdf2:sha256:600000$saltXYZ$hashedvalue,Priya Singh 1091,43,Other,Chandigarh,Delhi,"Beauty,Home & Kitchen",2024-02-25,False,True
U01092,user01092,user1092@smartcart.ai,pbkdf2:sha256:600000$saltXYZ$hashedvalue,Amit Patel 1092,40,Other,Delhi,Rajasthan,"Books,Health,Grocery",2024-11-07,False,True
U01093,user01093,user1093@smartcart.ai,pbkdf2:sha256:600000$saltXYZ$hashedvalue,Rahul Sharma 1093,52,Other,Chandigarh,Gujarat,"Electronics,Health,Toys,Sports",2025-11-25,False,True
U01094,user01094,user1094@smartcart.ai,pbkdf2:sha256:600000$saltXYZ$hashedvalue,Vijay Kumar 1094,32,Female,Pune,Delhi,"Health,Home & Kitchen,Toys,Sports",2023-08-04,False,True
U01095,user01095,user1095@smartcart.ai,pbkdf2:sha256:600000$saltXYZ$hashedvalue,Amit Patel 1095,54,Male,Jaipur,West Bengal,"Sports,Books,Grocery",2024-02-26,False,True
U01096,user01096,user1096@smartcart.ai,pbkdf2:sha256:600000$saltXYZ$hashedvalue,Amit Patel 1096,47,Female,Bangalore,West Bengal,"Sports,Electronics,Books,Toys",2025-06-27,False,True
U01097,user01097,user1097@smartcart.ai,pbkdf2:sha256:600000$saltXYZ$hashedvalue,Vijay Kumar 1097,57,Male,Kolkata,West Bengal,Books,2025-07-02,False,True
U01098,user01098,user1098@smartcart.ai,pbkdf2:sha256:600000$saltXYZ$hashedvalue,Priya Singh 1098,24,Other,Lucknow,West Bengal,"Home & Kitchen,Sports",2024-05-27,False,True
U01099,user01099,user1099@smartcart.ai,pbkdf2:sha256:600000$saltXYZ$hashedvalue,Karan Mehta 1099,39,Female,Bangalore,West Bengal,"Electronics,Automotive,Grocery",2023-11-28,False,True
U01100,user01100,user1100@smartcart.ai,pbkdf2:sha256:600000$saltXYZ$hashedvalue,Deepika Nair 1100,37,Other,Hyderabad,UP,"Health,Beauty,Books",2025-12-19,False,True
U01101,user01101,user1101@smartcart.ai,pbkdf2:sha256:600000$saltXYZ$hashedvalue,Pooja Pillai 1101,51,Other,Pune,West Bengal,"Fashion,Books,Health,Electronics",2025-10-01,False,True
U01102,user01102,user1102@smartcart.ai,pbkdf2:sha256:600000$saltXYZ$hashedvalue,Vijay Kumar 1102,56,Other,Lucknow,Karnataka,"Books,Toys",2024-06-25,False,True
U01103,user01103,user1103@smartcart.ai,pbkdf2:sha256:600000$saltXYZ$hashedvalue,Rahul Sharma 1103,50,Male,Pune,Tamil Nadu,"Fashion,Books,Electronics",2025-09-22,False,True
U01104,user01104,user1104@smartcart.ai,pbkdf2:sha256:600000$saltXYZ$hashedvalue,Amit Patel 1104,39,Male,Ahmedabad,Tamil Nadu,"Fashion,Automotive",2025-04-03,False,True
U01105,user01105,user1105@smartcart.ai,pbkdf2:sha256:600000$saltXYZ$hashedvalue,Priya Singh 1105,65,Female,Chandigarh,UP,"Books,Automotive",2023-07-06,False,True
U01106,user01106,user1106@smartcart.ai,pbkdf2:sha256:600000$saltXYZ$hashedvalue,Deepika Nair 1106,60,Male,Chennai,Tamil Nadu,"Health,Home & Kitchen,Automotive,Beauty",2024-10-26,False,True
U01107,user01107,user1107@smartcart.ai,pbkdf2:sha256:600000$saltXYZ$hashedvalue,Pooja Pillai 1107,65,Female,Ahmedabad,Karnataka,"Beauty,Electronics,Fashion,Health",2023-05-29,False,True
U01108,user01108,user1108@smartcart.ai,pbkdf2:sha256:600000$saltXYZ$hashedvalue,Rahul Sharma 1108,41,Male,Pune,Telangana,"Home & Kitchen,Beauty,Automotive",2025-03-02,False,True
U01109,user01109,user1109@smartcart.ai,pbkdf2:sha256:600000$saltXYZ$hashedvalue,Amit Patel 1109,53,Male,Surat,Tamil Nadu,"Beauty,Fashion,Sports,Electronics",2026-04-03,False,True
U01110,user01110,user1110@smartcart.ai,pbkdf2:sha256:600000$saltXYZ$hashedvalue,Rohit Verma 1110,58,Other,Lucknow,Gujarat,"Beauty,Sports",2025-05-04,False,True
U01111,user01111,user1111@smartcart.ai,pbkdf2:sha256:600000$saltXYZ$hashedvalue,Deepika Nair 1111,35,Male,Chennai,West Bengal,"Toys,Beauty",2024-03-01,False,True
U01112,user01112,user1112@smartcart.ai,pbkdf2:sha256:600000$saltXYZ$hashedvalue,Sneha Gupta 1112,25,Other,Chennai,Punjab,"Electronics,Fashion",2024-06-15,False,True
U01113,user01113,user1113@smartcart.ai,pbkdf2:sha256:600000$saltXYZ$hashedvalue,Rahul Sharma 1113,58,Other,Hyderabad,Delhi,"Fashion,Beauty",2026-03-09,False,True
U01114,user01114,user1114@smartcart.ai,pbkdf2:sha256:600000$saltXYZ$hashedvalue,Rohit Verma 1114,36,Other,Surat,West Bengal,"Fashion,Sports",2024-03-22,False,True
U01115,user01115,user1115@smartcart.ai,pbkdf2:sha256:600000$saltXYZ$hashedvalue,Amit Patel 1115,55,Female,Chandigarh,Karnataka,"Toys,Health",2025-09-08,False,True
U01116,user01116,user1116@smartcart.ai,pbkdf2:sha256:600000$saltXYZ$hashedvalue,Rohit Verma 1116,43,Male,Kolkata,Telangana,Beauty,2025-07-18,False,True
U01117,user01117,user1117@smartcart.ai,pbkdf2:sha256:600000$saltXYZ$hashedvalue,Karan Mehta 1117,39,Female,Chandigarh,Maharashtra,"Sports,Automotive",2023-05-15,False,True
U01118,user01118,user1118@smartcart.ai,pbkdf2:sha256:600000$saltXYZ$hashedvalue,Priya Singh 1118,50,Female,Kolkata,Gujarat,Grocery,2025-07-01,False,True
U01119,user01119,user1119@smartcart.ai,pbkdf2:sha256:600000$saltXYZ$hashedvalue,Pooja Pillai 1119,64,Female,Hyderabad,Telangana,Fashion,2025-04-29,False,True
U01120,user01120,user1120@smartcart.ai,pbkdf2:sha256:600000$saltXYZ$hashedvalue,Priya Singh 1120,45,Male,Mumbai,UP,Toys,2024-05-22,False,True
U01121,user01121,user1121@smartcart.ai,pbkdf2:sha256:600000$saltXYZ$hashedvalue,Pooja Pillai 1121,61,Other,Jaipur,Telangana,Toys,2024-10-10,False,True
U01122,user01122,user1122@smartcart.ai,pbkdf2:sha256:600000$saltXYZ$hashedvalue,Amit Patel 1122,22,Other,Delhi,Tamil Nadu,"Fashion,Electronics,Beauty",2023-07-25,False,False
U01123,user01123,user1123@smartcart.ai,pbkdf2:sha256:600000$saltXYZ$hashedvalue,Rohit Verma 1123,22,Male,Chennai,UP,"Sports,Beauty",2025-08-01,False,True
U01124,user01124,user1124@smartcart.ai,pbkdf2:sha256:600000$saltXYZ$hashedvalue,Karan Mehta 1124,22,Male,Kolkata,Rajasthan,Automotive,2023-07-19,False,True
U01125,user01125,user1125@smartcart.ai,pbkdf2:sha256:600000$saltXYZ$hashedvalue,Rahul Sharma 1125,18,Other,Jaipur,Tamil Nadu,"Sports,Health",2023-08-19,False,True
U01126,user01126,user1126@smartcart.ai,pbkdf2:sha256:600000$saltXYZ$hashedvalue,Amit Patel 1126,56,Other,Surat,Punjab,"Books,Health",2024-06-13,False,True
U01127,user01127,user1127@smartcart.ai,pbkdf2:sha256:600000$saltXYZ$hashedvalue,Vijay Kumar 1127,33,Other,Kolkata,Delhi,Books,2025-05-25,False,True
U01128,user01128,user1128@smartcart.ai,pbkdf2:sha256:600000$saltXYZ$hashedvalue,Amit Patel 1128,38,Female,Hyderabad,West Bengal,"Toys,Automotive",2024-10-03,False,True
U01129,user01129,user1129@smartcart.ai,pbkdf2:sha256:600000$saltXYZ$hashedvalue,Priya Singh 1129,62,Female,Hyderabad,Maharashtra,"Fashion,Home & Kitchen,Sports,Toys",2024-05-08,False,True
U01130,user01130,user1130@smartcart.ai,pbkdf2:sha256:600000$saltXYZ$hashedvalue,Ananya Joshi 1130,39,Male,Ahmedabad,Gujarat,"Grocery,Beauty,Home & Kitchen",2024-05-03,False,True
U01131,user01131,user1131@smartcart.ai,pbkdf2:sha256:600000$saltXYZ$hashedvalue,Karan Mehta 1131,41,Other,Kolkata,Delhi,"Home & Kitchen,Health",2025-09-28,False,False
U01132,user01132,user1132@smartcart.ai,pbkdf2:sha256:600000$saltXYZ$hashedvalue,Sneha Gupta 1132,30,Female,Ahmedabad,Tamil Nadu,"Books,Fashion",2025-07-18,False,True
U01133,user01133,user1133@smartcart.ai,pbkdf2:sha256:600000$saltXYZ$hashedvalue,Amit Patel 1133,37,Female,Bangalore,Gujarat,Automotive,2025-08-25,False,True
U01134,user01134,user1134@smartcart.ai,pbkdf2:sha256:600000$saltXYZ$hashedvalue,Rahul Sharma 1134,21,Other,Ahmedabad,Delhi,"Health,Fashion,Grocery,Electronics",2023-08-10,False,True
U01135,user01135,user1135@smartcart.ai,pbkdf2:sha256:600000$saltXYZ$hashedvalue,Sneha Gupta 1135,63,Female,Jaipur,Gujarat,Home & Kitchen,2023-05-13,False,True
U01136,user01136,user1136@smartcart.ai,pbkdf2:sha256:600000$saltXYZ$hashedvalue,Pooja Pillai 1136,49,Female,Ahmedabad,Punjab,"Toys,Grocery,Beauty,Health",2026-01-12,False,True
U01137,user01137,user1137@smartcart.ai,pbkdf2:sha256:600000$saltXYZ$hashedvalue,Karan Mehta 1137,49,Female,Chandigarh,Tamil Nadu,"Home & Kitchen,Grocery,Sports",2024-05-29,False,False
U01138,user01138,user1138@smartcart.ai,pbkdf2:sha256:600000$saltXYZ$hashedvalue,Karan Mehta 1138,31,Other,Pune,Tamil Nadu,"Sports,Books",2024-11-04,False,True
U01139,user01139,user1139@smartcart.ai,pbkdf2:sha256:600000$saltXYZ$hashedvalue,Priya Singh 1139,24,Female,Chennai,Gujarat,Books,2024-05-11,False,True
U01140,user01140,user1140@smartcart.ai,pbkdf2:sha256:600000$saltXYZ$hashedvalue,Rohit Verma 1140,30,Male,Lucknow,Telangana,"Books,Toys",2023-10-21,False,True
U01141,user01141,user1141@smartcart.ai,pbkdf2:sha256:600000$saltXYZ$hashedvalue,Rahul Sharma 1141,52,Male,Delhi,Delhi,"Grocery,Home & Kitchen",2025-03-01,False,True
U01142,user01142,user1142@smartcart.ai,pbkdf2:sha256:600000$saltXYZ$hashedvalue,Priya Singh 1142,37,Female,Bangalore,Gujarat,"Electronics,Home & Kitchen,Health,Beauty",2024-08-09,False,True
U01143,user01143,user1143@smartcart.ai,pbkdf2:sha256:600000$saltXYZ$hashedvalue,Rahul Sharma 1143,43,Other,Kolkata,Tamil Nadu,Grocery,2023-10-03,False,True
U01144,user01144,user1144@smartcart.ai,pbkdf2:sha256:600000$saltXYZ$hashedvalue,Deepika Nair 1144,19,Male,Lucknow,Delhi,"Beauty,Fashion,Automotive",2023-12-03,False,True
U01145,user01145,user1145@smartcart.ai,pbkdf2:sha256:600000$saltXYZ$hashedvalue,Deepika Nair 1145,61,Other,Kolkata,Gujarat,Books,2025-08-10,False,True
U01146,user01146,user1146@smartcart.ai,pbkdf2:sha256:600000$saltXYZ$hashedvalue,Ananya Joshi 1146,43,Male,Surat,Karnataka,"Books,Grocery",2025-12-13,False,True
U01147,user01147,user1147@smartcart.ai,pbkdf2:sha256:600000$saltXYZ$hashedvalue,Rahul Sharma 1147,43,Male,Chennai,Punjab,"Health,Home & Kitchen,Beauty",2025-02-05,False,True
U01148,user01148,user1148@smartcart.ai,pbkdf2:sha256:600000$saltXYZ$hashedvalue,Pooja Pillai 1148,25,Other,Mumbai,Gujarat,"Home & Kitchen,Electronics",2026-02-22,False,True
U01149,user01149,user1149@smartcart.ai,pbkdf2:sha256:600000$saltXYZ$hashedvalue,Deepika Nair 1149,23,Female,Jaipur,West Bengal,"Toys,Health,Electronics",2023-12-02,False,True
U01150,user01150,user1150@smartcart.ai,pbkdf2:sha256:600000$saltXYZ$hashedvalue,Amit Patel 1150,35,Other,Mumbai,Rajasthan,"Automotive,Grocery,Toys,Electronics",2024-11-18,False,True
U01151,user01151,user1151@smartcart.ai,pbkdf2:sha256:600000$saltXYZ$hashedvalue,Amit Patel 1151,31,Other,Mumbai,UP,"Sports,Toys,Books",2024-03-15,False,False
U01152,user01152,user1152@smartcart.ai,pbkdf2:sha256:600000$saltXYZ$hashedvalue,Pooja Pillai 1152,48,Other,Pune,Karnataka,"Beauty,Home & Kitchen,Fashion",2024-07-24,False,True
U01153,user01153,user1153@smartcart.ai,pbkdf2:sha256:600000$saltXYZ$hashedvalue,Deepika Nair 1153,50,Female,Delhi,Karnataka,"Health,Electronics,Automotive",2023-08-16,False,True
U01154,user01154,user1154@smartcart.ai,pbkdf2:sha256:600000$saltXYZ$hashedvalue,Rahul Sharma 1154,56,Other,Ahmedabad,Karnataka,"Fashion,Grocery,Books",2024-02-28,False,True
U01155,user01155,user1155@smartcart.ai,pbkdf2:sha256:600000$saltXYZ$hashedvalue,Rohit Verma 1155,21,Female,Chennai,Karnataka,"Books,Automotive,Electronics",2026-01-08,False,True
U01156,user01156,user1156@smartcart.ai,pbkdf2:sha256:600000$saltXYZ$hashedvalue,Rahul Sharma 1156,48,Female,Lucknow,Gujarat,Health,2024-02-10,False,True
U01157,user01157,user1157@smartcart.ai,pbkdf2:sha256:600000$saltXYZ$hashedvalue,Karan Mehta 1157,25,Female,Kolkata,Gujarat,Sports,2025-01-02,False,True
U01158,user01158,user1158@smartcart.ai,pbkdf2:sha256:600000$saltXYZ$hashedvalue,Priya Singh 1158,31,Male,Hyderabad,UP,"Toys,Beauty,Fashion,Health",2023-09-13,False,True
U01159,user01159,user1159@smartcart.ai,pbkdf2:sha256:600000$saltXYZ$hashedvalue,Vijay Kumar 1159,50,Other,Surat,Rajasthan,"Beauty,Sports,Grocery",2025-06-17,False,True
U01160,user01160,user1160@smartcart.ai,pbkdf2:sha256:600000$saltXYZ$hashedvalue,Sneha Gupta 1160,23,Female,Delhi,Delhi,"Sports,Grocery",2023-10-17,False,True
U01161,user01161,user1161@smartcart.ai,pbkdf2:sha256:600000$saltXYZ$hashedvalue,Pooja Pillai 1161,41,Other,Kolkata,Gujarat,"Books,Grocery",2023-05-09,False,True
U01162,user01162,user1162@smartcart.ai,pbkdf2:sha256:600000$saltXYZ$hashedvalue,Vijay Kumar 1162,22,Other,Delhi,Delhi,"Fashion,Automotive,Sports",2026-01-05,False,True
U01163,user01163,user1163@smartcart.ai,pbkdf2:sha256:600000$saltXYZ$hashedvalue,Sneha Gupta 1163,38,Other,Mumbai,West Bengal,"Automotive,Toys,Grocery,Sports",2023-11-16,False,True
U01164,user01164,user1164@smartcart.ai,pbkdf2:sha256:600000$saltXYZ$hashedvalue,Pooja Pillai 1164,40,Male,Lucknow,Rajasthan,"Beauty,Grocery,Electronics",2024-07-19,False,True
U01165,user01165,user1165@smartcart.ai,pbkdf2:sha256:600000$saltXYZ$hashedvalue,Sneha Gupta 1165,30,Other,Chennai,Maharashtra,"Toys,Grocery",2023-12-20,False,False
U01166,user01166,user1166@smartcart.ai,pbkdf2:sha256:600000$saltXYZ$hashedvalue,Rohit Verma 1166,33,Female,Jaipur,Karnataka,"Electronics,Books,Toys",2025-02-01,False,True
U01167,user01167,user1167@smartcart.ai,pbkdf2:sha256:600000$saltXYZ$hashedvalue,Pooja Pillai 1167,24,Female,Bangalore,Gujarat,"Electronics,Automotive",2025-03-06,False,True
U01168,user01168,user1168@smartcart.ai,pbkdf2:sha256:600000$saltXYZ$hashedvalue,Amit Patel 1168,59,Male,Surat,UP,"Fashion,Sports,Beauty,Health",2023-10-28,False,True
U01169,user01169,user1169@smartcart.ai,pbkdf2:sha256:600000$saltXYZ$hashedvalue,Amit Patel 1169,60,Female,Delhi,Punjab,"Fashion,Health,Home & Kitchen",2024-12-07,False,True
U01170,user01170,user1170@smartcart.ai,pbkdf2:sha256:600000$saltXYZ$hashedvalue,Vijay Kumar 1170,50,Other,Chennai,Telangana,"Home & Kitchen,Grocery,Electronics",2023-12-13,False,True
U01171,user01171,user1171@smartcart.ai,pbkdf2:sha256:600000$saltXYZ$hashedvalue,Vijay Kumar 1171,61,Other,Chennai,Tamil Nadu,"Beauty,Books,Automotive,Fashion",2026-03-24,False,True
U01172,user01172,user1172@smartcart.ai,pbkdf2:sha256:600000$saltXYZ$hashedvalue,Amit Patel 1172,56,Female,Pune,Delhi,"Toys,Home & Kitchen,Fashion",2025-01-16,False,True
U01173,user01173,user1173@smartcart.ai,pbkdf2:sha256:600000$saltXYZ$hashedvalue,Karan Mehta 1173,28,Male,Kolkata,Punjab,"Automotive,Beauty,Health",2024-02-05,False,True
U01174,user01174,user1174@smartcart.ai,pbkdf2:sha256:600000$saltXYZ$hashedvalue,Rahul Sharma 1174,65,Male,Lucknow,Tamil Nadu,"Automotive,Home & Kitchen,Toys",2024-11-12,False,True
U01175,user01175,user1175@smartcart.ai,pbkdf2:sha256:600000$saltXYZ$hashedvalue,Amit Patel 1175,35,Male,Mumbai,Rajasthan,"Books,Beauty,Grocery,Fashion",2023-08-14,False,True
U01176,user01176,user1176@smartcart.ai,pbkdf2:sha256:600000$saltXYZ$hashedvalue,Amit Patel 1176,47,Male,Ahmedabad,Punjab,"Fashion,Beauty,Home & Kitchen",2023-09-14,False,True
U01177,user01177,user1177@smartcart.ai,pbkdf2:sha256:600000$saltXYZ$hashedvalue,Pooja Pillai 1177,50,Male,Lucknow,Tamil Nadu,Grocery,2023-08-07,False,True
U01178,user01178,user1178@smartcart.ai,pbkdf2:sha256:600000$saltXYZ$hashedvalue,Rohit Verma 1178,35,Other,Kolkata,Gujarat,"Beauty,Grocery,Toys,Automotive",2026-02-10,False,True
U01179,user01179,user1179@smartcart.ai,pbkdf2:sha256:600000$saltXYZ$hashedvalue,Priya Singh 1179,51,Other,Kolkata,Gujarat,"Toys,Beauty",2025-11-26,False,True
U01180,user01180,user1180@smartcart.ai,pbkdf2:sha256:600000$saltXYZ$hashedvalue,Ananya Joshi 1180,50,Other,Chennai,Rajasthan,Health,2025-01-29,False,True
U01181,user01181,user1181@smartcart.ai,pbkdf2:sha256:600000$saltXYZ$hashedvalue,Priya Singh 1181,24,Female,Ahmedabad,Gujarat,"Toys,Automotive,Sports,Home & Kitchen",2024-11-09,False,True
U01182,user01182,user1182@smartcart.ai,pbkdf2:sha256:600000$saltXYZ$hashedvalue,Amit Patel 1182,49,Female,Bangalore,Karnataka,Sports,2024-10-18,False,True
U01183,user01183,user1183@smartcart.ai,pbkdf2:sha256:600000$saltXYZ$hashedvalue,Sneha Gupta 1183,52,Female,Hyderabad,Gujarat,"Fashion,Toys,Home & Kitchen",2024-04-26,False,True
U01184,user01184,user1184@smartcart.ai,pbkdf2:sha256:600000$saltXYZ$hashedvalue,Priya Singh 1184,27,Other,Surat,Tamil Nadu,"Automotive,Health",2025-10-02,False,True
U01185,user01185,user1185@smartcart.ai,pbkdf2:sha256:600000$saltXYZ$hashedvalue,Ananya Joshi 1185,62,Male,Surat,Karnataka,"Grocery,Fashion,Toys",2026-04-14,False,True
U01186,user01186,user1186@smartcart.ai,pbkdf2:sha256:600000$saltXYZ$hashedvalue,Priya Singh 1186,46,Female,Jaipur,Telangana,Beauty,2025-12-10,False,True
U01187,user01187,user1187@smartcart.ai,pbkdf2:sha256:600000$saltXYZ$hashedvalue,Rahul Sharma 1187,19,Female,Surat,UP,"Toys,Automotive",2024-05-22,False,True
U01188,user01188,user1188@smartcart.ai,pbkdf2:sha256:600000$saltXYZ$hashedvalue,Rohit Verma 1188,37,Female,Delhi,Maharashtra,Toys,2023-07-15,False,True
U01189,user01189,user1189@smartcart.ai,pbkdf2:sha256:600000$saltXYZ$hashedvalue,Amit Patel 1189,26,Male,Kolkata,UP,"Sports,Automotive,Grocery",2023-06-07,False,True
U01190,user01190,user1190@smartcart.ai,pbkdf2:sha256:600000$saltXYZ$hashedvalue,Vijay Kumar 1190,58,Female,Pune,West Bengal,Beauty,2024-02-22,False,True
U01191,user01191,user1191@smartcart.ai,pbkdf2:sha256:600000$saltXYZ$hashedvalue,Rohit Verma 1191,36,Other,Bangalore,Gujarat,Beauty,2024-02-26,False,True
U01192,user01192,user1192@smartcart.ai,pbkdf2:sha256:600000$saltXYZ$hashedvalue,Ananya Joshi 1192,37,Female,Mumbai,Gujarat,"Health,Automotive,Books",2024-07-02,False,True
U01193,user01193,user1193@smartcart.ai,pbkdf2:sha256:600000$saltXYZ$hashedvalue,Ananya Joshi 1193,47,Other,Surat,Maharashtra,"Toys,Home & Kitchen,Beauty,Health",2024-06-16,False,True
U01194,user01194,user1194@smartcart.ai,pbkdf2:sha256:600000$saltXYZ$hashedvalue,Priya Singh 1194,34,Male,Mumbai,West Bengal,"Toys,Books,Sports,Electronics",2023-08-01,False,True
U01195,user01195,user1195@smartcart.ai,pbkdf2:sha256:600000$saltXYZ$hashedvalue,Amit Patel 1195,47,Other,Ahmedabad,Punjab,"Beauty,Fashion",2023-12-30,False,True
U01196,user01196,user1196@smartcart.ai,pbkdf2:sha256:600000$saltXYZ$hashedvalue,Deepika Nair 1196,53,Female,Bangalore,Punjab,Beauty,2025-12-04,False,True
U01197,user01197,user1197@smartcart.ai,pbkdf2:sha256:600000$saltXYZ$hashedvalue,Vijay Kumar 1197,38,Female,Chennai,Gujarat,"Sports,Home & Kitchen,Grocery",2024-05-02,False,True
U01198,user01198,user1198@smartcart.ai,pbkdf2:sha256:600000$saltXYZ$hashedvalue,Priya Singh 1198,20,Male,Mumbai,Delhi,Electronics,2023-08-29,False,True
U01199,user01199,user1199@smartcart.ai,pbkdf2:sha256:600000$saltXYZ$hashedvalue,Karan Mehta 1199,32,Male,Chennai,Delhi,Books,2024-05-10,False,True
U01200,user01200,user1200@smartcart.ai,pbkdf2:sha256:600000$saltXYZ$hashedvalue,Karan Mehta 1200,47,Female,Ahmedabad,Delhi,Books,2025-01-18,False,True
U01201,user01201,user1201@smartcart.ai,pbkdf2:sha256:600000$saltXYZ$hashedvalue,Amit Patel 1201,21,Female,Bangalore,West Bengal,"Electronics,Books,Toys,Beauty",2024-03-15,False,True
U01202,user01202,user1202@smartcart.ai,pbkdf2:sha256:600000$saltXYZ$hashedvalue,Sneha Gupta 1202,27,Female,Kolkata,Karnataka,Beauty,2025-07-01,False,True
U01203,user01203,user1203@smartcart.ai,pbkdf2:sha256:600000$saltXYZ$hashedvalue,Amit Patel 1203,26,Other,Surat,UP,"Fashion,Beauty,Books",2023-08-02,False,True
U01204,user01204,user1204@smartcart.ai,pbkdf2:sha256:600000$saltXYZ$hashedvalue,Rahul Sharma 1204,44,Other,Delhi,Rajasthan,Toys,2023-12-10,False,True
U01205,user01205,user1205@smartcart.ai,pbkdf2:sha256:600000$saltXYZ$hashedvalue,Amit Patel 1205,52,Female,Lucknow,Rajasthan,Home & Kitchen,2024-09-06,False,False
U01206,user01206,user1206@smartcart.ai,pbkdf2:sha256:600000$saltXYZ$hashedvalue,Amit Patel 1206,58,Other,Surat,West Bengal,"Sports,Electronics",2024-10-22,False,True
U01207,user01207,user1207@smartcart.ai,pbkdf2:sha256:600000$saltXYZ$hashedvalue,Priya Singh 1207,37,Other,Ahmedabad,Telangana,"Books,Sports,Grocery,Home & Kitchen",2025-01-07,False,True
U01208,user01208,user1208@smartcart.ai,pbkdf2:sha256:600000$saltXYZ$hashedvalue,Deepika Nair 1208,36,Other,Pune,Karnataka,"Home & Kitchen,Beauty,Toys",2026-03-28,False,True
U01209,user01209,user1209@smartcart.ai,pbkdf2:sha256:600000$saltXYZ$hashedvalue,Vijay Kumar 1209,49,Other,Lucknow,Maharashtra,"Fashion,Health,Grocery,Books",2025-02-21,False,True
U01210,user01210,user1210@smartcart.ai,pbkdf2:sha256:600000$saltXYZ$hashedvalue,Karan Mehta 1210,65,Female,Delhi,West Bengal,Beauty,2025-12-09,False,True
U01211,user01211,user1211@smartcart.ai,pbkdf2:sha256:600000$saltXYZ$hashedvalue,Vijay Kumar 1211,48,Male,Jaipur,Telangana,Home & Kitchen,2024-07-07,False,True
U01212,user01212,user1212@smartcart.ai,pbkdf2:sha256:600000$saltXYZ$hashedvalue,Rohit Verma 1212,41,Female,Lucknow,Tamil Nadu,Electronics,2025-11-27,False,True
U01213,user01213,user1213@smartcart.ai,pbkdf2:sha256:600000$saltXYZ$hashedvalue,Sneha Gupta 1213,43,Male,Ahmedabad,UP,Electronics,2024-05-31,False,True
U01214,user01214,user1214@smartcart.ai,pbkdf2:sha256:600000$saltXYZ$hashedvalue,Vijay Kumar 1214,41,Female,Delhi,UP,Health,2025-12-04,False,True
U01215,user01215,user1215@smartcart.ai,pbkdf2:sha256:600000$saltXYZ$hashedvalue,Pooja Pillai 1215,35,Other,Chandigarh,Tamil Nadu,"Books,Home & Kitchen",2023-10-09,False,True
U01216,user01216,user1216@smartcart.ai,pbkdf2:sha256:600000$saltXYZ$hashedvalue,Priya Singh 1216,40,Other,Chandigarh,Rajasthan,"Sports,Grocery,Fashion",2023-08-05,False,True
U01217,user01217,user1217@smartcart.ai,pbkdf2:sha256:600000$saltXYZ$hashedvalue,Vijay Kumar 1217,60,Female,Mumbai,Delhi,"Automotive,Health,Fashion,Electronics",2026-02-17,False,True
U01218,user01218,user1218@smartcart.ai,pbkdf2:sha256:600000$saltXYZ$hashedvalue,Pooja Pillai 1218,18,Other,Hyderabad,Tamil Nadu,"Grocery,Electronics",2024-03-02,False,True
U01219,user01219,user1219@smartcart.ai,pbkdf2:sha256:600000$saltXYZ$hashedvalue,Pooja Pillai 1219,46,Other,Ahmedabad,Karnataka,"Fashion,Grocery",2024-09-11,False,True
U01220,user01220,user1220@smartcart.ai,pbkdf2:sha256:600000$saltXYZ$hashedvalue,Pooja Pillai 1220,33,Other,Chennai,UP,"Toys,Fashion,Automotive,Beauty",2023-07-05,False,True
U01221,user01221,user1221@smartcart.ai,pbkdf2:sha256:600000$saltXYZ$hashedvalue,Karan Mehta 1221,25,Female,Chandigarh,Gujarat,"Toys,Grocery,Fashion,Home & Kitchen",2023-09-02,False,True
U01222,user01222,user1222@smartcart.ai,pbkdf2:sha256:600000$saltXYZ$hashedvalue,Rohit Verma 1222,47,Male,Jaipur,Karnataka,Fashion,2023-11-01,False,True
U01223,user01223,user1223@smartcart.ai,pbkdf2:sha256:600000$saltXYZ$hashedvalue,Rohit Verma 1223,32,Female,Pune,West Bengal,"Beauty,Sports,Health,Automotive",2024-03-16,False,True
U01224,user01224,user1224@smartcart.ai,pbkdf2:sha256:600000$saltXYZ$hashedvalue,Pooja Pillai 1224,21,Male,Bangalore,Gujarat,"Sports,Toys",2023-08-31,False,True
U01225,user01225,user1225@smartcart.ai,pbkdf2:sha256:600000$saltXYZ$hashedvalue,Vijay Kumar 1225,51,Other,Jaipur,Rajasthan,Automotive,2023-06-14,False,True
U01226,user01226,user1226@smartcart.ai,pbkdf2:sha256:600000$saltXYZ$hashedvalue,Sneha Gupta 1226,42,Male,Kolkata,Karnataka,Books,2023-07-22,False,True
U01227,user01227,user1227@smartcart.ai,pbkdf2:sha256:600000$saltXYZ$hashedvalue,Pooja Pillai 1227,30,Male,Delhi,Gujarat,"Books,Beauty,Automotive,Home & Kitchen",2023-12-12,False,True
U01228,user01228,user1228@smartcart.ai,pbkdf2:sha256:600000$saltXYZ$hashedvalue,Pooja Pillai 1228,31,Female,Ahmedabad,Punjab,"Sports,Electronics,Books",2025-02-27,False,True
U01229,user01229,user1229@smartcart.ai,pbkdf2:sha256:600000$saltXYZ$hashedvalue,Deepika Nair 1229,20,Male,Kolkata,Delhi,"Grocery,Toys",2025-12-05,False,True
U01230,user01230,user1230@smartcart.ai,pbkdf2:sha256:600000$saltXYZ$hashedvalue,Sneha Gupta 1230,38,Male,Chennai,Tamil Nadu,Health,2026-04-02,False,True
U01231,user01231,user1231@smartcart.ai,pbkdf2:sha256:600000$saltXYZ$hashedvalue,Amit Patel 1231,55,Female,Mumbai,Delhi,Books,2024-12-26,False,True
U01232,user01232,user1232@smartcart.ai,pbkdf2:sha256:600000$saltXYZ$hashedvalue,Rohit Verma 1232,54,Female,Jaipur,Maharashtra,"Grocery,Books",2024-01-23,False,True
U01233,user01233,user1233@smartcart.ai,pbkdf2:sha256:600000$saltXYZ$hashedvalue,Priya Singh 1233,52,Male,Delhi,Punjab,"Home & Kitchen,Health,Toys,Electronics",2025-10-31,False,True
U01234,user01234,user1234@smartcart.ai,pbkdf2:sha256:600000$saltXYZ$hashedvalue,Ananya Joshi 1234,62,Other,Surat,West Bengal,"Fashion,Automotive,Toys",2023-10-14,False,True
U01235,user01235,user1235@smartcart.ai,pbkdf2:sha256:600000$saltXYZ$hashedvalue,Karan Mehta 1235,49,Female,Surat,Rajasthan,Books,2024-10-16,False,True
U01236,user01236,user1236@smartcart.ai,pbkdf2:sha256:600000$saltXYZ$hashedvalue,Rohit Verma 1236,39,Other,Jaipur,Karnataka,"Books,Home & Kitchen,Health,Grocery",2023-10-24,False,True
U01237,user01237,user1237@smartcart.ai,pbkdf2:sha256:600000$saltXYZ$hashedvalue,Rohit Verma 1237,32,Male,Chandigarh,UP,"Home & Kitchen,Fashion,Sports,Books",2025-08-26,False,True
U01238,user01238,user1238@smartcart.ai,pbkdf2:sha256:600000$saltXYZ$hashedvalue,Rahul Sharma 1238,42,Other,Pune,Maharashtra,"Beauty,Grocery",2025-05-14,False,True
U01239,user01239,user1239@smartcart.ai,pbkdf2:sha256:600000$saltXYZ$hashedvalue,Pooja Pillai 1239,45,Female,Ahmedabad,Telangana,"Toys,Beauty,Health",2026-04-18,False,True
U01240,user01240,user1240@smartcart.ai,pbkdf2:sha256:600000$saltXYZ$hashedvalue,Sneha Gupta 1240,40,Female,Chennai,Telangana,"Grocery,Beauty",2025-05-17,False,True
U01241,user01241,user1241@smartcart.ai,pbkdf2:sha256:600000$saltXYZ$hashedvalue,Karan Mehta 1241,55,Other,Surat,Gujarat,Grocery,2024-09-24,False,True
U01242,user01242,user1242@smartcart.ai,pbkdf2:sha256:600000$saltXYZ$hashedvalue,Sneha Gupta 1242,32,Female,Ahmedabad,Delhi,"Grocery,Home & Kitchen,Toys,Books",2025-10-07,False,True
U01243,user01243,user1243@smartcart.ai,pbkdf2:sha256:600000$saltXYZ$hashedvalue,Vijay Kumar 1243,42,Male,Bangalore,Maharashtra,"Toys,Fashion,Beauty",2023-06-30,False,True
U01244,user01244,user1244@smartcart.ai,pbkdf2:sha256:600000$saltXYZ$hashedvalue,Rahul Sharma 1244,59,Male,Ahmedabad,Rajasthan,"Books,Electronics",2025-01-02,False,True
U01245,user01245,user1245@smartcart.ai,pbkdf2:sha256:600000$saltXYZ$hashedvalue,Pooja Pillai 1245,31,Male,Delhi,Maharashtra,"Toys,Sports",2025-03-13,False,True
U01246,user01246,user1246@smartcart.ai,pbkdf2:sha256:600000$saltXYZ$hashedvalue,Priya Singh 1246,48,Other,Lucknow,Rajasthan,"Beauty,Home & Kitchen",2025-04-20,False,True
U01247,user01247,user1247@smartcart.ai,pbkdf2:sha256:600000$saltXYZ$hashedvalue,Pooja Pillai 1247,54,Male,Chandigarh,Delhi,"Electronics,Health,Home & Kitchen",2024-04-16,False,True
U01248,user01248,user1248@smartcart.ai,pbkdf2:sha256:600000$saltXYZ$hashedvalue,Deepika Nair 1248,35,Male,Chandigarh,Telangana,"Sports,Automotive,Fashion,Health",2024-01-13,False,True
U01249,user01249,user1249@smartcart.ai,pbkdf2:sha256:600000$saltXYZ$hashedvalue,Vijay Kumar 1249,26,Female,Kolkata,Tamil Nadu,"Health,Grocery,Books,Sports",2026-03-12,False,True
U01250,user01250,user1250@smartcart.ai,pbkdf2:sha256:600000$saltXYZ$hashedvalue,Ananya Joshi 1250,28,Other,Pune,Maharashtra,"Beauty,Toys,Automotive,Home & Kitchen",2025-09-03,False,True
U01251,user01251,user1251@smartcart.ai,pbkdf2:sha256:600000$saltXYZ$hashedvalue,Rahul Sharma 1251,26,Other,Chandigarh,Telangana,"Home & Kitchen,Books,Health,Fashion",2023-05-29,False,True
U01252,user01252,user1252@smartcart.ai,pbkdf2:sha256:600000$saltXYZ$hashedvalue,Deepika Nair 1252,46,Female,Surat,Tamil Nadu,Toys,2023-05-27,False,True
U01253,user01253,user1253@smartcart.ai,pbkdf2:sha256:600000$saltXYZ$hashedvalue,Sneha Gupta 1253,27,Female,Pune,Delhi,"Electronics,Fashion,Beauty,Sports",2025-02-02,False,True
U01254,user01254,user1254@smartcart.ai,pbkdf2:sha256:600000$saltXYZ$hashedvalue,Karan Mehta 1254,36,Other,Lucknow,Tamil Nadu,"Automotive,Electronics,Beauty,Health",2023-09-05,False,True
U01255,user01255,user1255@smartcart.ai,pbkdf2:sha256:600000$saltXYZ$hashedvalue,Rahul Sharma 1255,59,Male,Jaipur,Punjab,"Fashion,Beauty,Grocery",2025-04-11,False,True
U01256,user01256,user1256@smartcart.ai,pbkdf2:sha256:600000$saltXYZ$hashedvalue,Priya Singh 1256,57,Female,Surat,Tamil Nadu,Electronics,2025-05-14,False,True
U01257,user01257,user1257@smartcart.ai,pbkdf2:sha256:600000$saltXYZ$hashedvalue,Amit Patel 1257,40,Male,Jaipur,Rajasthan,"Books,Grocery",2025-09-30,False,True
U01258,user01258,user1258@smartcart.ai,pbkdf2:sha256:600000$saltXYZ$hashedvalue,Ananya Joshi 1258,53,Female,Kolkata,Gujarat,"Home & Kitchen,Grocery,Health",2025-11-10,False,True
U01259,user01259,user1259@smartcart.ai,pbkdf2:sha256:600000$saltXYZ$hashedvalue,Pooja Pillai 1259,50,Male,Pune,Maharashtra,"Beauty,Books,Home & Kitchen,Electronics",2023-04-27,False,True
U01260,user01260,user1260@smartcart.ai,pbkdf2:sha256:600000$saltXYZ$hashedvalue,Pooja Pillai 1260,32,Other,Ahmedabad,Tamil Nadu,"Electronics,Fashion,Books",2025-01-01,False,True
U01261,user01261,user1261@smartcart.ai,pbkdf2:sha256:600000$saltXYZ$hashedvalue,Deepika Nair 1261,36,Other,Kolkata,Rajasthan,"Toys,Beauty",2025-06-01,False,True
U01262,user01262,user1262@smartcart.ai,pbkdf2:sha256:600000$saltXYZ$hashedvalue,Ananya Joshi 1262,65,Male,Surat,Maharashtra,"Electronics,Sports,Beauty",2023-06-22,False,False
U01263,user01263,user1263@smartcart.ai,pbkdf2:sha256:600000$saltXYZ$hashedvalue,Deepika Nair 1263,19,Other,Bangalore,West Bengal,"Electronics,Beauty",2023-10-30,False,True
U01264,user01264,user1264@smartcart.ai,pbkdf2:sha256:600000$saltXYZ$hashedvalue,Pooja Pillai 1264,40,Other,Delhi,Karnataka,Home & Kitchen,2023-07-04,False,True
U01265,user01265,user1265@smartcart.ai,pbkdf2:sha256:600000$saltXYZ$hashedvalue,Pooja Pillai 1265,52,Male,Chandigarh,Maharashtra,"Beauty,Sports",2025-05-27,False,True
U01266,user01266,user1266@smartcart.ai,pbkdf2:sha256:600000$saltXYZ$hashedvalue,Sneha Gupta 1266,23,Female,Mumbai,Gujarat,Fashion,2024-05-23,False,True
U01267,user01267,user1267@smartcart.ai,pbkdf2:sha256:600000$saltXYZ$hashedvalue,Karan Mehta 1267,64,Female,Lucknow,Delhi,"Fashion,Automotive",2024-10-07,False,True
U01268,user01268,user1268@smartcart.ai,pbkdf2:sha256:600000$saltXYZ$hashedvalue,Rahul Sharma 1268,30,Male,Jaipur,Karnataka,Sports,2025-08-08,False,True
U01269,user01269,user1269@smartcart.ai,pbkdf2:sha256:600000$saltXYZ$hashedvalue,Rohit Verma 1269,23,Male,Jaipur,Telangana,"Automotive,Sports,Home & Kitchen,Grocery",2025-09-14,False,True
U01270,user01270,user1270@smartcart.ai,pbkdf2:sha256:600000$saltXYZ$hashedvalue,Rohit Verma 1270,31,Other,Delhi,Maharashtra,"Toys,Beauty,Health",2024-10-27,False,True
U01271,user01271,user1271@smartcart.ai,pbkdf2:sha256:600000$saltXYZ$hashedvalue,Amit Patel 1271,30,Male,Hyderabad,Rajasthan,"Beauty,Sports,Fashion",2025-11-07,False,True
U01272,user01272,user1272@smartcart.ai,pbkdf2:sha256:600000$saltXYZ$hashedvalue,Ananya Joshi 1272,36,Female,Chandigarh,Telangana,"Home & Kitchen,Grocery",2025-07-08,False,True
U01273,user01273,user1273@smartcart.ai,pbkdf2:sha256:600000$saltXYZ$hashedvalue,Rohit Verma 1273,33,Male,Jaipur,Telangana,"Beauty,Automotive",2024-03-20,False,True
U01274,user01274,user1274@smartcart.ai,pbkdf2:sha256:600000$saltXYZ$hashedvalue,Priya Singh 1274,47,Female,Delhi,Delhi,"Toys,Grocery,Home & Kitchen",2024-02-02,False,True
U01275,user01275,user1275@smartcart.ai,pbkdf2:sha256:600000$saltXYZ$hashedvalue,Deepika Nair 1275,56,Male,Ahmedabad,Karnataka,Automotive,2023-08-20,False,True
U01276,user01276,user1276@smartcart.ai,pbkdf2:sha256:600000$saltXYZ$hashedvalue,Deepika Nair 1276,59,Male,Pune,Punjab,"Electronics,Automotive,Sports",2025-01-20,False,True
U01277,user01277,user1277@smartcart.ai,pbkdf2:sha256:600000$saltXYZ$hashedvalue,Karan Mehta 1277,36,Female,Kolkata,Punjab,"Electronics,Fashion,Grocery,Home & Kitchen",2026-04-13,False,True
U01278,user01278,user1278@smartcart.ai,pbkdf2:sha256:600000$saltXYZ$hashedvalue,Karan Mehta 1278,45,Male,Bangalore,Tamil Nadu,"Toys,Home & Kitchen,Grocery",2025-09-04,False,True
U01279,user01279,user1279@smartcart.ai,pbkdf2:sha256:600000$saltXYZ$hashedvalue,Vijay Kumar 1279,30,Male,Surat,Delhi,"Grocery,Automotive,Toys,Beauty",2026-04-16,False,False
U01280,user01280,user1280@smartcart.ai,pbkdf2:sha256:600000$saltXYZ$hashedvalue,Sneha Gupta 1280,56,Male,Lucknow,UP,Grocery,2023-12-01,False,True
U01281,user01281,user1281@smartcart.ai,pbkdf2:sha256:600000$saltXYZ$hashedvalue,Karan Mehta 1281,63,Female,Surat,Rajasthan,"Sports,Fashion,Toys",2025-04-06,False,True
U01282,user01282,user1282@smartcart.ai,pbkdf2:sha256:600000$saltXYZ$hashedvalue,Sneha Gupta 1282,60,Other,Delhi,Karnataka,Sports,2025-07-10,False,True
U01283,user01283,user1283@smartcart.ai,pbkdf2:sha256:600000$saltXYZ$hashedvalue,Vijay Kumar 1283,63,Male,Jaipur,Maharashtra,Grocery,2024-07-25,False,True
U01284,user01284,user1284@smartcart.ai,pbkdf2:sha256:600000$saltXYZ$hashedvalue,Sneha Gupta 1284,51,Male,Kolkata,Delhi,"Automotive,Fashion",2025-01-29,False,True
U01285,user01285,user1285@smartcart.ai,pbkdf2:sha256:600000$saltXYZ$hashedvalue,Vijay Kumar 1285,58,Other,Jaipur,Maharashtra,"Books,Electronics,Sports,Toys",2023-12-27,False,True
U01286,user01286,user1286@smartcart.ai,pbkdf2:sha256:600000$saltXYZ$hashedvalue,Deepika Nair 1286,37,Female,Pune,Tamil Nadu,"Books,Beauty,Grocery",2024-01-03,False,False
U01287,user01287,user1287@smartcart.ai,pbkdf2:sha256:600000$saltXYZ$hashedvalue,Vijay Kumar 1287,21,Male,Pune,Maharashtra,"Beauty,Books",2024-11-26,False,True
U01288,user01288,user1288@smartcart.ai,pbkdf2:sha256:600000$saltXYZ$hashedvalue,Sneha Gupta 1288,30,Other,Lucknow,Telangana,Health,2024-08-14,False,True
U01289,user01289,user1289@smartcart.ai,pbkdf2:sha256:600000$saltXYZ$hashedvalue,Ananya Joshi 1289,44,Male,Ahmedabad,West Bengal,Grocery,2024-09-24,False,True
U01290,user01290,user1290@smartcart.ai,pbkdf2:sha256:600000$saltXYZ$hashedvalue,Priya Singh 1290,40,Other,Surat,West Bengal,"Beauty,Grocery,Books,Toys",2025-11-08,False,True
U01291,user01291,user1291@smartcart.ai,pbkdf2:sha256:600000$saltXYZ$hashedvalue,Pooja Pillai 1291,54,Other,Chandigarh,Rajasthan,Sports,2023-11-08,False,True
U01292,user01292,user1292@smartcart.ai,pbkdf2:sha256:600000$saltXYZ$hashedvalue,Priya Singh 1292,28,Male,Jaipur,UP,"Beauty,Fashion,Toys,Electronics",2024-01-01,False,True
U01293,user01293,user1293@smartcart.ai,pbkdf2:sha256:600000$saltXYZ$hashedvalue,Priya Singh 1293,58,Other,Chandigarh,Tamil Nadu,Toys,2024-12-27,False,True
U01294,user01294,user1294@smartcart.ai,pbkdf2:sha256:600000$saltXYZ$hashedvalue,Sneha Gupta 1294,21,Female,Jaipur,Karnataka,Electronics,2025-07-14,False,True
U01295,user01295,user1295@smartcart.ai,pbkdf2:sha256:600000$saltXYZ$hashedvalue,Rohit Verma 1295,58,Other,Surat,Delhi,"Grocery,Health",2024-04-29,False,True
U01296,user01296,user1296@smartcart.ai,pbkdf2:sha256:600000$saltXYZ$hashedvalue,Pooja Pillai 1296,18,Other,Kolkata,Maharashtra,"Home & Kitchen,Electronics",2025-10-22,False,True
U01297,user01297,user1297@smartcart.ai,pbkdf2:sha256:600000$saltXYZ$hashedvalue,Amit Patel 1297,23,Female,Surat,Rajasthan,"Sports,Toys,Electronics,Automotive",2025-07-07,False,True
U01298,user01298,user1298@smartcart.ai,pbkdf2:sha256:600000$saltXYZ$hashedvalue,Ananya Joshi 1298,40,Male,Bangalore,West Bengal,"Home & Kitchen,Automotive",2024-03-03,False,True
U01299,user01299,user1299@smartcart.ai,pbkdf2:sha256:600000$saltXYZ$hashedvalue,Priya Singh 1299,34,Male,Jaipur,Tamil Nadu,"Toys,Health,Beauty",2026-03-06,False,True
U01300,user01300,user1300@smartcart.ai,pbkdf2:sha256:600000$saltXYZ$hashedvalue,Priya Singh 1300,52,Female,Lucknow,Tamil Nadu,"Electronics,Toys,Sports,Fashion",2026-02-13,False,True
U01301,user01301,user1301@smartcart.ai,pbkdf2:sha256:600000$saltXYZ$hashedvalue,Amit Patel 1301,46,Female,Chennai,Rajasthan,Automotive,2025-03-02,False,True
U01302,user01302,user1302@smartcart.ai,pbkdf2:sha256:600000$saltXYZ$hashedvalue,Rahul Sharma 1302,32,Male,Jaipur,Tamil Nadu,Electronics,2024-09-06,False,True
U01303,user01303,user1303@smartcart.ai,pbkdf2:sha256:600000$saltXYZ$hashedvalue,Pooja Pillai 1303,52,Other,Chandigarh,Rajasthan,"Home & Kitchen,Beauty,Sports,Health",2024-08-17,False,True
U01304,user01304,user1304@smartcart.ai,pbkdf2:sha256:600000$saltXYZ$hashedvalue,Ananya Joshi 1304,30,Male,Surat,Maharashtra,"Beauty,Automotive,Fashion",2023-07-03,False,True
U01305,user01305,user1305@smartcart.ai,pbkdf2:sha256:600000$saltXYZ$hashedvalue,Ananya Joshi 1305,33,Other,Hyderabad,Telangana,"Automotive,Beauty,Electronics",2026-03-01,False,True
U01306,user01306,user1306@smartcart.ai,pbkdf2:sha256:600000$saltXYZ$hashedvalue,Deepika Nair 1306,58,Female,Surat,Rajasthan,Toys,2023-11-10,False,False
U01307,user01307,user1307@smartcart.ai,pbkdf2:sha256:600000$saltXYZ$hashedvalue,Rohit Verma 1307,37,Male,Delhi,Delhi,"Sports,Electronics,Grocery",2024-07-26,False,False
U01308,user01308,user1308@smartcart.ai,pbkdf2:sha256:600000$saltXYZ$hashedvalue,Amit Patel 1308,27,Female,Ahmedabad,Karnataka,"Health,Fashion,Books",2026-03-16,False,True
U01309,user01309,user1309@smartcart.ai,pbkdf2:sha256:600000$saltXYZ$hashedvalue,Rahul Sharma 1309,65,Male,Lucknow,Gujarat,"Home & Kitchen,Sports,Beauty",2024-06-12,False,True
U01310,user01310,user1310@smartcart.ai,pbkdf2:sha256:600000$saltXYZ$hashedvalue,Deepika Nair 1310,38,Male,Bangalore,UP,"Books,Grocery",2025-12-12,False,True
U01311,user01311,user1311@smartcart.ai,pbkdf2:sha256:600000$saltXYZ$hashedvalue,Ananya Joshi 1311,25,Other,Chandigarh,Punjab,"Toys,Beauty",2023-06-24,False,True
U01312,user01312,user1312@smartcart.ai,pbkdf2:sha256:600000$saltXYZ$hashedvalue,Priya Singh 1312,45,Male,Pune,Punjab,"Grocery,Beauty,Toys,Electronics",2024-05-13,False,True
U01313,user01313,user1313@smartcart.ai,pbkdf2:sha256:600000$saltXYZ$hashedvalue,Pooja Pillai 1313,18,Male,Mumbai,Karnataka,"Automotive,Sports",2023-11-03,False,True
U01314,user01314,user1314@smartcart.ai,pbkdf2:sha256:600000$saltXYZ$hashedvalue,Pooja Pillai 1314,33,Male,Ahmedabad,Telangana,"Grocery,Health",2024-02-28,False,True
U01315,user01315,user1315@smartcart.ai,pbkdf2:sha256:600000$saltXYZ$hashedvalue,Priya Singh 1315,20,Male,Bangalore,Telangana,"Fashion,Grocery,Books,Home & Kitchen",2024-01-22,False,True
U01316,user01316,user1316@smartcart.ai,pbkdf2:sha256:600000$saltXYZ$hashedvalue,Karan Mehta 1316,20,Other,Chandigarh,West Bengal,"Home & Kitchen,Books",2024-06-06,False,True
U01317,user01317,user1317@smartcart.ai,pbkdf2:sha256:600000$saltXYZ$hashedvalue,Karan Mehta 1317,49,Male,Surat,Karnataka,"Grocery,Health,Books",2024-08-07,False,True
U01318,user01318,user1318@smartcart.ai,pbkdf2:sha256:600000$saltXYZ$hashedvalue,Rohit Verma 1318,56,Male,Kolkata,Delhi,"Home & Kitchen,Books,Grocery,Electronics",2023-06-17,False,True
U01319,user01319,user1319@smartcart.ai,pbkdf2:sha256:600000$saltXYZ$hashedvalue,Sneha Gupta 1319,38,Male,Jaipur,Maharashtra,"Toys,Fashion,Grocery,Home & Kitchen",2023-10-18,False,True
U01320,user01320,user1320@smartcart.ai,pbkdf2:sha256:600000$saltXYZ$hashedvalue,Rahul Sharma 1320,42,Female,Bangalore,Gujarat,"Fashion,Home & Kitchen,Sports,Toys",2025-05-13,False,True
U01321,user01321,user1321@smartcart.ai,pbkdf2:sha256:600000$saltXYZ$hashedvalue,Rahul Sharma 1321,30,Other,Surat,Karnataka,Electronics,2025-10-01,False,True
U01322,user01322,user1322@smartcart.ai,pbkdf2:sha256:600000$saltXYZ$hashedvalue,Priya Singh 1322,37,Other,Delhi,Delhi,"Toys,Sports,Beauty,Grocery",2025-05-19,False,True
U01323,user01323,user1323@smartcart.ai,pbkdf2:sha256:600000$saltXYZ$hashedvalue,Sneha Gupta 1323,18,Other,Kolkata,Rajasthan,Electronics,2024-08-15,False,True
U01324,user01324,user1324@smartcart.ai,pbkdf2:sha256:600000$saltXYZ$hashedvalue,Priya Singh 1324,23,Female,Hyderabad,Rajasthan,Grocery,2023-10-12,False,True
U01325,user01325,user1325@smartcart.ai,pbkdf2:sha256:600000$saltXYZ$hashedvalue,Rohit Verma 1325,26,Male,Surat,Telangana,Sports,2026-03-15,False,True
U01326,user01326,user1326@smartcart.ai,pbkdf2:sha256:600000$saltXYZ$hashedvalue,Amit Patel 1326,63,Other,Chennai,Delhi,"Home & Kitchen,Sports,Fashion",2024-12-27,False,True
U01327,user01327,user1327@smartcart.ai,pbkdf2:sha256:600000$saltXYZ$hashedvalue,Rahul Sharma 1327,33,Other,Surat,Gujarat,"Books,Fashion,Home & Kitchen,Health",2024-05-11,False,False
U01328,user01328,user1328@smartcart.ai,pbkdf2:sha256:600000$saltXYZ$hashedvalue,Deepika Nair 1328,62,Female,Hyderabad,Maharashtra,"Books,Fashion,Home & Kitchen,Toys",2025-06-15,False,True
U01329,user01329,user1329@smartcart.ai,pbkdf2:sha256:600000$saltXYZ$hashedvalue,Ananya Joshi 1329,24,Male,Surat,Gujarat,"Toys,Books",2025-10-02,False,True
U01330,user01330,user1330@smartcart.ai,pbkdf2:sha256:600000$saltXYZ$hashedvalue,Amit Patel 1330,62,Female,Bangalore,Maharashtra,"Beauty,Health,Fashion,Automotive",2024-08-25,False,True
U01331,user01331,user1331@smartcart.ai,pbkdf2:sha256:600000$saltXYZ$hashedvalue,Deepika Nair 1331,31,Other,Kolkata,Tamil Nadu,"Home & Kitchen,Electronics,Health,Books",2025-10-13,False,True
U01332,user01332,user1332@smartcart.ai,pbkdf2:sha256:600000$saltXYZ$hashedvalue,Rohit Verma 1332,43,Female,Lucknow,Karnataka,"Home & Kitchen,Automotive,Books",2025-09-07,False,True
U01333,user01333,user1333@smartcart.ai,pbkdf2:sha256:600000$saltXYZ$hashedvalue,Deepika Nair 1333,62,Male,Chandigarh,Telangana,"Electronics,Books,Grocery",2024-09-02,False,True
U01334,user01334,user1334@smartcart.ai,pbkdf2:sha256:600000$saltXYZ$hashedvalue,Rahul Sharma 1334,32,Female,Ahmedabad,UP,"Books,Sports",2023-10-05,False,True
U01335,user01335,user1335@smartcart.ai,pbkdf2:sha256:600000$saltXYZ$hashedvalue,Pooja Pillai 1335,60,Female,Chandigarh,Punjab,"Books,Health",2025-12-07,False,True
U01336,user01336,user1336@smartcart.ai,pbkdf2:sha256:600000$saltXYZ$hashedvalue,Pooja Pillai 1336,44,Female,Mumbai,Tamil Nadu,"Electronics,Beauty",2025-06-11,False,True
U01337,user01337,user1337@smartcart.ai,pbkdf2:sha256:600000$saltXYZ$hashedvalue,Rahul Sharma 1337,18,Other,Mumbai,West Bengal,"Grocery,Toys,Sports,Fashion",2023-12-28,False,True
U01338,user01338,user1338@smartcart.ai,pbkdf2:sha256:600000$saltXYZ$hashedvalue,Vijay Kumar 1338,64,Other,Lucknow,West Bengal,"Beauty,Health",2025-08-20,False,True
U01339,user01339,user1339@smartcart.ai,pbkdf2:sha256:600000$saltXYZ$hashedvalue,Priya Singh 1339,61,Male,Mumbai,UP,Fashion,2026-01-28,False,True
U01340,user01340,user1340@smartcart.ai,pbkdf2:sha256:600000$saltXYZ$hashedvalue,Pooja Pillai 1340,33,Male,Ahmedabad,West Bengal,"Electronics,Fashion",2024-01-13,False,True
U01341,user01341,user1341@smartcart.ai,pbkdf2:sha256:600000$saltXYZ$hashedvalue,Rohit Verma 1341,51,Female,Chandigarh,Gujarat,"Sports,Health,Books,Electronics",2023-09-19,False,True
U01342,user01342,user1342@smartcart.ai,pbkdf2:sha256:600000$saltXYZ$hashedvalue,Ananya Joshi 1342,51,Other,Hyderabad,West Bengal,"Health,Home & Kitchen,Books",2025-08-21,False,True
U01343,user01343,user1343@smartcart.ai,pbkdf2:sha256:600000$saltXYZ$hashedvalue,Deepika Nair 1343,19,Female,Lucknow,Karnataka,"Fashion,Beauty,Grocery",2026-02-09,False,True
U01344,user01344,user1344@smartcart.ai,pbkdf2:sha256:600000$saltXYZ$hashedvalue,Deepika Nair 1344,51,Female,Bangalore,Karnataka,"Beauty,Automotive",2025-08-15,False,True
U01345,user01345,user1345@smartcart.ai,pbkdf2:sha256:600000$saltXYZ$hashedvalue,Rahul Sharma 1345,57,Male,Chandigarh,UP,"Fashion,Health,Home & Kitchen",2026-03-03,False,True
U01346,user01346,user1346@smartcart.ai,pbkdf2:sha256:600000$saltXYZ$hashedvalue,Sneha Gupta 1346,23,Female,Chandigarh,Gujarat,Books,2025-01-01,False,True
U01347,user01347,user1347@smartcart.ai,pbkdf2:sha256:600000$saltXYZ$hashedvalue,Pooja Pillai 1347,62,Male,Mumbai,Telangana,"Sports,Beauty,Toys,Grocery",2023-08-21,False,True
U01348,user01348,user1348@smartcart.ai,pbkdf2:sha256:600000$saltXYZ$hashedvalue,Pooja Pillai 1348,49,Female,Hyderabad,UP,"Electronics,Books,Health",2024-12-09,False,True
U01349,user01349,user1349@smartcart.ai,pbkdf2:sha256:600000$saltXYZ$hashedvalue,Amit Patel 1349,46,Female,Kolkata,Tamil Nadu,"Beauty,Automotive,Sports,Fashion",2025-04-20,False,True
U01350,user01350,user1350@smartcart.ai,pbkdf2:sha256:600000$saltXYZ$hashedvalue,Rahul Sharma 1350,44,Other,Surat,Telangana,"Health,Electronics,Sports,Toys",2026-04-01,False,True
U01351,user01351,user1351@smartcart.ai,pbkdf2:sha256:600000$saltXYZ$hashedvalue,Rohit Verma 1351,59,Female,Ahmedabad,Tamil Nadu,"Sports,Beauty,Fashion,Grocery",2026-02-16,False,True
U01352,user01352,user1352@smartcart.ai,pbkdf2:sha256:600000$saltXYZ$hashedvalue,Amit Patel 1352,23,Male,Surat,Delhi,"Health,Fashion,Toys",2023-07-05,False,True
U01353,user01353,user1353@smartcart.ai,pbkdf2:sha256:600000$saltXYZ$hashedvalue,Deepika Nair 1353,34,Other,Chandigarh,Punjab,"Home & Kitchen,Health",2026-01-28,False,False
U01354,user01354,user1354@smartcart.ai,pbkdf2:sha256:600000$saltXYZ$hashedvalue,Rohit Verma 1354,34,Female,Delhi,UP,"Sports,Beauty,Grocery,Home & Kitchen",2024-03-04,False,True
U01355,user01355,user1355@smartcart.ai,pbkdf2:sha256:600000$saltXYZ$hashedvalue,Deepika Nair 1355,28,Other,Delhi,Rajasthan,"Sports,Automotive,Grocery",2025-07-23,False,True
U01356,user01356,user1356@smartcart.ai,pbkdf2:sha256:600000$saltXYZ$hashedvalue,Pooja Pillai 1356,29,Female,Lucknow,UP,"Books,Grocery,Beauty,Automotive",2024-01-10,False,True
U01357,user01357,user1357@smartcart.ai,pbkdf2:sha256:600000$saltXYZ$hashedvalue,Rohit Verma 1357,35,Female,Chandigarh,Rajasthan,Automotive,2023-06-02,False,True
U01358,user01358,user1358@smartcart.ai,pbkdf2:sha256:600000$saltXYZ$hashedvalue,Vijay Kumar 1358,42,Male,Delhi,UP,"Grocery,Electronics,Automotive",2025-02-20,False,True
U01359,user01359,user1359@smartcart.ai,pbkdf2:sha256:600000$saltXYZ$hashedvalue,Rohit Verma 1359,65,Male,Bangalore,Gujarat,"Home & Kitchen,Books",2025-12-01,False,True
U01360,user01360,user1360@smartcart.ai,pbkdf2:sha256:600000$saltXYZ$hashedvalue,Ananya Joshi 1360,39,Other,Chandigarh,Delhi,"Sports,Automotive",2025-05-08,False,True
U01361,user01361,user1361@smartcart.ai,pbkdf2:sha256:600000$saltXYZ$hashedvalue,Deepika Nair 1361,60,Female,Surat,Punjab,"Fashion,Grocery,Electronics",2023-08-15,False,True
U01362,user01362,user1362@smartcart.ai,pbkdf2:sha256:600000$saltXYZ$hashedvalue,Pooja Pillai 1362,45,Male,Surat,Gujarat,"Sports,Electronics,Grocery,Health",2025-07-23,False,True
U01363,user01363,user1363@smartcart.ai,pbkdf2:sha256:600000$saltXYZ$hashedvalue,Pooja Pillai 1363,33,Female,Kolkata,Gujarat,Books,2024-07-26,False,True
U01364,user01364,user1364@smartcart.ai,pbkdf2:sha256:600000$saltXYZ$hashedvalue,Ananya Joshi 1364,20,Male,Kolkata,Telangana,Automotive,2023-10-30,False,True
U01365,user01365,user1365@smartcart.ai,pbkdf2:sha256:600000$saltXYZ$hashedvalue,Sneha Gupta 1365,52,Other,Kolkata,Punjab,"Automotive,Toys,Fashion,Home & Kitchen",2025-05-12,False,True
U01366,user01366,user1366@smartcart.ai,pbkdf2:sha256:600000$saltXYZ$hashedvalue,Rahul Sharma 1366,44,Other,Hyderabad,Karnataka,"Home & Kitchen,Fashion",2026-01-08,False,True
U01367,user01367,user1367@smartcart.ai,pbkdf2:sha256:600000$saltXYZ$hashedvalue,Priya Singh 1367,43,Female,Jaipur,Maharashtra,"Sports,Automotive,Toys,Electronics",2024-12-14,False,True
U01368,user01368,user1368@smartcart.ai,pbkdf2:sha256:600000$saltXYZ$hashedvalue,Sneha Gupta 1368,27,Male,Chennai,Telangana,"Home & Kitchen,Grocery,Electronics,Sports",2024-11-28,False,True
U01369,user01369,user1369@smartcart.ai,pbkdf2:sha256:600000$saltXYZ$hashedvalue,Deepika Nair 1369,20,Other,Mumbai,Telangana,"Health,Automotive",2024-03-01,False,True
U01370,user01370,user1370@smartcart.ai,pbkdf2:sha256:600000$saltXYZ$hashedvalue,Amit Patel 1370,20,Male,Hyderabad,Punjab,"Sports,Home & Kitchen",2024-12-05,False,True
U01371,user01371,user1371@smartcart.ai,pbkdf2:sha256:600000$saltXYZ$hashedvalue,Sneha Gupta 1371,20,Female,Chandigarh,UP,"Fashion,Health",2025-12-25,False,True
U01372,user01372,user1372@smartcart.ai,pbkdf2:sha256:600000$saltXYZ$hashedvalue,Amit Patel 1372,31,Male,Mumbai,Tamil Nadu,Automotive,2024-02-20,False,True
U01373,user01373,user1373@smartcart.ai,pbkdf2:sha256:600000$saltXYZ$hashedvalue,Pooja Pillai 1373,30,Female,Hyderabad,Punjab,Books,2025-03-25,False,True
U01374,user01374,user1374@smartcart.ai,pbkdf2:sha256:600000$saltXYZ$hashedvalue,Vijay Kumar 1374,21,Other,Bangalore,Karnataka,Automotive,2025-06-07,False,True
U01375,user01375,user1375@smartcart.ai,pbkdf2:sha256:600000$saltXYZ$hashedvalue,Pooja Pillai 1375,23,Male,Mumbai,Karnataka,"Home & Kitchen,Books,Fashion,Grocery",2024-01-30,False,True
U01376,user01376,user1376@smartcart.ai,pbkdf2:sha256:600000$saltXYZ$hashedvalue,Ananya Joshi 1376,58,Male,Kolkata,Karnataka,"Automotive,Grocery,Sports",2023-06-18,False,True
U01377,user01377,user1377@smartcart.ai,pbkdf2:sha256:600000$saltXYZ$hashedvalue,Priya Singh 1377,28,Other,Ahmedabad,Telangana,Grocery,2024-02-06,False,True
U01378,user01378,user1378@smartcart.ai,pbkdf2:sha256:600000$saltXYZ$hashedvalue,Karan Mehta 1378,45,Male,Pune,Rajasthan,"Home & Kitchen,Electronics,Fashion",2025-09-03,False,True
U01379,user01379,user1379@smartcart.ai,pbkdf2:sha256:600000$saltXYZ$hashedvalue,Sneha Gupta 1379,52,Other,Surat,Karnataka,Sports,2023-12-27,False,True
U01380,user01380,user1380@smartcart.ai,pbkdf2:sha256:600000$saltXYZ$hashedvalue,Priya Singh 1380,55,Male,Surat,West Bengal,"Health,Fashion",2025-02-03,False,True
U01381,user01381,user1381@smartcart.ai,pbkdf2:sha256:600000$saltXYZ$hashedvalue,Amit Patel 1381,60,Male,Delhi,Rajasthan,"Electronics,Toys",2025-09-28,False,False
U01382,user01382,user1382@smartcart.ai,pbkdf2:sha256:600000$saltXYZ$hashedvalue,Vijay Kumar 1382,58,Other,Chennai,Karnataka,"Fashion,Home & Kitchen",2026-01-08,False,True
U01383,user01383,user1383@smartcart.ai,pbkdf2:sha256:600000$saltXYZ$hashedvalue,Rohit Verma 1383,47,Male,Pune,Telangana,"Toys,Home & Kitchen,Beauty",2023-10-16,False,True
U01384,user01384,user1384@smartcart.ai,pbkdf2:sha256:600000$saltXYZ$hashedvalue,Vijay Kumar 1384,19,Male,Chandigarh,Rajasthan,Grocery,2025-08-11,False,True
U01385,user01385,user1385@smartcart.ai,pbkdf2:sha256:600000$saltXYZ$hashedvalue,Sneha Gupta 1385,40,Female,Bangalore,West Bengal,"Beauty,Fashion",2024-04-11,False,True
U01386,user01386,user1386@smartcart.ai,pbkdf2:sha256:600000$saltXYZ$hashedvalue,Rahul Sharma 1386,53,Male,Pune,UP,"Electronics,Fashion",2024-09-19,False,True
U01387,user01387,user1387@smartcart.ai,pbkdf2:sha256:600000$saltXYZ$hashedvalue,Ananya Joshi 1387,24,Female,Hyderabad,Punjab,"Toys,Grocery,Sports,Books",2023-06-12,False,True
U01388,user01388,user1388@smartcart.ai,pbkdf2:sha256:600000$saltXYZ$hashedvalue,Pooja Pillai 1388,57,Male,Kolkata,Karnataka,"Fashion,Sports,Beauty",2025-02-03,False,True
U01389,user01389,user1389@smartcart.ai,pbkdf2:sha256:600000$saltXYZ$hashedvalue,Rahul Sharma 1389,57,Male,Jaipur,Telangana,"Sports,Home & Kitchen",2025-12-10,False,True
U01390,user01390,user1390@smartcart.ai,pbkdf2:sha256:600000$saltXYZ$hashedvalue,Rahul Sharma 1390,49,Male,Bangalore,West Bengal,"Toys,Fashion",2024-07-12,False,True
U01391,user01391,user1391@smartcart.ai,pbkdf2:sha256:600000$saltXYZ$hashedvalue,Sneha Gupta 1391,32,Other,Kolkata,Telangana,"Sports,Beauty,Electronics",2025-07-22,False,True
U01392,user01392,user1392@smartcart.ai,pbkdf2:sha256:600000$saltXYZ$hashedvalue,Priya Singh 1392,37,Other,Jaipur,Delhi,"Sports,Beauty,Fashion,Automotive",2024-02-05,False,True
U01393,user01393,user1393@smartcart.ai,pbkdf2:sha256:600000$saltXYZ$hashedvalue,Priya Singh 1393,19,Female,Delhi,Karnataka,"Grocery,Health",2024-07-29,False,True
U01394,user01394,user1394@smartcart.ai,pbkdf2:sha256:600000$saltXYZ$hashedvalue,Vijay Kumar 1394,18,Male,Bangalore,Delhi,Electronics,2023-06-14,False,True
U01395,user01395,user1395@smartcart.ai,pbkdf2:sha256:600000$saltXYZ$hashedvalue,Priya Singh 1395,55,Male,Chandigarh,Delhi,"Home & Kitchen,Electronics,Automotive",2026-03-26,False,True
U01396,user01396,user1396@smartcart.ai,pbkdf2:sha256:600000$saltXYZ$hashedvalue,Priya Singh 1396,65,Other,Kolkata,Rajasthan,"Automotive,Beauty,Sports,Toys",2024-03-08,False,True
U01397,user01397,user1397@smartcart.ai,pbkdf2:sha256:600000$saltXYZ$hashedvalue,Sneha Gupta 1397,37,Female,Ahmedabad,West Bengal,"Fashion,Home & Kitchen,Grocery,Toys",2023-11-04,False,True
U01398,user01398,user1398@smartcart.ai,pbkdf2:sha256:600000$saltXYZ$hashedvalue,Deepika Nair 1398,29,Female,Delhi,Maharashtra,"Grocery,Automotive,Beauty,Fashion",2023-10-28,False,True
U01399,user01399,user1399@smartcart.ai,pbkdf2:sha256:600000$saltXYZ$hashedvalue,Sneha Gupta 1399,43,Male,Kolkata,West Bengal,"Toys,Home & Kitchen,Automotive",2026-01-24,False,True
U01400,user01400,user1400@smartcart.ai,pbkdf2:sha256:600000$saltXYZ$hashedvalue,Karan Mehta 1400,55,Male,Chandigarh,Gujarat,"Sports,Beauty,Health,Automotive",2025-06-27,False,True
U01401,user01401,user1401@smartcart.ai,pbkdf2:sha256:600000$saltXYZ$hashedvalue,Pooja Pillai 1401,54,Other,Ahmedabad,Karnataka,"Toys,Beauty",2023-07-01,False,True
U01402,user01402,user1402@smartcart.ai,pbkdf2:sha256:600000$saltXYZ$hashedvalue,Rohit Verma 1402,35,Female,Ahmedabad,West Bengal,"Health,Fashion,Books,Home & Kitchen",2026-02-18,False,True
U01403,user01403,user1403@smartcart.ai,pbkdf2:sha256:600000$saltXYZ$hashedvalue,Amit Patel 1403,27,Female,Delhi,Maharashtra,Home & Kitchen,2025-11-03,False,True
U01404,user01404,user1404@smartcart.ai,pbkdf2:sha256:600000$saltXYZ$hashedvalue,Karan Mehta 1404,64,Other,Mumbai,Maharashtra,"Grocery,Automotive,Books",2024-03-23,False,False
U01405,user01405,user1405@smartcart.ai,pbkdf2:sha256:600000$saltXYZ$hashedvalue,Deepika Nair 1405,37,Other,Mumbai,Punjab,"Electronics,Automotive,Grocery",2025-06-11,False,True
U01406,user01406,user1406@smartcart.ai,pbkdf2:sha256:600000$saltXYZ$hashedvalue,Deepika Nair 1406,42,Other,Lucknow,Rajasthan,Automotive,2025-04-22,False,True
U01407,user01407,user1407@smartcart.ai,pbkdf2:sha256:600000$saltXYZ$hashedvalue,Karan Mehta 1407,43,Male,Surat,UP,"Toys,Grocery,Home & Kitchen",2024-01-28,False,True
U01408,user01408,user1408@smartcart.ai,pbkdf2:sha256:600000$saltXYZ$hashedvalue,Sneha Gupta 1408,62,Female,Chandigarh,Punjab,"Fashion,Grocery,Sports",2024-06-17,False,True
U01409,user01409,user1409@smartcart.ai,pbkdf2:sha256:600000$saltXYZ$hashedvalue,Pooja Pillai 1409,31,Other,Hyderabad,Rajasthan,Sports,2025-01-08,False,True
U01410,user01410,user1410@smartcart.ai,pbkdf2:sha256:600000$saltXYZ$hashedvalue,Deepika Nair 1410,35,Male,Pune,Gujarat,"Automotive,Fashion",2025-04-29,False,True
U01411,user01411,user1411@smartcart.ai,pbkdf2:sha256:600000$saltXYZ$hashedvalue,Vijay Kumar 1411,47,Other,Ahmedabad,Telangana,"Toys,Books,Home & Kitchen,Health",2024-11-06,False,True
U01412,user01412,user1412@smartcart.ai,pbkdf2:sha256:600000$saltXYZ$hashedvalue,Amit Patel 1412,64,Female,Ahmedabad,Telangana,"Automotive,Health",2025-06-08,False,True
U01413,user01413,user1413@smartcart.ai,pbkdf2:sha256:600000$saltXYZ$hashedvalue,Pooja Pillai 1413,45,Male,Delhi,Maharashtra,Home & Kitchen,2025-01-17,False,True
U01414,user01414,user1414@smartcart.ai,pbkdf2:sha256:600000$saltXYZ$hashedvalue,Ananya Joshi 1414,37,Male,Hyderabad,Punjab,"Beauty,Home & Kitchen,Toys",2024-08-14,False,True
U01415,user01415,user1415@smartcart.ai,pbkdf2:sha256:600000$saltXYZ$hashedvalue,Vijay Kumar 1415,44,Other,Chennai,Tamil Nadu,"Fashion,Books,Health,Electronics",2023-12-21,False,True
U01416,user01416,user1416@smartcart.ai,pbkdf2:sha256:600000$saltXYZ$hashedvalue,Sneha Gupta 1416,39,Other,Jaipur,Delhi,"Toys,Beauty,Fashion,Sports",2024-08-28,False,True
U01417,user01417,user1417@smartcart.ai,pbkdf2:sha256:600000$saltXYZ$hashedvalue,Rahul Sharma 1417,49,Male,Mumbai,West Bengal,"Beauty,Health,Sports",2025-12-23,False,True
U01418,user01418,user1418@smartcart.ai,pbkdf2:sha256:600000$saltXYZ$hashedvalue,Deepika Nair 1418,35,Male,Hyderabad,West Bengal,"Grocery,Fashion,Books,Sports",2024-02-03,False,True
U01419,user01419,user1419@smartcart.ai,pbkdf2:sha256:600000$saltXYZ$hashedvalue,Vijay Kumar 1419,22,Female,Bangalore,Gujarat,"Home & Kitchen,Health,Toys,Books",2025-11-30,False,True
U01420,user01420,user1420@smartcart.ai,pbkdf2:sha256:600000$saltXYZ$hashedvalue,Priya Singh 1420,58,Female,Kolkata,Delhi,"Fashion,Health",2023-11-04,False,True
U01421,user01421,user1421@smartcart.ai,pbkdf2:sha256:600000$saltXYZ$hashedvalue,Priya Singh 1421,19,Other,Lucknow,Telangana,"Books,Home & Kitchen",2024-01-08,False,False
U01422,user01422,user1422@smartcart.ai,pbkdf2:sha256:600000$saltXYZ$hashedvalue,Karan Mehta 1422,29,Male,Kolkata,Gujarat,"Electronics,Health,Fashion,Beauty",2026-02-06,False,True
U01423,user01423,user1423@smartcart.ai,pbkdf2:sha256:600000$saltXYZ$hashedvalue,Karan Mehta 1423,59,Male,Kolkata,Maharashtra,Beauty,2025-04-30,False,True
U01424,user01424,user1424@smartcart.ai,pbkdf2:sha256:600000$saltXYZ$hashedvalue,Pooja Pillai 1424,30,Other,Chennai,Rajasthan,Health,2026-04-21,False,True
U01425,user01425,user1425@smartcart.ai,pbkdf2:sha256:600000$saltXYZ$hashedvalue,Amit Patel 1425,23,Female,Jaipur,UP,"Beauty,Fashion",2025-12-21,False,True
U01426,user01426,user1426@smartcart.ai,pbkdf2:sha256:600000$saltXYZ$hashedvalue,Sneha Gupta 1426,28,Male,Lucknow,Rajasthan,"Grocery,Books,Home & Kitchen",2023-08-29,False,True
U01427,user01427,user1427@smartcart.ai,pbkdf2:sha256:600000$saltXYZ$hashedvalue,Rahul Sharma 1427,62,Other,Ahmedabad,Maharashtra,"Fashion,Sports,Beauty,Grocery",2023-05-03,False,True
U01428,user01428,user1428@smartcart.ai,pbkdf2:sha256:600000$saltXYZ$hashedvalue,Amit Patel 1428,31,Male,Ahmedabad,Maharashtra,"Health,Electronics",2024-04-08,False,True
U01429,user01429,user1429@smartcart.ai,pbkdf2:sha256:600000$saltXYZ$hashedvalue,Rohit Verma 1429,18,Other,Ahmedabad,Delhi,Fashion,2024-04-28,False,True
U01430,user01430,user1430@smartcart.ai,pbkdf2:sha256:600000$saltXYZ$hashedvalue,Ananya Joshi 1430,57,Male,Surat,West Bengal,"Health,Grocery,Electronics",2025-02-08,False,True
U01431,user01431,user1431@smartcart.ai,pbkdf2:sha256:600000$saltXYZ$hashedvalue,Priya Singh 1431,59,Other,Chandigarh,Telangana,Automotive,2025-07-12,False,True
U01432,user01432,user1432@smartcart.ai,pbkdf2:sha256:600000$saltXYZ$hashedvalue,Ananya Joshi 1432,60,Other,Hyderabad,UP,Toys,2024-09-24,False,True
U01433,user01433,user1433@smartcart.ai,pbkdf2:sha256:600000$saltXYZ$hashedvalue,Pooja Pillai 1433,65,Other,Chennai,Tamil Nadu,"Beauty,Health,Home & Kitchen,Electronics",2024-04-14,False,True
U01434,user01434,user1434@smartcart.ai,pbkdf2:sha256:600000$saltXYZ$hashedvalue,Amit Patel 1434,46,Female,Delhi,Tamil Nadu,"Health,Grocery,Fashion,Sports",2023-06-23,False,True
U01435,user01435,user1435@smartcart.ai,pbkdf2:sha256:600000$saltXYZ$hashedvalue,Ananya Joshi 1435,22,Male,Hyderabad,Delhi,"Electronics,Toys",2025-02-06,False,True
U01436,user01436,user1436@smartcart.ai,pbkdf2:sha256:600000$saltXYZ$hashedvalue,Rohit Verma 1436,50,Male,Lucknow,Punjab,"Health,Toys",2025-01-01,False,True
U01437,user01437,user1437@smartcart.ai,pbkdf2:sha256:600000$saltXYZ$hashedvalue,Vijay Kumar 1437,34,Other,Kolkata,Delhi,"Beauty,Toys,Books",2023-07-09,False,True
U01438,user01438,user1438@smartcart.ai,pbkdf2:sha256:600000$saltXYZ$hashedvalue,Amit Patel 1438,47,Female,Mumbai,Karnataka,"Books,Automotive,Fashion",2024-05-08,False,True
U01439,user01439,user1439@smartcart.ai,pbkdf2:sha256:600000$saltXYZ$hashedvalue,Pooja Pillai 1439,47,Female,Delhi,West Bengal,"Grocery,Sports,Toys",2025-11-10,False,True
U01440,user01440,user1440@smartcart.ai,pbkdf2:sha256:600000$saltXYZ$hashedvalue,Amit Patel 1440,46,Female,Mumbai,Rajasthan,Books,2023-12-12,False,True
U01441,user01441,user1441@smartcart.ai,pbkdf2:sha256:600000$saltXYZ$hashedvalue,Pooja Pillai 1441,30,Female,Delhi,Karnataka,"Electronics,Fashion",2023-07-30,False,True
U01442,user01442,user1442@smartcart.ai,pbkdf2:sha256:600000$saltXYZ$hashedvalue,Rahul Sharma 1442,25,Male,Jaipur,Maharashtra,"Grocery,Home & Kitchen,Fashion,Health",2025-11-01,False,True
U01443,user01443,user1443@smartcart.ai,pbkdf2:sha256:600000$saltXYZ$hashedvalue,Amit Patel 1443,48,Female,Hyderabad,Karnataka,"Fashion,Home & Kitchen,Sports",2025-06-26,False,True
U01444,user01444,user1444@smartcart.ai,pbkdf2:sha256:600000$saltXYZ$hashedvalue,Sneha Gupta 1444,54,Male,Lucknow,Telangana,Books,2025-08-26,False,True
U01445,user01445,user1445@smartcart.ai,pbkdf2:sha256:600000$saltXYZ$hashedvalue,Vijay Kumar 1445,43,Male,Ahmedabad,Telangana,"Health,Toys,Grocery,Electronics",2023-12-16,False,False
U01446,user01446,user1446@smartcart.ai,pbkdf2:sha256:600000$saltXYZ$hashedvalue,Ananya Joshi 1446,45,Other,Kolkata,UP,Beauty,2024-09-06,False,True
U01447,user01447,user1447@smartcart.ai,pbkdf2:sha256:600000$saltXYZ$hashedvalue,Amit Patel 1447,51,Other,Pune,Delhi,"Fashion,Home & Kitchen,Automotive",2023-09-22,False,True
U01448,user01448,user1448@smartcart.ai,pbkdf2:sha256:600000$saltXYZ$hashedvalue,Ananya Joshi 1448,42,Female,Ahmedabad,Delhi,Health,2024-05-03,False,True
U01449,user01449,user1449@smartcart.ai,pbkdf2:sha256:600000$saltXYZ$hashedvalue,Deepika Nair 1449,60,Other,Mumbai,Delhi,"Books,Beauty",2025-12-31,False,True
U01450,user01450,user1450@smartcart.ai,pbkdf2:sha256:600000$saltXYZ$hashedvalue,Rohit Verma 1450,62,Female,Hyderabad,Karnataka,"Beauty,Fashion",2025-03-07,False,True
U01451,user01451,user1451@smartcart.ai,pbkdf2:sha256:600000$saltXYZ$hashedvalue,Karan Mehta 1451,46,Other,Ahmedabad,Gujarat,Sports,2025-08-04,False,True
U01452,user01452,user1452@smartcart.ai,pbkdf2:sha256:600000$saltXYZ$hashedvalue,Deepika Nair 1452,32,Male,Ahmedabad,Delhi,"Grocery,Sports,Home & Kitchen",2023-12-15,False,True
U01453,user01453,user1453@smartcart.ai,pbkdf2:sha256:600000$saltXYZ$hashedvalue,Karan Mehta 1453,56,Male,Hyderabad,Telangana,"Books,Toys,Fashion",2026-02-25,False,True
U01454,user01454,user1454@smartcart.ai,pbkdf2:sha256:600000$saltXYZ$hashedvalue,Sneha Gupta 1454,52,Male,Mumbai,Delhi,"Beauty,Fashion,Toys",2024-12-26,False,True
U01455,user01455,user1455@smartcart.ai,pbkdf2:sha256:600000$saltXYZ$hashedvalue,Ananya Joshi 1455,40,Female,Delhi,Karnataka,"Sports,Home & Kitchen",2025-04-15,False,True
U01456,user01456,user1456@smartcart.ai,pbkdf2:sha256:600000$saltXYZ$hashedvalue,Karan Mehta 1456,35,Male,Jaipur,Punjab,"Fashion,Toys",2024-06-11,False,True
U01457,user01457,user1457@smartcart.ai,pbkdf2:sha256:600000$saltXYZ$hashedvalue,Karan Mehta 1457,19,Female,Mumbai,Gujarat,"Fashion,Beauty,Electronics",2023-09-22,False,True
U01458,user01458,user1458@smartcart.ai,pbkdf2:sha256:600000$saltXYZ$hashedvalue,Sneha Gupta 1458,51,Other,Lucknow,Punjab,"Sports,Home & Kitchen,Grocery",2024-06-22,False,True
U01459,user01459,user1459@smartcart.ai,pbkdf2:sha256:600000$saltXYZ$hashedvalue,Amit Patel 1459,54,Other,Chennai,Maharashtra,"Home & Kitchen,Electronics,Grocery",2025-11-11,False,False
U01460,user01460,user1460@smartcart.ai,pbkdf2:sha256:600000$saltXYZ$hashedvalue,Priya Singh 1460,35,Male,Delhi,Maharashtra,"Beauty,Books,Electronics,Fashion",2025-11-15,False,True
U01461,user01461,user1461@smartcart.ai,pbkdf2:sha256:600000$saltXYZ$hashedvalue,Pooja Pillai 1461,39,Other,Kolkata,Maharashtra,"Automotive,Sports",2024-09-09,False,True
U01462,user01462,user1462@smartcart.ai,pbkdf2:sha256:600000$saltXYZ$hashedvalue,Rahul Sharma 1462,63,Female,Pune,West Bengal,"Beauty,Fashion",2023-11-21,False,True
U01463,user01463,user1463@smartcart.ai,pbkdf2:sha256:600000$saltXYZ$hashedvalue,Rahul Sharma 1463,21,Female,Pune,UP,Toys,2024-03-16,False,True
U01464,user01464,user1464@smartcart.ai,pbkdf2:sha256:600000$saltXYZ$hashedvalue,Deepika Nair 1464,31,Other,Hyderabad,Tamil Nadu,"Sports,Home & Kitchen",2024-12-03,False,True
U01465,user01465,user1465@smartcart.ai,pbkdf2:sha256:600000$saltXYZ$hashedvalue,Rohit Verma 1465,60,Other,Surat,Karnataka,"Electronics,Health,Automotive",2026-04-02,False,True
U01466,user01466,user1466@smartcart.ai,pbkdf2:sha256:600000$saltXYZ$hashedvalue,Sneha Gupta 1466,44,Other,Ahmedabad,Delhi,"Beauty,Grocery,Toys",2025-01-11,False,True
U01467,user01467,user1467@smartcart.ai,pbkdf2:sha256:600000$saltXYZ$hashedvalue,Rahul Sharma 1467,45,Female,Ahmedabad,Delhi,"Electronics,Sports,Fashion",2023-12-20,False,True
U01468,user01468,user1468@smartcart.ai,pbkdf2:sha256:600000$saltXYZ$hashedvalue,Karan Mehta 1468,56,Male,Bangalore,Karnataka,"Beauty,Books,Automotive",2025-12-11,False,True
U01469,user01469,user1469@smartcart.ai,pbkdf2:sha256:600000$saltXYZ$hashedvalue,Ananya Joshi 1469,18,Male,Ahmedabad,Gujarat,"Books,Fashion,Home & Kitchen,Electronics",2024-11-18,False,True
U01470,user01470,user1470@smartcart.ai,pbkdf2:sha256:600000$saltXYZ$hashedvalue,Amit Patel 1470,51,Female,Ahmedabad,Tamil Nadu,"Beauty,Toys,Sports,Books",2024-01-19,False,True
U01471,user01471,user1471@smartcart.ai,pbkdf2:sha256:600000$saltXYZ$hashedvalue,Priya Singh 1471,63,Male,Delhi,West Bengal,Home & Kitchen,2024-09-02,False,False
U01472,user01472,user1472@smartcart.ai,pbkdf2:sha256:600000$saltXYZ$hashedvalue,Priya Singh 1472,45,Male,Lucknow,Telangana,"Home & Kitchen,Grocery",2025-09-30,False,True
U01473,user01473,user1473@smartcart.ai,pbkdf2:sha256:600000$saltXYZ$hashedvalue,Pooja Pillai 1473,30,Male,Jaipur,Delhi,Sports,2024-02-12,False,True
U01474,user01474,user1474@smartcart.ai,pbkdf2:sha256:600000$saltXYZ$hashedvalue,Rahul Sharma 1474,27,Other,Chandigarh,West Bengal,"Health,Electronics,Home & Kitchen,Fashion",2025-08-16,False,True
U01475,user01475,user1475@smartcart.ai,pbkdf2:sha256:600000$saltXYZ$hashedvalue,Pooja Pillai 1475,41,Male,Chandigarh,Gujarat,"Beauty,Toys,Health,Books",2026-02-23,False,True
U01476,user01476,user1476@smartcart.ai,pbkdf2:sha256:600000$saltXYZ$hashedvalue,Priya Singh 1476,43,Male,Jaipur,Tamil Nadu,"Health,Automotive",2025-01-11,False,True
U01477,user01477,user1477@smartcart.ai,pbkdf2:sha256:600000$saltXYZ$hashedvalue,Amit Patel 1477,33,Female,Jaipur,Rajasthan,"Electronics,Automotive",2025-12-06,False,True
U01478,user01478,user1478@smartcart.ai,pbkdf2:sha256:600000$saltXYZ$hashedvalue,Deepika Nair 1478,57,Female,Pune,Maharashtra,"Beauty,Automotive,Electronics,Sports",2024-03-31,False,True
U01479,user01479,user1479@smartcart.ai,pbkdf2:sha256:600000$saltXYZ$hashedvalue,Pooja Pillai 1479,48,Male,Pune,West Bengal,"Sports,Health",2025-09-14,False,True
U01480,user01480,user1480@smartcart.ai,pbkdf2:sha256:600000$saltXYZ$hashedvalue,Amit Patel 1480,55,Other,Jaipur,Delhi,"Health,Sports",2026-02-03,False,True
U01481,user01481,user1481@smartcart.ai,pbkdf2:sha256:600000$saltXYZ$hashedvalue,Sneha Gupta 1481,40,Female,Bangalore,Karnataka,"Grocery,Sports,Home & Kitchen",2025-03-10,False,True
U01482,user01482,user1482@smartcart.ai,pbkdf2:sha256:600000$saltXYZ$hashedvalue,Ananya Joshi 1482,62,Other,Jaipur,Maharashtra,"Beauty,Home & Kitchen,Electronics",2024-11-18,False,True
U01483,user01483,user1483@smartcart.ai,pbkdf2:sha256:600000$saltXYZ$hashedvalue,Priya Singh 1483,55,Female,Surat,Gujarat,"Grocery,Toys,Electronics",2025-09-09,False,True
U01484,user01484,user1484@smartcart.ai,pbkdf2:sha256:600000$saltXYZ$hashedvalue,Rahul Sharma 1484,50,Female,Bangalore,West Bengal,Health,2024-09-14,False,True
U01485,user01485,user1485@smartcart.ai,pbkdf2:sha256:600000$saltXYZ$hashedvalue,Ananya Joshi 1485,56,Female,Mumbai,Karnataka,Toys,2025-11-28,False,True
U01486,user01486,user1486@smartcart.ai,pbkdf2:sha256:600000$saltXYZ$hashedvalue,Sneha Gupta 1486,63,Female,Mumbai,Punjab,Home & Kitchen,2024-03-26,False,True
U01487,user01487,user1487@smartcart.ai,pbkdf2:sha256:600000$saltXYZ$hashedvalue,Ananya Joshi 1487,27,Female,Surat,UP,"Fashion,Grocery",2023-12-31,False,True
U01488,user01488,user1488@smartcart.ai,pbkdf2:sha256:600000$saltXYZ$hashedvalue,Karan Mehta 1488,49,Female,Delhi,Telangana,"Fashion,Beauty",2023-09-24,False,True
U01489,user01489,user1489@smartcart.ai,pbkdf2:sha256:600000$saltXYZ$hashedvalue,Priya Singh 1489,63,Female,Chandigarh,Karnataka,"Electronics,Toys,Sports,Home & Kitchen",2026-02-12,False,True
U01490,user01490,user1490@smartcart.ai,pbkdf2:sha256:600000$saltXYZ$hashedvalue,Rohit Verma 1490,57,Male,Mumbai,Gujarat,"Sports,Toys,Grocery",2024-04-08,False,True
U01491,user01491,user1491@smartcart.ai,pbkdf2:sha256:600000$saltXYZ$hashedvalue,Karan Mehta 1491,23,Female,Ahmedabad,Gujarat,Sports,2023-11-19,False,True
U01492,user01492,user1492@smartcart.ai,pbkdf2:sha256:600000$saltXYZ$hashedvalue,Pooja Pillai 1492,59,Male,Bangalore,Tamil Nadu,"Electronics,Beauty",2025-05-16,False,True
U01493,user01493,user1493@smartcart.ai,pbkdf2:sha256:600000$saltXYZ$hashedvalue,Pooja Pillai 1493,41,Other,Jaipur,Tamil Nadu,"Home & Kitchen,Electronics",2023-09-12,False,True
U01494,user01494,user1494@smartcart.ai,pbkdf2:sha256:600000$saltXYZ$hashedvalue,Deepika Nair 1494,46,Other,Hyderabad,West Bengal,"Fashion,Home & Kitchen",2024-03-18,False,True
U01495,user01495,user1495@smartcart.ai,pbkdf2:sha256:600000$saltXYZ$hashedvalue,Rahul Sharma 1495,28,Female,Pune,West Bengal,Fashion,2023-10-08,False,True
U01496,user01496,user1496@smartcart.ai,pbkdf2:sha256:600000$saltXYZ$hashedvalue,Rohit Verma 1496,44,Male,Jaipur,Gujarat,"Books,Automotive,Electronics",2024-02-04,False,True
U01497,user01497,user1497@smartcart.ai,pbkdf2:sha256:600000$saltXYZ$hashedvalue,Pooja Pillai 1497,26,Female,Jaipur,Delhi,"Toys,Automotive,Sports,Beauty",2025-06-14,False,True
U01498,user01498,user1498@smartcart.ai,pbkdf2:sha256:600000$saltXYZ$hashedvalue,Amit Patel 1498,33,Other,Delhi,Karnataka,"Books,Beauty",2024-01-13,False,True
U01499,user01499,user1499@smartcart.ai,pbkdf2:sha256:600000$saltXYZ$hashedvalue,Rahul Sharma 1499,57,Female,Pune,Rajasthan,"Health,Electronics,Toys,Grocery",2025-02-19,False,True
U01500,user01500,user1500@smartcart.ai,pbkdf2:sha256:600000$saltXYZ$hashedvalue,Rahul Sharma 1500,64,Female,Chandigarh,Delhi,"Books,Health,Fashion,Electronics",2023-06-04,False,True
U01501,user01501,user1501@smartcart.ai,pbkdf2:sha256:600000$saltXYZ$hashedvalue,Sneha Gupta 1501,32,Male,Hyderabad,West Bengal,"Books,Toys",2023-05-21,False,True
U01502,user01502,user1502@smartcart.ai,pbkdf2:sha256:600000$saltXYZ$hashedvalue,Sneha Gupta 1502,22,Male,Jaipur,West Bengal,"Health,Automotive",2024-12-08,False,True
U01503,user01503,user1503@smartcart.ai,pbkdf2:sha256:600000$saltXYZ$hashedvalue,Rahul Sharma 1503,35,Female,Mumbai,West Bengal,"Sports,Health",2023-08-01,False,True
U01504,user01504,user1504@smartcart.ai,pbkdf2:sha256:600000$saltXYZ$hashedvalue,Rohit Verma 1504,45,Other,Surat,UP,"Health,Home & Kitchen",2025-07-02,False,True
U01505,user01505,user1505@smartcart.ai,pbkdf2:sha256:600000$saltXYZ$hashedvalue,Deepika Nair 1505,25,Other,Chennai,Telangana,Sports,2023-05-21,False,True
U01506,user01506,user1506@smartcart.ai,pbkdf2:sha256:600000$saltXYZ$hashedvalue,Vijay Kumar 1506,35,Male,Chennai,Telangana,"Home & Kitchen,Books",2023-04-29,False,True
U01507,user01507,user1507@smartcart.ai,pbkdf2:sha256:600000$saltXYZ$hashedvalue,Karan Mehta 1507,48,Male,Mumbai,Tamil Nadu,"Health,Electronics,Sports,Beauty",2025-05-12,False,True
U01508,user01508,user1508@smartcart.ai,pbkdf2:sha256:600000$saltXYZ$hashedvalue,Ananya Joshi 1508,20,Female,Ahmedabad,Karnataka,"Fashion,Toys,Sports",2024-11-11,False,True
U01509,user01509,user1509@smartcart.ai,pbkdf2:sha256:600000$saltXYZ$hashedvalue,Sneha Gupta 1509,22,Female,Kolkata,West Bengal,"Beauty,Grocery",2026-01-03,False,True
U01510,user01510,user1510@smartcart.ai,pbkdf2:sha256:600000$saltXYZ$hashedvalue,Karan Mehta 1510,33,Male,Mumbai,Maharashtra,"Grocery,Sports",2024-04-28,False,True
U01511,user01511,user1511@smartcart.ai,pbkdf2:sha256:600000$saltXYZ$hashedvalue,Rahul Sharma 1511,61,Other,Lucknow,Delhi,"Grocery,Electronics,Fashion",2024-05-16,False,True
U01512,user01512,user1512@smartcart.ai,pbkdf2:sha256:600000$saltXYZ$hashedvalue,Pooja Pillai 1512,31,Other,Bangalore,Maharashtra,"Home & Kitchen,Grocery",2025-11-08,False,True
U01513,user01513,user1513@smartcart.ai,pbkdf2:sha256:600000$saltXYZ$hashedvalue,Vijay Kumar 1513,34,Male,Bangalore,Tamil Nadu,"Books,Beauty",2025-05-11,False,True
U01514,user01514,user1514@smartcart.ai,pbkdf2:sha256:600000$saltXYZ$hashedvalue,Priya Singh 1514,42,Male,Mumbai,Rajasthan,"Books,Electronics",2026-03-18,False,True
U01515,user01515,user1515@smartcart.ai,pbkdf2:sha256:600000$saltXYZ$hashedvalue,Karan Mehta 1515,32,Other,Mumbai,Karnataka,"Automotive,Beauty",2026-02-16,False,True
U01516,user01516,user1516@smartcart.ai,pbkdf2:sha256:600000$saltXYZ$hashedvalue,Amit Patel 1516,54,Male,Delhi,Maharashtra,"Health,Toys,Grocery",2026-01-13,False,True
U01517,user01517,user1517@smartcart.ai,pbkdf2:sha256:600000$saltXYZ$hashedvalue,Ananya Joshi 1517,29,Other,Delhi,West Bengal,"Grocery,Books,Sports,Fashion",2025-07-09,False,True
U01518,user01518,user1518@smartcart.ai,pbkdf2:sha256:600000$saltXYZ$hashedvalue,Sneha Gupta 1518,48,Female,Mumbai,Tamil Nadu,"Health,Beauty",2025-10-24,False,True
U01519,user01519,user1519@smartcart.ai,pbkdf2:sha256:600000$saltXYZ$hashedvalue,Rahul Sharma 1519,63,Female,Lucknow,UP,"Grocery,Beauty,Automotive,Books",2023-09-15,False,False
U01520,user01520,user1520@smartcart.ai,pbkdf2:sha256:600000$saltXYZ$hashedvalue,Rohit Verma 1520,60,Male,Bangalore,Delhi,"Toys,Books,Home & Kitchen",2024-11-28,False,True
U01521,user01521,user1521@smartcart.ai,pbkdf2:sha256:600000$saltXYZ$hashedvalue,Sneha Gupta 1521,60,Other,Delhi,Karnataka,"Toys,Home & Kitchen,Health,Beauty",2026-02-01,False,True
U01522,user01522,user1522@smartcart.ai,pbkdf2:sha256:600000$saltXYZ$hashedvalue,Amit Patel 1522,42,Male,Delhi,Maharashtra,"Automotive,Fashion,Beauty,Grocery",2024-07-26,False,True
U01523,user01523,user1523@smartcart.ai,pbkdf2:sha256:600000$saltXYZ$hashedvalue,Vijay Kumar 1523,60,Female,Chandigarh,Telangana,"Home & Kitchen,Books,Grocery",2023-11-26,False,True
U01524,user01524,user1524@smartcart.ai,pbkdf2:sha256:600000$saltXYZ$hashedvalue,Karan Mehta 1524,53,Male,Delhi,West Bengal,"Fashion,Home & Kitchen,Beauty,Toys",2025-09-14,False,True
U01525,user01525,user1525@smartcart.ai,pbkdf2:sha256:600000$saltXYZ$hashedvalue,Ananya Joshi 1525,45,Female,Chennai,Telangana,"Sports,Electronics,Home & Kitchen",2025-02-21,False,False
U01526,user01526,user1526@smartcart.ai,pbkdf2:sha256:600000$saltXYZ$hashedvalue,Priya Singh 1526,32,Male,Chandigarh,Gujarat,Automotive,2025-02-06,False,False
U01527,user01527,user1527@smartcart.ai,pbkdf2:sha256:600000$saltXYZ$hashedvalue,Rahul Sharma 1527,46,Male,Hyderabad,Karnataka,"Sports,Grocery,Toys",2025-10-05,False,True
U01528,user01528,user1528@smartcart.ai,pbkdf2:sha256:600000$saltXYZ$hashedvalue,Deepika Nair 1528,19,Other,Hyderabad,Rajasthan,"Beauty,Home & Kitchen,Sports,Health",2024-11-23,False,True
U01529,user01529,user1529@smartcart.ai,pbkdf2:sha256:600000$saltXYZ$hashedvalue,Rahul Sharma 1529,27,Female,Mumbai,Punjab,"Electronics,Sports",2023-05-11,False,True
U01530,user01530,user1530@smartcart.ai,pbkdf2:sha256:600000$saltXYZ$hashedvalue,Priya Singh 1530,30,Male,Hyderabad,Gujarat,Automotive,2024-09-21,False,True
U01531,user01531,user1531@smartcart.ai,pbkdf2:sha256:600000$saltXYZ$hashedvalue,Vijay Kumar 1531,53,Male,Hyderabad,Punjab,Automotive,2023-08-30,False,True
U01532,user01532,user1532@smartcart.ai,pbkdf2:sha256:600000$saltXYZ$hashedvalue,Deepika Nair 1532,35,Female,Hyderabad,Punjab,"Toys,Grocery",2025-09-08,False,True
U01533,user01533,user1533@smartcart.ai,pbkdf2:sha256:600000$saltXYZ$hashedvalue,Sneha Gupta 1533,29,Other,Mumbai,West Bengal,"Fashion,Beauty,Grocery",2025-11-19,False,True
U01534,user01534,user1534@smartcart.ai,pbkdf2:sha256:600000$saltXYZ$hashedvalue,Rohit Verma 1534,32,Female,Bangalore,Telangana,Fashion,2026-01-21,False,True
U01535,user01535,user1535@smartcart.ai,pbkdf2:sha256:600000$saltXYZ$hashedvalue,Ananya Joshi 1535,53,Other,Jaipur,West Bengal,"Automotive,Health",2023-08-29,False,True
U01536,user01536,user1536@smartcart.ai,pbkdf2:sha256:600000$saltXYZ$hashedvalue,Rohit Verma 1536,19,Female,Lucknow,Rajasthan,"Toys,Grocery,Health,Sports",2024-09-03,False,True
U01537,user01537,user1537@smartcart.ai,pbkdf2:sha256:600000$saltXYZ$hashedvalue,Pooja Pillai 1537,32,Other,Mumbai,Delhi,"Toys,Health",2026-03-23,False,True
U01538,user01538,user1538@smartcart.ai,pbkdf2:sha256:600000$saltXYZ$hashedvalue,Rohit Verma 1538,31,Female,Hyderabad,Maharashtra,"Home & Kitchen,Beauty",2025-12-02,False,True
U01539,user01539,user1539@smartcart.ai,pbkdf2:sha256:600000$saltXYZ$hashedvalue,Rahul Sharma 1539,26,Male,Surat,Maharashtra,"Sports,Home & Kitchen,Health",2024-12-23,False,True
U01540,user01540,user1540@smartcart.ai,pbkdf2:sha256:600000$saltXYZ$hashedvalue,Deepika Nair 1540,21,Male,Hyderabad,Delhi,"Grocery,Automotive",2026-03-01,False,True
U01541,user01541,user1541@smartcart.ai,pbkdf2:sha256:600000$saltXYZ$hashedvalue,Pooja Pillai 1541,48,Male,Jaipur,Delhi,Health,2026-01-03,False,True
U01542,user01542,user1542@smartcart.ai,pbkdf2:sha256:600000$saltXYZ$hashedvalue,Amit Patel 1542,18,Male,Bangalore,Gujarat,"Electronics,Toys",2024-12-18,False,True
U01543,user01543,user1543@smartcart.ai,pbkdf2:sha256:600000$saltXYZ$hashedvalue,Vijay Kumar 1543,33,Female,Bangalore,Punjab,Books,2024-08-27,False,True
U01544,user01544,user1544@smartcart.ai,pbkdf2:sha256:600000$saltXYZ$hashedvalue,Priya Singh 1544,60,Male,Bangalore,Punjab,"Toys,Sports,Electronics,Health",2023-09-14,False,True
U01545,user01545,user1545@smartcart.ai,pbkdf2:sha256:600000$saltXYZ$hashedvalue,Rahul Sharma 1545,59,Female,Delhi,Rajasthan,"Books,Health,Fashion",2024-07-12,False,True
U01546,user01546,user1546@smartcart.ai,pbkdf2:sha256:600000$saltXYZ$hashedvalue,Priya Singh 1546,54,Female,Hyderabad,UP,Books,2026-02-09,False,True
U01547,user01547,user1547@smartcart.ai,pbkdf2:sha256:600000$saltXYZ$hashedvalue,Rahul Sharma 1547,51,Male,Mumbai,West Bengal,"Automotive,Electronics,Books,Grocery",2025-03-02,False,True
U01548,user01548,user1548@smartcart.ai,pbkdf2:sha256:600000$saltXYZ$hashedvalue,Deepika Nair 1548,19,Male,Lucknow,UP,Toys,2025-06-12,False,True
U01549,user01549,user1549@smartcart.ai,pbkdf2:sha256:600000$saltXYZ$hashedvalue,Ananya Joshi 1549,54,Male,Kolkata,UP,"Health,Books",2023-07-17,False,True
U01550,user01550,user1550@smartcart.ai,pbkdf2:sha256:600000$saltXYZ$hashedvalue,Rahul Sharma 1550,58,Other,Mumbai,Karnataka,Automotive,2024-06-20,False,True
U01551,user01551,user1551@smartcart.ai,pbkdf2:sha256:600000$saltXYZ$hashedvalue,Amit Patel 1551,41,Female,Pune,UP,"Grocery,Fashion,Health",2025-05-26,False,True
U01552,user01552,user1552@smartcart.ai,pbkdf2:sha256:600000$saltXYZ$hashedvalue,Rohit Verma 1552,63,Male,Bangalore,Gujarat,"Sports,Fashion",2023-05-14,False,True
U01553,user01553,user1553@smartcart.ai,pbkdf2:sha256:600000$saltXYZ$hashedvalue,Deepika Nair 1553,41,Female,Bangalore,Karnataka,"Toys,Grocery,Books",2024-08-05,False,True
U01554,user01554,user1554@smartcart.ai,pbkdf2:sha256:600000$saltXYZ$hashedvalue,Vijay Kumar 1554,27,Female,Ahmedabad,Gujarat,"Automotive,Grocery,Fashion",2025-11-25,False,True
U01555,user01555,user1555@smartcart.ai,pbkdf2:sha256:600000$saltXYZ$hashedvalue,Ananya Joshi 1555,48,Female,Chennai,Maharashtra,"Automotive,Home & Kitchen,Sports",2025-01-22,False,True
U01556,user01556,user1556@smartcart.ai,pbkdf2:sha256:600000$saltXYZ$hashedvalue,Ananya Joshi 1556,61,Other,Delhi,West Bengal,"Books,Automotive,Home & Kitchen,Grocery",2024-09-24,False,True
U01557,user01557,user1557@smartcart.ai,pbkdf2:sha256:600000$saltXYZ$hashedvalue,Ananya Joshi 1557,54,Female,Pune,Delhi,Grocery,2024-03-30,False,True
U01558,user01558,user1558@smartcart.ai,pbkdf2:sha256:600000$saltXYZ$hashedvalue,Karan Mehta 1558,57,Male,Bangalore,UP,"Home & Kitchen,Electronics,Health",2025-04-28,False,True
U01559,user01559,user1559@smartcart.ai,pbkdf2:sha256:600000$saltXYZ$hashedvalue,Priya Singh 1559,32,Female,Mumbai,Rajasthan,"Health,Grocery,Home & Kitchen,Books",2026-01-13,False,True
U01560,user01560,user1560@smartcart.ai,pbkdf2:sha256:600000$saltXYZ$hashedvalue,Deepika Nair 1560,58,Male,Surat,Rajasthan,"Sports,Books",2025-05-29,False,True
U01561,user01561,user1561@smartcart.ai,pbkdf2:sha256:600000$saltXYZ$hashedvalue,Rahul Sharma 1561,34,Female,Kolkata,Tamil Nadu,"Sports,Beauty,Grocery",2025-06-22,False,True
U01562,user01562,user1562@smartcart.ai,pbkdf2:sha256:600000$saltXYZ$hashedvalue,Amit Patel 1562,42,Male,Jaipur,UP,"Health,Toys,Grocery,Sports",2025-05-10,False,True
U01563,user01563,user1563@smartcart.ai,pbkdf2:sha256:600000$saltXYZ$hashedvalue,Ananya Joshi 1563,54,Other,Jaipur,Telangana,"Electronics,Fashion,Grocery,Books",2024-05-06,False,True
U01564,user01564,user1564@smartcart.ai,pbkdf2:sha256:600000$saltXYZ$hashedvalue,Ananya Joshi 1564,45,Male,Bangalore,Delhi,"Fashion,Sports,Toys,Books",2024-11-02,False,True
U01565,user01565,user1565@smartcart.ai,pbkdf2:sha256:600000$saltXYZ$hashedvalue,Priya Singh 1565,52,Other,Mumbai,Rajasthan,Beauty,2023-05-02,False,True
U01566,user01566,user1566@smartcart.ai,pbkdf2:sha256:600000$saltXYZ$hashedvalue,Rohit Verma 1566,56,Male,Hyderabad,UP,"Fashion,Automotive",2024-09-12,False,True
U01567,user01567,user1567@smartcart.ai,pbkdf2:sha256:600000$saltXYZ$hashedvalue,Priya Singh 1567,48,Other,Pune,Gujarat,"Automotive,Fashion,Health",2024-01-31,False,True
U01568,user01568,user1568@smartcart.ai,pbkdf2:sha256:600000$saltXYZ$hashedvalue,Pooja Pillai 1568,60,Male,Ahmedabad,UP,"Health,Books,Toys,Electronics",2023-09-25,False,True
U01569,user01569,user1569@smartcart.ai,pbkdf2:sha256:600000$saltXYZ$hashedvalue,Sneha Gupta 1569,27,Other,Lucknow,Gujarat,Sports,2024-04-22,False,True
U01570,user01570,user1570@smartcart.ai,pbkdf2:sha256:600000$saltXYZ$hashedvalue,Sneha Gupta 1570,54,Male,Jaipur,Gujarat,"Home & Kitchen,Beauty",2025-11-28,False,True
U01571,user01571,user1571@smartcart.ai,pbkdf2:sha256:600000$saltXYZ$hashedvalue,Vijay Kumar 1571,44,Male,Kolkata,Maharashtra,"Toys,Sports,Electronics,Fashion",2023-08-30,False,True
U01572,user01572,user1572@smartcart.ai,pbkdf2:sha256:600000$saltXYZ$hashedvalue,Priya Singh 1572,51,Other,Hyderabad,Telangana,"Electronics,Grocery,Health,Home & Kitchen",2024-06-01,False,True
U01573,user01573,user1573@smartcart.ai,pbkdf2:sha256:600000$saltXYZ$hashedvalue,Vijay Kumar 1573,53,Male,Delhi,Tamil Nadu,"Sports,Grocery,Beauty",2025-03-28,False,True
U01574,user01574,user1574@smartcart.ai,pbkdf2:sha256:600000$saltXYZ$hashedvalue,Rohit Verma 1574,37,Other,Kolkata,Delhi,"Beauty,Health",2024-05-25,False,True
U01575,user01575,user1575@smartcart.ai,pbkdf2:sha256:600000$saltXYZ$hashedvalue,Amit Patel 1575,29,Male,Chandigarh,Telangana,"Books,Home & Kitchen,Grocery,Toys",2025-08-14,False,True
U01576,user01576,user1576@smartcart.ai,pbkdf2:sha256:600000$saltXYZ$hashedvalue,Karan Mehta 1576,26,Female,Lucknow,Punjab,"Health,Fashion",2025-01-31,False,True
U01577,user01577,user1577@smartcart.ai,pbkdf2:sha256:600000$saltXYZ$hashedvalue,Rohit Verma 1577,33,Male,Lucknow,Tamil Nadu,"Books,Beauty",2025-11-13,False,True
U01578,user01578,user1578@smartcart.ai,pbkdf2:sha256:600000$saltXYZ$hashedvalue,Karan Mehta 1578,60,Male,Mumbai,Gujarat,"Toys,Sports,Automotive",2025-02-15,False,True
U01579,user01579,user1579@smartcart.ai,pbkdf2:sha256:600000$saltXYZ$hashedvalue,Pooja Pillai 1579,26,Male,Kolkata,Delhi,Electronics,2024-10-20,False,True
U01580,user01580,user1580@smartcart.ai,pbkdf2:sha256:600000$saltXYZ$hashedvalue,Rohit Verma 1580,43,Female,Ahmedabad,West Bengal,"Health,Beauty",2023-10-02,False,True
U01581,user01581,user1581@smartcart.ai,pbkdf2:sha256:600000$saltXYZ$hashedvalue,Deepika Nair 1581,48,Female,Pune,Maharashtra,"Fashion,Automotive,Health,Beauty",2026-03-23,False,True
U01582,user01582,user1582@smartcart.ai,pbkdf2:sha256:600000$saltXYZ$hashedvalue,Ananya Joshi 1582,59,Other,Mumbai,West Bengal,"Books,Home & Kitchen,Health",2024-09-05,False,True
U01583,user01583,user1583@smartcart.ai,pbkdf2:sha256:600000$saltXYZ$hashedvalue,Pooja Pillai 1583,47,Male,Ahmedabad,Rajasthan,"Beauty,Toys,Grocery",2025-12-19,False,True
U01584,user01584,user1584@smartcart.ai,pbkdf2:sha256:600000$saltXYZ$hashedvalue,Rahul Sharma 1584,55,Male,Chandigarh,UP,Grocery,2026-01-29,False,True
U01585,user01585,user1585@smartcart.ai,pbkdf2:sha256:600000$saltXYZ$hashedvalue,Rohit Verma 1585,65,Female,Kolkata,Maharashtra,"Beauty,Toys,Grocery",2024-04-06,False,True
U01586,user01586,user1586@smartcart.ai,pbkdf2:sha256:600000$saltXYZ$hashedvalue,Pooja Pillai 1586,65,Female,Jaipur,Tamil Nadu,Fashion,2025-03-06,False,True
U01587,user01587,user1587@smartcart.ai,pbkdf2:sha256:600000$saltXYZ$hashedvalue,Ananya Joshi 1587,54,Male,Ahmedabad,Rajasthan,"Fashion,Health,Books",2025-06-12,False,True
U01588,user01588,user1588@smartcart.ai,pbkdf2:sha256:600000$saltXYZ$hashedvalue,Rahul Sharma 1588,63,Male,Hyderabad,UP,"Electronics,Toys,Books",2024-09-03,False,True
U01589,user01589,user1589@smartcart.ai,pbkdf2:sha256:600000$saltXYZ$hashedvalue,Rohit Verma 1589,58,Other,Surat,Maharashtra,"Fashion,Electronics,Home & Kitchen",2024-04-12,False,True
U01590,user01590,user1590@smartcart.ai,pbkdf2:sha256:600000$saltXYZ$hashedvalue,Pooja Pillai 1590,18,Male,Hyderabad,Telangana,Books,2024-02-08,False,True
U01591,user01591,user1591@smartcart.ai,pbkdf2:sha256:600000$saltXYZ$hashedvalue,Karan Mehta 1591,47,Male,Kolkata,West Bengal,"Grocery,Home & Kitchen,Electronics,Toys",2023-07-14,False,True
U01592,user01592,user1592@smartcart.ai,pbkdf2:sha256:600000$saltXYZ$hashedvalue,Rohit Verma 1592,33,Other,Bangalore,Telangana,"Beauty,Toys",2025-09-03,False,True
U01593,user01593,user1593@smartcart.ai,pbkdf2:sha256:600000$saltXYZ$hashedvalue,Karan Mehta 1593,64,Other,Lucknow,Delhi,"Books,Health,Grocery,Beauty",2025-10-20,False,True
U01594,user01594,user1594@smartcart.ai,pbkdf2:sha256:600000$saltXYZ$hashedvalue,Rohit Verma 1594,33,Other,Ahmedabad,West Bengal,"Books,Home & Kitchen",2023-11-12,False,True
U01595,user01595,user1595@smartcart.ai,pbkdf2:sha256:600000$saltXYZ$hashedvalue,Karan Mehta 1595,31,Female,Ahmedabad,Tamil Nadu,Toys,2026-02-17,False,True
U01596,user01596,user1596@smartcart.ai,pbkdf2:sha256:600000$saltXYZ$hashedvalue,Karan Mehta 1596,62,Male,Ahmedabad,Punjab,"Automotive,Toys",2026-04-06,False,True
U01597,user01597,user1597@smartcart.ai,pbkdf2:sha256:600000$saltXYZ$hashedvalue,Vijay Kumar 1597,46,Female,Chennai,Karnataka,"Beauty,Home & Kitchen,Automotive,Toys",2026-04-02,False,True
U01598,user01598,user1598@smartcart.ai,pbkdf2:sha256:600000$saltXYZ$hashedvalue,Rahul Sharma 1598,57,Female,Hyderabad,Punjab,Beauty,2023-06-20,False,True
U01599,user01599,user1599@smartcart.ai,pbkdf2:sha256:600000$saltXYZ$hashedvalue,Rohit Verma 1599,58,Female,Mumbai,Gujarat,Health,2025-10-21,False,True
U01600,user01600,user1600@smartcart.ai,pbkdf2:sha256:600000$saltXYZ$hashedvalue,Ananya Joshi 1600,65,Other,Jaipur,Tamil Nadu,"Beauty,Home & Kitchen,Sports",2024-07-22,False,True
U01601,user01601,user1601@smartcart.ai,pbkdf2:sha256:600000$saltXYZ$hashedvalue,Deepika Nair 1601,62,Female,Pune,Karnataka,Electronics,2023-05-02,False,True
U01602,user01602,user1602@smartcart.ai,pbkdf2:sha256:600000$saltXYZ$hashedvalue,Priya Singh 1602,55,Male,Hyderabad,Tamil Nadu,Home & Kitchen,2026-03-03,False,True
U01603,user01603,user1603@smartcart.ai,pbkdf2:sha256:600000$saltXYZ$hashedvalue,Pooja Pillai 1603,44,Female,Delhi,Punjab,Health,2025-09-18,False,True
U01604,user01604,user1604@smartcart.ai,pbkdf2:sha256:600000$saltXYZ$hashedvalue,Pooja Pillai 1604,25,Male,Kolkata,West Bengal,"Beauty,Books,Health,Fashion",2025-07-28,False,True
U01605,user01605,user1605@smartcart.ai,pbkdf2:sha256:600000$saltXYZ$hashedvalue,Amit Patel 1605,48,Male,Chandigarh,West Bengal,"Beauty,Automotive,Home & Kitchen,Books",2025-11-08,False,True
U01606,user01606,user1606@smartcart.ai,pbkdf2:sha256:600000$saltXYZ$hashedvalue,Sneha Gupta 1606,44,Female,Kolkata,Punjab,"Fashion,Sports,Health",2023-12-15,False,True
U01607,user01607,user1607@smartcart.ai,pbkdf2:sha256:600000$saltXYZ$hashedvalue,Rohit Verma 1607,25,Other,Delhi,Rajasthan,"Grocery,Automotive,Fashion,Beauty",2024-11-22,False,True
U01608,user01608,user1608@smartcart.ai,pbkdf2:sha256:600000$saltXYZ$hashedvalue,Rohit Verma 1608,57,Female,Chennai,Gujarat,"Electronics,Grocery,Health",2026-04-15,False,True
U01609,user01609,user1609@smartcart.ai,pbkdf2:sha256:600000$saltXYZ$hashedvalue,Rohit Verma 1609,29,Other,Delhi,Punjab,"Beauty,Home & Kitchen,Books,Health",2026-03-27,False,True
U01610,user01610,user1610@smartcart.ai,pbkdf2:sha256:600000$saltXYZ$hashedvalue,Ananya Joshi 1610,65,Other,Jaipur,UP,"Health,Books",2025-10-20,False,True
U01611,user01611,user1611@smartcart.ai,pbkdf2:sha256:600000$saltXYZ$hashedvalue,Vijay Kumar 1611,52,Female,Lucknow,Maharashtra,"Home & Kitchen,Electronics,Toys,Grocery",2023-05-13,False,True
U01612,user01612,user1612@smartcart.ai,pbkdf2:sha256:600000$saltXYZ$hashedvalue,Priya Singh 1612,60,Female,Ahmedabad,Punjab,"Books,Fashion,Home & Kitchen",2024-02-01,False,True
U01613,user01613,user1613@smartcart.ai,pbkdf2:sha256:600000$saltXYZ$hashedvalue,Deepika Nair 1613,33,Other,Lucknow,UP,Automotive,2025-09-23,False,True
U01614,user01614,user1614@smartcart.ai,pbkdf2:sha256:600000$saltXYZ$hashedvalue,Priya Singh 1614,51,Other,Mumbai,Gujarat,Electronics,2023-11-02,False,True
U01615,user01615,user1615@smartcart.ai,pbkdf2:sha256:600000$saltXYZ$hashedvalue,Vijay Kumar 1615,51,Female,Delhi,Maharashtra,Grocery,2024-07-06,False,True
U01616,user01616,user1616@smartcart.ai,pbkdf2:sha256:600000$saltXYZ$hashedvalue,Karan Mehta 1616,47,Female,Lucknow,West Bengal,"Sports,Home & Kitchen",2024-03-07,False,True
U01617,user01617,user1617@smartcart.ai,pbkdf2:sha256:600000$saltXYZ$hashedvalue,Rahul Sharma 1617,33,Female,Surat,Delhi,Electronics,2025-10-18,False,True
U01618,user01618,user1618@smartcart.ai,pbkdf2:sha256:600000$saltXYZ$hashedvalue,Priya Singh 1618,38,Male,Mumbai,Tamil Nadu,"Health,Home & Kitchen",2024-01-04,False,True
U01619,user01619,user1619@smartcart.ai,pbkdf2:sha256:600000$saltXYZ$hashedvalue,Priya Singh 1619,43,Male,Delhi,Tamil Nadu,Sports,2024-09-15,False,True
U01620,user01620,user1620@smartcart.ai,pbkdf2:sha256:600000$saltXYZ$hashedvalue,Vijay Kumar 1620,50,Other,Lucknow,Gujarat,"Toys,Health,Fashion",2026-04-08,False,True
U01621,user01621,user1621@smartcart.ai,pbkdf2:sha256:600000$saltXYZ$hashedvalue,Pooja Pillai 1621,57,Male,Bangalore,Tamil Nadu,"Toys,Grocery,Automotive,Fashion",2023-07-08,False,True
U01622,user01622,user1622@smartcart.ai,pbkdf2:sha256:600000$saltXYZ$hashedvalue,Ananya Joshi 1622,47,Other,Chandigarh,UP,"Beauty,Home & Kitchen,Electronics",2024-06-24,False,True
U01623,user01623,user1623@smartcart.ai,pbkdf2:sha256:600000$saltXYZ$hashedvalue,Rohit Verma 1623,31,Female,Hyderabad,UP,Toys,2024-08-15,False,True
U01624,user01624,user1624@smartcart.ai,pbkdf2:sha256:600000$saltXYZ$hashedvalue,Karan Mehta 1624,34,Male,Pune,Punjab,Sports,2024-10-30,False,False
U01625,user01625,user1625@smartcart.ai,pbkdf2:sha256:600000$saltXYZ$hashedvalue,Rohit Verma 1625,33,Male,Chandigarh,UP,"Fashion,Beauty",2025-07-16,False,True
U01626,user01626,user1626@smartcart.ai,pbkdf2:sha256:600000$saltXYZ$hashedvalue,Karan Mehta 1626,37,Female,Lucknow,Delhi,"Home & Kitchen,Health,Electronics,Fashion",2024-11-04,False,True
U01627,user01627,user1627@smartcart.ai,pbkdf2:sha256:600000$saltXYZ$hashedvalue,Vijay Kumar 1627,32,Other,Lucknow,Punjab,"Sports,Grocery,Automotive",2025-11-15,False,True
U01628,user01628,user1628@smartcart.ai,pbkdf2:sha256:600000$saltXYZ$hashedvalue,Karan Mehta 1628,20,Female,Jaipur,Maharashtra,"Grocery,Books,Beauty",2023-07-04,False,True
U01629,user01629,user1629@smartcart.ai,pbkdf2:sha256:600000$saltXYZ$hashedvalue,Ananya Joshi 1629,34,Other,Delhi,Karnataka,"Toys,Fashion,Beauty",2023-09-26,False,True
U01630,user01630,user1630@smartcart.ai,pbkdf2:sha256:600000$saltXYZ$hashedvalue,Rohit Verma 1630,26,Female,Bangalore,Punjab,Automotive,2025-05-10,False,True
U01631,user01631,user1631@smartcart.ai,pbkdf2:sha256:600000$saltXYZ$hashedvalue,Sneha Gupta 1631,25,Other,Jaipur,Delhi,"Beauty,Health",2025-10-11,False,False
U01632,user01632,user1632@smartcart.ai,pbkdf2:sha256:600000$saltXYZ$hashedvalue,Sneha Gupta 1632,54,Male,Surat,West Bengal,Books,2025-05-09,False,True
U01633,user01633,user1633@smartcart.ai,pbkdf2:sha256:600000$saltXYZ$hashedvalue,Ananya Joshi 1633,36,Male,Jaipur,UP,"Sports,Health,Automotive",2023-08-09,False,True
U01634,user01634,user1634@smartcart.ai,pbkdf2:sha256:600000$saltXYZ$hashedvalue,Karan Mehta 1634,59,Male,Hyderabad,Karnataka,"Automotive,Beauty,Grocery",2024-12-15,False,True
U01635,user01635,user1635@smartcart.ai,pbkdf2:sha256:600000$saltXYZ$hashedvalue,Rahul Sharma 1635,54,Female,Pune,Delhi,"Sports,Fashion",2023-11-01,False,True
U01636,user01636,user1636@smartcart.ai,pbkdf2:sha256:600000$saltXYZ$hashedvalue,Pooja Pillai 1636,37,Male,Hyderabad,Rajasthan,Health,2025-07-12,False,True
U01637,user01637,user1637@smartcart.ai,pbkdf2:sha256:600000$saltXYZ$hashedvalue,Rahul Sharma 1637,23,Other,Pune,Karnataka,"Automotive,Beauty",2026-04-22,False,True
U01638,user01638,user1638@smartcart.ai,pbkdf2:sha256:600000$saltXYZ$hashedvalue,Amit Patel 1638,37,Female,Delhi,Rajasthan,"Grocery,Toys",2024-12-09,False,True
U01639,user01639,user1639@smartcart.ai,pbkdf2:sha256:600000$saltXYZ$hashedvalue,Karan Mehta 1639,51,Female,Mumbai,Punjab,Sports,2024-04-26,False,True
U01640,user01640,user1640@smartcart.ai,pbkdf2:sha256:600000$saltXYZ$hashedvalue,Sneha Gupta 1640,57,Female,Ahmedabad,Karnataka,Grocery,2023-12-14,False,True
U01641,user01641,user1641@smartcart.ai,pbkdf2:sha256:600000$saltXYZ$hashedvalue,Sneha Gupta 1641,43,Other,Surat,Karnataka,"Home & Kitchen,Automotive",2023-06-20,False,True
U01642,user01642,user1642@smartcart.ai,pbkdf2:sha256:600000$saltXYZ$hashedvalue,Sneha Gupta 1642,29,Female,Surat,Gujarat,Books,2024-01-13,False,True
U01643,user01643,user1643@smartcart.ai,pbkdf2:sha256:600000$saltXYZ$hashedvalue,Rohit Verma 1643,51,Male,Chennai,Rajasthan,"Automotive,Beauty",2026-02-22,False,True
U01644,user01644,user1644@smartcart.ai,pbkdf2:sha256:600000$saltXYZ$hashedvalue,Karan Mehta 1644,40,Other,Pune,Rajasthan,Electronics,2024-04-29,False,True
U01645,user01645,user1645@smartcart.ai,pbkdf2:sha256:600000$saltXYZ$hashedvalue,Rohit Verma 1645,36,Other,Surat,Gujarat,Sports,2023-08-29,False,True
U01646,user01646,user1646@smartcart.ai,pbkdf2:sha256:600000$saltXYZ$hashedvalue,Sneha Gupta 1646,64,Female,Mumbai,Rajasthan,"Health,Sports",2025-12-03,False,True
U01647,user01647,user1647@smartcart.ai,pbkdf2:sha256:600000$saltXYZ$hashedvalue,Vijay Kumar 1647,39,Other,Surat,Karnataka,"Electronics,Automotive,Home & Kitchen,Beauty",2026-02-16,False,True
U01648,user01648,user1648@smartcart.ai,pbkdf2:sha256:600000$saltXYZ$hashedvalue,Rohit Verma 1648,20,Other,Kolkata,Tamil Nadu,"Toys,Home & Kitchen,Fashion,Grocery",2025-09-14,False,True
U01649,user01649,user1649@smartcart.ai,pbkdf2:sha256:600000$saltXYZ$hashedvalue,Deepika Nair 1649,22,Other,Kolkata,Punjab,"Home & Kitchen,Fashion,Beauty",2024-01-30,False,True
U01650,user01650,user1650@smartcart.ai,pbkdf2:sha256:600000$saltXYZ$hashedvalue,Ananya Joshi 1650,42,Other,Jaipur,Gujarat,"Beauty,Home & Kitchen",2024-01-06,False,True
U01651,user01651,user1651@smartcart.ai,pbkdf2:sha256:600000$saltXYZ$hashedvalue,Rahul Sharma 1651,54,Male,Delhi,Telangana,"Beauty,Sports,Automotive,Electronics",2025-09-13,False,True
U01652,user01652,user1652@smartcart.ai,pbkdf2:sha256:600000$saltXYZ$hashedvalue,Vijay Kumar 1652,49,Female,Kolkata,Tamil Nadu,"Automotive,Grocery",2025-01-14,False,True
U01653,user01653,user1653@smartcart.ai,pbkdf2:sha256:600000$saltXYZ$hashedvalue,Amit Patel 1653,32,Female,Kolkata,Punjab,Electronics,2023-10-05,False,True
U01654,user01654,user1654@smartcart.ai,pbkdf2:sha256:600000$saltXYZ$hashedvalue,Deepika Nair 1654,27,Other,Kolkata,Telangana,"Toys,Home & Kitchen,Automotive",2025-10-08,False,True
U01655,user01655,user1655@smartcart.ai,pbkdf2:sha256:600000$saltXYZ$hashedvalue,Amit Patel 1655,23,Male,Kolkata,Punjab,"Books,Grocery,Toys",2025-07-11,False,True
U01656,user01656,user1656@smartcart.ai,pbkdf2:sha256:600000$saltXYZ$hashedvalue,Vijay Kumar 1656,44,Female,Jaipur,Gujarat,"Grocery,Automotive",2023-10-24,False,True
U01657,user01657,user1657@smartcart.ai,pbkdf2:sha256:600000$saltXYZ$hashedvalue,Rohit Verma 1657,61,Female,Pune,West Bengal,"Books,Toys",2025-03-28,False,True
U01658,user01658,user1658@smartcart.ai,pbkdf2:sha256:600000$saltXYZ$hashedvalue,Rahul Sharma 1658,44,Male,Ahmedabad,Gujarat,"Automotive,Home & Kitchen,Books,Sports",2025-10-04,False,True
U01659,user01659,user1659@smartcart.ai,pbkdf2:sha256:600000$saltXYZ$hashedvalue,Rohit Verma 1659,38,Female,Bangalore,Tamil Nadu,Fashion,2024-03-15,False,True
U01660,user01660,user1660@smartcart.ai,pbkdf2:sha256:600000$saltXYZ$hashedvalue,Karan Mehta 1660,56,Female,Mumbai,Karnataka,"Toys,Grocery",2024-01-20,False,True
U01661,user01661,user1661@smartcart.ai,pbkdf2:sha256:600000$saltXYZ$hashedvalue,Pooja Pillai 1661,54,Male,Ahmedabad,Punjab,Toys,2024-11-02,False,True
U01662,user01662,user1662@smartcart.ai,pbkdf2:sha256:600000$saltXYZ$hashedvalue,Karan Mehta 1662,56,Female,Jaipur,Gujarat,Fashion,2025-04-26,False,True
U01663,user01663,user1663@smartcart.ai,pbkdf2:sha256:600000$saltXYZ$hashedvalue,Deepika Nair 1663,33,Other,Jaipur,UP,"Grocery,Health",2024-08-22,False,True
U01664,user01664,user1664@smartcart.ai,pbkdf2:sha256:600000$saltXYZ$hashedvalue,Deepika Nair 1664,45,Female,Surat,Tamil Nadu,"Home & Kitchen,Fashion,Books,Health",2025-07-02,False,True
U01665,user01665,user1665@smartcart.ai,pbkdf2:sha256:600000$saltXYZ$hashedvalue,Pooja Pillai 1665,22,Female,Lucknow,Delhi,"Fashion,Home & Kitchen,Toys,Books",2023-05-22,False,True
U01666,user01666,user1666@smartcart.ai,pbkdf2:sha256:600000$saltXYZ$hashedvalue,Amit Patel 1666,32,Other,Bangalore,Telangana,"Grocery,Toys,Sports",2025-05-18,False,True
U01667,user01667,user1667@smartcart.ai,pbkdf2:sha256:600000$saltXYZ$hashedvalue,Amit Patel 1667,56,Male,Mumbai,UP,"Health,Books,Beauty,Automotive",2025-03-16,False,True
U01668,user01668,user1668@smartcart.ai,pbkdf2:sha256:600000$saltXYZ$hashedvalue,Pooja Pillai 1668,59,Female,Mumbai,Rajasthan,"Health,Automotive",2023-11-30,False,True
U01669,user01669,user1669@smartcart.ai,pbkdf2:sha256:600000$saltXYZ$hashedvalue,Ananya Joshi 1669,39,Male,Mumbai,UP,Fashion,2023-11-18,False,True
U01670,user01670,user1670@smartcart.ai,pbkdf2:sha256:600000$saltXYZ$hashedvalue,Pooja Pillai 1670,36,Other,Hyderabad,Punjab,"Fashion,Books,Electronics",2025-04-26,False,True
U01671,user01671,user1671@smartcart.ai,pbkdf2:sha256:600000$saltXYZ$hashedvalue,Pooja Pillai 1671,31,Female,Chandigarh,Karnataka,"Fashion,Home & Kitchen,Automotive,Health",2023-08-08,False,True
U01672,user01672,user1672@smartcart.ai,pbkdf2:sha256:600000$saltXYZ$hashedvalue,Sneha Gupta 1672,28,Other,Lucknow,UP,"Toys,Fashion",2025-04-05,False,False
U01673,user01673,user1673@smartcart.ai,pbkdf2:sha256:600000$saltXYZ$hashedvalue,Ananya Joshi 1673,45,Other,Mumbai,Gujarat,"Sports,Grocery,Toys,Beauty",2023-10-13,False,True
U01674,user01674,user1674@smartcart.ai,pbkdf2:sha256:600000$saltXYZ$hashedvalue,Amit Patel 1674,37,Female,Hyderabad,West Bengal,"Toys,Health,Books",2026-03-10,False,True
U01675,user01675,user1675@smartcart.ai,pbkdf2:sha256:600000$saltXYZ$hashedvalue,Rohit Verma 1675,32,Male,Lucknow,Delhi,"Home & Kitchen,Fashion",2024-10-20,False,True
U01676,user01676,user1676@smartcart.ai,pbkdf2:sha256:600000$saltXYZ$hashedvalue,Sneha Gupta 1676,33,Female,Pune,Tamil Nadu,"Beauty,Electronics,Home & Kitchen,Health",2025-09-28,False,True
U01677,user01677,user1677@smartcart.ai,pbkdf2:sha256:600000$saltXYZ$hashedvalue,Rahul Sharma 1677,33,Male,Hyderabad,Telangana,Books,2025-01-08,False,True
U01678,user01678,user1678@smartcart.ai,pbkdf2:sha256:600000$saltXYZ$hashedvalue,Amit Patel 1678,34,Other,Pune,Gujarat,"Automotive,Books,Health,Grocery",2024-12-03,False,True
U01679,user01679,user1679@smartcart.ai,pbkdf2:sha256:600000$saltXYZ$hashedvalue,Rohit Verma 1679,43,Male,Jaipur,Karnataka,"Home & Kitchen,Sports,Toys",2023-10-07,False,True
U01680,user01680,user1680@smartcart.ai,pbkdf2:sha256:600000$saltXYZ$hashedvalue,Amit Patel 1680,23,Male,Delhi,Tamil Nadu,"Electronics,Automotive",2025-09-20,False,True
U01681,user01681,user1681@smartcart.ai,pbkdf2:sha256:600000$saltXYZ$hashedvalue,Vijay Kumar 1681,27,Female,Surat,Rajasthan,Electronics,2025-11-24,False,True
U01682,user01682,user1682@smartcart.ai,pbkdf2:sha256:600000$saltXYZ$hashedvalue,Karan Mehta 1682,50,Female,Kolkata,West Bengal,"Books,Grocery,Beauty,Health",2025-10-24,False,True
U01683,user01683,user1683@smartcart.ai,pbkdf2:sha256:600000$saltXYZ$hashedvalue,Rohit Verma 1683,25,Female,Chandigarh,Tamil Nadu,"Beauty,Sports,Grocery,Home & Kitchen",2026-04-13,False,True
U01684,user01684,user1684@smartcart.ai,pbkdf2:sha256:600000$saltXYZ$hashedvalue,Vijay Kumar 1684,21,Female,Lucknow,Karnataka,"Sports,Books,Home & Kitchen",2024-02-07,False,True
U01685,user01685,user1685@smartcart.ai,pbkdf2:sha256:600000$saltXYZ$hashedvalue,Rahul Sharma 1685,57,Male,Kolkata,Tamil Nadu,"Health,Electronics,Books,Grocery",2026-01-17,False,True
U01686,user01686,user1686@smartcart.ai,pbkdf2:sha256:600000$saltXYZ$hashedvalue,Deepika Nair 1686,42,Male,Mumbai,Tamil Nadu,"Grocery,Fashion",2023-05-15,False,True
U01687,user01687,user1687@smartcart.ai,pbkdf2:sha256:600000$saltXYZ$hashedvalue,Sneha Gupta 1687,52,Other,Chennai,Karnataka,"Beauty,Electronics,Grocery,Health",2026-01-29,False,True
U01688,user01688,user1688@smartcart.ai,pbkdf2:sha256:600000$saltXYZ$hashedvalue,Karan Mehta 1688,19,Female,Hyderabad,Karnataka,"Toys,Electronics,Books,Home & Kitchen",2023-12-11,False,True
U01689,user01689,user1689@smartcart.ai,pbkdf2:sha256:600000$saltXYZ$hashedvalue,Priya Singh 1689,49,Male,Jaipur,UP,"Beauty,Health",2023-12-19,False,True
U01690,user01690,user1690@smartcart.ai,pbkdf2:sha256:600000$saltXYZ$hashedvalue,Sneha Gupta 1690,24,Female,Pune,Punjab,"Electronics,Sports",2025-11-16,False,True
U01691,user01691,user1691@smartcart.ai,pbkdf2:sha256:600000$saltXYZ$hashedvalue,Karan Mehta 1691,23,Male,Ahmedabad,UP,"Home & Kitchen,Automotive,Electronics,Sports",2024-06-05,False,True
U01692,user01692,user1692@smartcart.ai,pbkdf2:sha256:600000$saltXYZ$hashedvalue,Vijay Kumar 1692,53,Male,Ahmedabad,Delhi,Home & Kitchen,2026-02-15,False,True
U01693,user01693,user1693@smartcart.ai,pbkdf2:sha256:600000$saltXYZ$hashedvalue,Karan Mehta 1693,33,Male,Hyderabad,Gujarat,Sports,2025-01-07,False,True
U01694,user01694,user1694@smartcart.ai,pbkdf2:sha256:600000$saltXYZ$hashedvalue,Amit Patel 1694,39,Other,Ahmedabad,Gujarat,"Fashion,Books,Home & Kitchen",2024-09-12,False,True
U01695,user01695,user1695@smartcart.ai,pbkdf2:sha256:600000$saltXYZ$hashedvalue,Amit Patel 1695,57,Male,Hyderabad,Rajasthan,"Toys,Home & Kitchen,Health",2024-01-10,False,True
U01696,user01696,user1696@smartcart.ai,pbkdf2:sha256:600000$saltXYZ$hashedvalue,Deepika Nair 1696,38,Female,Mumbai,Delhi,"Home & Kitchen,Electronics,Sports,Health",2026-04-14,False,True
U01697,user01697,user1697@smartcart.ai,pbkdf2:sha256:600000$saltXYZ$hashedvalue,Amit Patel 1697,19,Female,Pune,Punjab,"Home & Kitchen,Fashion,Sports",2025-09-19,False,False
U01698,user01698,user1698@smartcart.ai,pbkdf2:sha256:600000$saltXYZ$hashedvalue,Deepika Nair 1698,61,Other,Surat,Telangana,"Books,Home & Kitchen",2025-12-26,False,True
U01699,user01699,user1699@smartcart.ai,pbkdf2:sha256:600000$saltXYZ$hashedvalue,Priya Singh 1699,58,Male,Mumbai,UP,"Home & Kitchen,Books,Health",2025-12-11,False,True
U01700,user01700,user1700@smartcart.ai,pbkdf2:sha256:600000$saltXYZ$hashedvalue,Amit Patel 1700,33,Male,Hyderabad,Karnataka,"Sports,Fashion,Health",2025-09-25,False,True
U01701,user01701,user1701@smartcart.ai,pbkdf2:sha256:600000$saltXYZ$hashedvalue,Deepika Nair 1701,55,Male,Lucknow,Tamil Nadu,"Health,Books",2025-07-28,False,True
U01702,user01702,user1702@smartcart.ai,pbkdf2:sha256:600000$saltXYZ$hashedvalue,Ananya Joshi 1702,30,Female,Jaipur,Delhi,"Fashion,Home & Kitchen,Electronics,Toys",2025-03-25,False,True
U01703,user01703,user1703@smartcart.ai,pbkdf2:sha256:600000$saltXYZ$hashedvalue,Rohit Verma 1703,35,Male,Chandigarh,Maharashtra,"Beauty,Home & Kitchen,Fashion,Health",2025-12-10,False,True
U01704,user01704,user1704@smartcart.ai,pbkdf2:sha256:600000$saltXYZ$hashedvalue,Amit Patel 1704,43,Male,Delhi,Gujarat,Books,2025-07-11,False,True
U01705,user01705,user1705@smartcart.ai,pbkdf2:sha256:600000$saltXYZ$hashedvalue,Sneha Gupta 1705,30,Other,Delhi,UP,"Fashion,Health,Toys",2025-03-07,False,True
U01706,user01706,user1706@smartcart.ai,pbkdf2:sha256:600000$saltXYZ$hashedvalue,Priya Singh 1706,41,Female,Lucknow,Punjab,"Grocery,Toys",2024-07-21,False,True
U01707,user01707,user1707@smartcart.ai,pbkdf2:sha256:600000$saltXYZ$hashedvalue,Rahul Sharma 1707,31,Female,Mumbai,Maharashtra,"Health,Grocery,Sports,Home & Kitchen",2023-11-14,False,True
U01708,user01708,user1708@smartcart.ai,pbkdf2:sha256:600000$saltXYZ$hashedvalue,Karan Mehta 1708,38,Male,Bangalore,Maharashtra,"Automotive,Sports",2025-02-06,False,True
U01709,user01709,user1709@smartcart.ai,pbkdf2:sha256:600000$saltXYZ$hashedvalue,Ananya Joshi 1709,35,Male,Surat,Gujarat,"Books,Sports,Automotive",2025-10-23,False,True
U01710,user01710,user1710@smartcart.ai,pbkdf2:sha256:600000$saltXYZ$hashedvalue,Rohit Verma 1710,50,Other,Lucknow,Maharashtra,Grocery,2025-12-01,False,True
U01711,user01711,user1711@smartcart.ai,pbkdf2:sha256:600000$saltXYZ$hashedvalue,Pooja Pillai 1711,29,Male,Mumbai,Gujarat,Sports,2025-11-18,False,True
U01712,user01712,user1712@smartcart.ai,pbkdf2:sha256:600000$saltXYZ$hashedvalue,Rohit Verma 1712,27,Other,Chennai,West Bengal,"Electronics,Sports,Home & Kitchen,Beauty",2025-12-28,False,True
U01713,user01713,user1713@smartcart.ai,pbkdf2:sha256:600000$saltXYZ$hashedvalue,Pooja Pillai 1713,21,Male,Kolkata,Punjab,"Sports,Grocery,Books",2024-08-04,False,True
U01714,user01714,user1714@smartcart.ai,pbkdf2:sha256:600000$saltXYZ$hashedvalue,Rahul Sharma 1714,42,Male,Kolkata,Telangana,Automotive,2023-06-14,False,True
U01715,user01715,user1715@smartcart.ai,pbkdf2:sha256:600000$saltXYZ$hashedvalue,Deepika Nair 1715,35,Male,Delhi,Rajasthan,"Grocery,Home & Kitchen,Books,Sports",2024-04-19,False,True
U01716,user01716,user1716@smartcart.ai,pbkdf2:sha256:600000$saltXYZ$hashedvalue,Priya Singh 1716,30,Male,Surat,Delhi,Toys,2024-01-26,False,True
U01717,user01717,user1717@smartcart.ai,pbkdf2:sha256:600000$saltXYZ$hashedvalue,Vijay Kumar 1717,48,Female,Surat,Tamil Nadu,"Grocery,Health,Beauty,Books",2025-03-29,False,True
U01718,user01718,user1718@smartcart.ai,pbkdf2:sha256:600000$saltXYZ$hashedvalue,Pooja Pillai 1718,42,Male,Delhi,Maharashtra,"Grocery,Health,Fashion",2023-11-27,False,True
U01719,user01719,user1719@smartcart.ai,pbkdf2:sha256:600000$saltXYZ$hashedvalue,Deepika Nair 1719,28,Female,Chandigarh,Tamil Nadu,"Home & Kitchen,Sports",2025-05-28,False,True
U01720,user01720,user1720@smartcart.ai,pbkdf2:sha256:600000$saltXYZ$hashedvalue,Priya Singh 1720,20,Female,Jaipur,UP,"Electronics,Automotive",2025-08-04,False,True
U01721,user01721,user1721@smartcart.ai,pbkdf2:sha256:600000$saltXYZ$hashedvalue,Rahul Sharma 1721,24,Female,Pune,Rajasthan,Fashion,2024-04-10,False,True
U01722,user01722,user1722@smartcart.ai,pbkdf2:sha256:600000$saltXYZ$hashedvalue,Ananya Joshi 1722,31,Other,Pune,Tamil Nadu,Health,2025-03-27,False,True
U01723,user01723,user1723@smartcart.ai,pbkdf2:sha256:600000$saltXYZ$hashedvalue,Karan Mehta 1723,60,Female,Chandigarh,Gujarat,"Health,Toys,Books,Automotive",2024-10-07,False,True
U01724,user01724,user1724@smartcart.ai,pbkdf2:sha256:600000$saltXYZ$hashedvalue,Deepika Nair 1724,29,Male,Surat,Delhi,"Automotive,Grocery,Home & Kitchen",2026-04-12,False,False
U01725,user01725,user1725@smartcart.ai,pbkdf2:sha256:600000$saltXYZ$hashedvalue,Rohit Verma 1725,45,Other,Ahmedabad,Karnataka,"Sports,Fashion,Health,Electronics",2023-09-24,False,True
U01726,user01726,user1726@smartcart.ai,pbkdf2:sha256:600000$saltXYZ$hashedvalue,Sneha Gupta 1726,45,Other,Bangalore,Gujarat,Home & Kitchen,2025-11-28,False,True
U01727,user01727,user1727@smartcart.ai,pbkdf2:sha256:600000$saltXYZ$hashedvalue,Deepika Nair 1727,24,Female,Pune,Punjab,Health,2025-03-09,False,True
U01728,user01728,user1728@smartcart.ai,pbkdf2:sha256:600000$saltXYZ$hashedvalue,Deepika Nair 1728,55,Other,Pune,Punjab,"Fashion,Toys,Automotive",2025-12-15,False,True
U01729,user01729,user1729@smartcart.ai,pbkdf2:sha256:600000$saltXYZ$hashedvalue,Priya Singh 1729,63,Female,Lucknow,UP,Electronics,2024-06-07,False,True
U01730,user01730,user1730@smartcart.ai,pbkdf2:sha256:600000$saltXYZ$hashedvalue,Priya Singh 1730,57,Female,Kolkata,UP,"Health,Toys,Grocery",2025-08-22,False,True
U01731,user01731,user1731@smartcart.ai,pbkdf2:sha256:600000$saltXYZ$hashedvalue,Priya Singh 1731,54,Female,Delhi,Telangana,Electronics,2024-08-08,False,True
U01732,user01732,user1732@smartcart.ai,pbkdf2:sha256:600000$saltXYZ$hashedvalue,Karan Mehta 1732,50,Male,Pune,Gujarat,"Books,Toys,Grocery",2025-09-07,False,True
U01733,user01733,user1733@smartcart.ai,pbkdf2:sha256:600000$saltXYZ$hashedvalue,Rohit Verma 1733,65,Male,Lucknow,Karnataka,"Sports,Home & Kitchen,Toys,Grocery",2025-06-14,False,True
U01734,user01734,user1734@smartcart.ai,pbkdf2:sha256:600000$saltXYZ$hashedvalue,Karan Mehta 1734,37,Male,Mumbai,Punjab,Sports,2025-09-25,False,True
U01735,user01735,user1735@smartcart.ai,pbkdf2:sha256:600000$saltXYZ$hashedvalue,Amit Patel 1735,40,Female,Chandigarh,Tamil Nadu,"Electronics,Fashion",2026-03-19,False,True
U01736,user01736,user1736@smartcart.ai,pbkdf2:sha256:600000$saltXYZ$hashedvalue,Rahul Sharma 1736,56,Other,Hyderabad,Rajasthan,"Grocery,Toys,Beauty,Sports",2025-06-14,False,True
U01737,user01737,user1737@smartcart.ai,pbkdf2:sha256:600000$saltXYZ$hashedvalue,Karan Mehta 1737,43,Female,Delhi,Telangana,"Books,Grocery,Toys,Sports",2024-08-03,False,True
U01738,user01738,user1738@smartcart.ai,pbkdf2:sha256:600000$saltXYZ$hashedvalue,Vijay Kumar 1738,54,Female,Delhi,Karnataka,"Fashion,Grocery,Books",2026-04-04,False,True
U01739,user01739,user1739@smartcart.ai,pbkdf2:sha256:600000$saltXYZ$hashedvalue,Priya Singh 1739,49,Other,Chandigarh,Rajasthan,"Beauty,Toys",2024-12-08,False,True
U01740,user01740,user1740@smartcart.ai,pbkdf2:sha256:600000$saltXYZ$hashedvalue,Rahul Sharma 1740,56,Other,Chandigarh,Maharashtra,Home & Kitchen,2024-02-24,False,True
U01741,user01741,user1741@smartcart.ai,pbkdf2:sha256:600000$saltXYZ$hashedvalue,Ananya Joshi 1741,20,Male,Jaipur,Maharashtra,Beauty,2024-07-16,False,True
U01742,user01742,user1742@smartcart.ai,pbkdf2:sha256:600000$saltXYZ$hashedvalue,Pooja Pillai 1742,38,Other,Lucknow,UP,"Beauty,Health",2025-04-03,False,True
U01743,user01743,user1743@smartcart.ai,pbkdf2:sha256:600000$saltXYZ$hashedvalue,Amit Patel 1743,24,Female,Ahmedabad,Gujarat,Electronics,2023-06-19,False,True
U01744,user01744,user1744@smartcart.ai,pbkdf2:sha256:600000$saltXYZ$hashedvalue,Karan Mehta 1744,31,Other,Mumbai,Maharashtra,Books,2024-01-05,False,True
U01745,user01745,user1745@smartcart.ai,pbkdf2:sha256:600000$saltXYZ$hashedvalue,Karan Mehta 1745,34,Female,Hyderabad,UP,"Fashion,Home & Kitchen",2025-06-28,False,True
U01746,user01746,user1746@smartcart.ai,pbkdf2:sha256:600000$saltXYZ$hashedvalue,Pooja Pillai 1746,62,Female,Kolkata,Rajasthan,"Electronics,Fashion",2023-08-05,False,True
U01747,user01747,user1747@smartcart.ai,pbkdf2:sha256:600000$saltXYZ$hashedvalue,Rahul Sharma 1747,61,Other,Lucknow,Tamil Nadu,"Beauty,Grocery,Sports",2023-11-17,False,True
U01748,user01748,user1748@smartcart.ai,pbkdf2:sha256:600000$saltXYZ$hashedvalue,Sneha Gupta 1748,28,Male,Jaipur,Maharashtra,"Beauty,Toys",2025-08-22,False,True
U01749,user01749,user1749@smartcart.ai,pbkdf2:sha256:600000$saltXYZ$hashedvalue,Sneha Gupta 1749,33,Other,Kolkata,Rajasthan,"Toys,Fashion,Electronics,Home & Kitchen",2026-02-20,False,True
U01750,user01750,user1750@smartcart.ai,pbkdf2:sha256:600000$saltXYZ$hashedvalue,Ananya Joshi 1750,52,Female,Delhi,Rajasthan,Books,2025-07-18,False,True
U01751,user01751,user1751@smartcart.ai,pbkdf2:sha256:600000$saltXYZ$hashedvalue,Priya Singh 1751,50,Female,Jaipur,UP,"Sports,Home & Kitchen,Health,Automotive",2025-12-22,False,True
U01752,user01752,user1752@smartcart.ai,pbkdf2:sha256:600000$saltXYZ$hashedvalue,Vijay Kumar 1752,22,Female,Lucknow,Rajasthan,Beauty,2023-11-07,False,True
U01753,user01753,user1753@smartcart.ai,pbkdf2:sha256:600000$saltXYZ$hashedvalue,Vijay Kumar 1753,32,Female,Hyderabad,West Bengal,"Home & Kitchen,Health",2024-06-17,False,True
U01754,user01754,user1754@smartcart.ai,pbkdf2:sha256:600000$saltXYZ$hashedvalue,Ananya Joshi 1754,32,Other,Lucknow,Maharashtra,Toys,2024-08-10,False,True
U01755,user01755,user1755@smartcart.ai,pbkdf2:sha256:600000$saltXYZ$hashedvalue,Karan Mehta 1755,49,Other,Mumbai,Telangana,Beauty,2023-10-07,False,True
U01756,user01756,user1756@smartcart.ai,pbkdf2:sha256:600000$saltXYZ$hashedvalue,Rohit Verma 1756,51,Female,Kolkata,West Bengal,"Toys,Beauty",2023-06-12,False,True
U01757,user01757,user1757@smartcart.ai,pbkdf2:sha256:600000$saltXYZ$hashedvalue,Ananya Joshi 1757,23,Female,Chandigarh,Karnataka,"Home & Kitchen,Electronics,Health",2025-03-27,False,True
U01758,user01758,user1758@smartcart.ai,pbkdf2:sha256:600000$saltXYZ$hashedvalue,Priya Singh 1758,55,Male,Lucknow,Karnataka,"Automotive,Toys",2024-01-06,False,True
U01759,user01759,user1759@smartcart.ai,pbkdf2:sha256:600000$saltXYZ$hashedvalue,Rohit Verma 1759,52,Male,Kolkata,Telangana,"Electronics,Home & Kitchen",2025-02-18,False,True
U01760,user01760,user1760@smartcart.ai,pbkdf2:sha256:600000$saltXYZ$hashedvalue,Amit Patel 1760,23,Female,Lucknow,Delhi,"Grocery,Books",2025-03-09,False,True
U01761,user01761,user1761@smartcart.ai,pbkdf2:sha256:600000$saltXYZ$hashedvalue,Deepika Nair 1761,28,Male,Chennai,Rajasthan,"Books,Home & Kitchen",2025-08-02,False,True
U01762,user01762,user1762@smartcart.ai,pbkdf2:sha256:600000$saltXYZ$hashedvalue,Rohit Verma 1762,31,Female,Surat,Rajasthan,"Automotive,Grocery",2024-01-17,False,True
U01763,user01763,user1763@smartcart.ai,pbkdf2:sha256:600000$saltXYZ$hashedvalue,Sneha Gupta 1763,26,Other,Surat,Delhi,"Automotive,Electronics,Home & Kitchen",2024-09-30,False,True
U01764,user01764,user1764@smartcart.ai,pbkdf2:sha256:600000$saltXYZ$hashedvalue,Sneha Gupta 1764,65,Other,Pune,Karnataka,"Toys,Beauty,Automotive,Sports",2025-09-18,False,True
U01765,user01765,user1765@smartcart.ai,pbkdf2:sha256:600000$saltXYZ$hashedvalue,Vijay Kumar 1765,32,Male,Chandigarh,UP,"Grocery,Fashion,Toys",2023-08-16,False,True
U01766,user01766,user1766@smartcart.ai,pbkdf2:sha256:600000$saltXYZ$hashedvalue,Sneha Gupta 1766,28,Female,Chennai,Tamil Nadu,Grocery,2023-04-30,False,True
U01767,user01767,user1767@smartcart.ai,pbkdf2:sha256:600000$saltXYZ$hashedvalue,Priya Singh 1767,65,Other,Bangalore,UP,Sports,2023-05-04,False,True
U01768,user01768,user1768@smartcart.ai,pbkdf2:sha256:600000$saltXYZ$hashedvalue,Pooja Pillai 1768,63,Male,Lucknow,Tamil Nadu,Books,2026-01-20,False,True
U01769,user01769,user1769@smartcart.ai,pbkdf2:sha256:600000$saltXYZ$hashedvalue,Rohit Verma 1769,56,Other,Kolkata,Rajasthan,"Health,Grocery,Toys",2023-10-27,False,True
U01770,user01770,user1770@smartcart.ai,pbkdf2:sha256:600000$saltXYZ$hashedvalue,Pooja Pillai 1770,25,Male,Kolkata,Karnataka,Books,2023-12-26,False,True
U01771,user01771,user1771@smartcart.ai,pbkdf2:sha256:600000$saltXYZ$hashedvalue,Rahul Sharma 1771,20,Other,Chandigarh,West Bengal,"Grocery,Health,Books,Beauty",2024-04-23,False,True
U01772,user01772,user1772@smartcart.ai,pbkdf2:sha256:600000$saltXYZ$hashedvalue,Vijay Kumar 1772,34,Other,Hyderabad,West Bengal,"Automotive,Beauty,Toys,Electronics",2024-12-28,False,True
U01773,user01773,user1773@smartcart.ai,pbkdf2:sha256:600000$saltXYZ$hashedvalue,Deepika Nair 1773,57,Male,Kolkata,Telangana,"Sports,Toys,Automotive",2026-04-03,False,True
U01774,user01774,user1774@smartcart.ai,pbkdf2:sha256:600000$saltXYZ$hashedvalue,Karan Mehta 1774,34,Other,Hyderabad,Gujarat,"Beauty,Fashion,Health",2024-01-08,False,True
U01775,user01775,user1775@smartcart.ai,pbkdf2:sha256:600000$saltXYZ$hashedvalue,Rahul Sharma 1775,63,Other,Mumbai,Punjab,"Grocery,Beauty,Books,Health",2024-12-04,False,True
U01776,user01776,user1776@smartcart.ai,pbkdf2:sha256:600000$saltXYZ$hashedvalue,Sneha Gupta 1776,40,Other,Mumbai,Rajasthan,"Automotive,Toys,Sports,Grocery",2025-08-13,False,False
U01777,user01777,user1777@smartcart.ai,pbkdf2:sha256:600000$saltXYZ$hashedvalue,Sneha Gupta 1777,49,Other,Jaipur,UP,"Automotive,Toys",2025-12-04,False,False
U01778,user01778,user1778@smartcart.ai,pbkdf2:sha256:600000$saltXYZ$hashedvalue,Ananya Joshi 1778,47,Other,Kolkata,Telangana,"Sports,Health",2025-11-29,False,True
U01779,user01779,user1779@smartcart.ai,pbkdf2:sha256:600000$saltXYZ$hashedvalue,Vijay Kumar 1779,32,Male,Ahmedabad,UP,"Toys,Fashion,Health,Grocery",2023-10-24,False,True
U01780,user01780,user1780@smartcart.ai,pbkdf2:sha256:600000$saltXYZ$hashedvalue,Amit Patel 1780,35,Male,Surat,Gujarat,"Home & Kitchen,Books,Grocery,Sports",2024-12-07,False,True
U01781,user01781,user1781@smartcart.ai,pbkdf2:sha256:600000$saltXYZ$hashedvalue,Priya Singh 1781,25,Female,Mumbai,Karnataka,"Automotive,Fashion",2023-06-06,False,True
U01782,user01782,user1782@smartcart.ai,pbkdf2:sha256:600000$saltXYZ$hashedvalue,Karan Mehta 1782,46,Female,Chennai,Tamil Nadu,"Electronics,Sports,Automotive",2025-12-29,False,True
U01783,user01783,user1783@smartcart.ai,pbkdf2:sha256:600000$saltXYZ$hashedvalue,Priya Singh 1783,28,Other,Jaipur,Rajasthan,Grocery,2024-01-14,False,True
U01784,user01784,user1784@smartcart.ai,pbkdf2:sha256:600000$saltXYZ$hashedvalue,Vijay Kumar 1784,46,Female,Mumbai,Telangana,"Automotive,Sports",2024-03-13,False,True
U01785,user01785,user1785@smartcart.ai,pbkdf2:sha256:600000$saltXYZ$hashedvalue,Rohit Verma 1785,63,Other,Mumbai,Telangana,Books,2025-03-03,False,True
U01786,user01786,user1786@smartcart.ai,pbkdf2:sha256:600000$saltXYZ$hashedvalue,Rohit Verma 1786,21,Male,Hyderabad,Tamil Nadu,"Beauty,Health,Electronics",2024-06-11,False,True
U01787,user01787,user1787@smartcart.ai,pbkdf2:sha256:600000$saltXYZ$hashedvalue,Ananya Joshi 1787,37,Other,Surat,Rajasthan,"Beauty,Automotive",2024-02-21,False,True
U01788,user01788,user1788@smartcart.ai,pbkdf2:sha256:600000$saltXYZ$hashedvalue,Pooja Pillai 1788,62,Other,Bangalore,Telangana,"Health,Automotive,Books",2025-07-29,False,True
U01789,user01789,user1789@smartcart.ai,pbkdf2:sha256:600000$saltXYZ$hashedvalue,Amit Patel 1789,55,Male,Ahmedabad,Telangana,"Toys,Sports,Grocery,Home & Kitchen",2026-02-04,False,True
U01790,user01790,user1790@smartcart.ai,pbkdf2:sha256:600000$saltXYZ$hashedvalue,Amit Patel 1790,41,Other,Hyderabad,Delhi,"Electronics,Beauty,Grocery",2024-05-09,False,True
U01791,user01791,user1791@smartcart.ai,pbkdf2:sha256:600000$saltXYZ$hashedvalue,Pooja Pillai 1791,40,Other,Pune,Punjab,"Beauty,Fashion,Books,Electronics",2025-05-06,False,True
U01792,user01792,user1792@smartcart.ai,pbkdf2:sha256:600000$saltXYZ$hashedvalue,Rahul Sharma 1792,24,Other,Pune,Delhi,Beauty,2025-02-16,False,True
U01793,user01793,user1793@smartcart.ai,pbkdf2:sha256:600000$saltXYZ$hashedvalue,Sneha Gupta 1793,43,Male,Chennai,West Bengal,"Toys,Grocery,Beauty",2023-10-15,False,True
U01794,user01794,user1794@smartcart.ai,pbkdf2:sha256:600000$saltXYZ$hashedvalue,Priya Singh 1794,55,Male,Hyderabad,UP,"Health,Sports,Fashion",2024-06-26,False,True
U01795,user01795,user1795@smartcart.ai,pbkdf2:sha256:600000$saltXYZ$hashedvalue,Rohit Verma 1795,22,Male,Bangalore,Karnataka,"Health,Electronics",2024-05-23,False,True
U01796,user01796,user1796@smartcart.ai,pbkdf2:sha256:600000$saltXYZ$hashedvalue,Rahul Sharma 1796,28,Male,Ahmedabad,Delhi,"Beauty,Toys,Electronics,Sports",2025-02-16,False,True
U01797,user01797,user1797@smartcart.ai,pbkdf2:sha256:600000$saltXYZ$hashedvalue,Deepika Nair 1797,33,Male,Jaipur,UP,"Grocery,Automotive,Toys",2025-05-03,False,True
U01798,user01798,user1798@smartcart.ai,pbkdf2:sha256:600000$saltXYZ$hashedvalue,Deepika Nair 1798,22,Male,Jaipur,Telangana,Beauty,2024-03-20,False,True
U01799,user01799,user1799@smartcart.ai,pbkdf2:sha256:600000$saltXYZ$hashedvalue,Amit Patel 1799,33,Male,Chandigarh,Gujarat,"Health,Grocery",2026-04-02,False,True
U01800,user01800,user1800@smartcart.ai,pbkdf2:sha256:600000$saltXYZ$hashedvalue,Rohit Verma 1800,43,Female,Surat,Delhi,"Books,Fashion",2024-02-03,False,True
U01801,user01801,user1801@smartcart.ai,pbkdf2:sha256:600000$saltXYZ$hashedvalue,Priya Singh 1801,65,Female,Pune,Tamil Nadu,"Sports,Grocery,Fashion,Home & Kitchen",2024-06-14,False,True
U01802,user01802,user1802@smartcart.ai,pbkdf2:sha256:600000$saltXYZ$hashedvalue,Pooja Pillai 1802,29,Female,Hyderabad,Maharashtra,"Toys,Sports",2025-07-04,False,True
U01803,user01803,user1803@smartcart.ai,pbkdf2:sha256:600000$saltXYZ$hashedvalue,Priya Singh 1803,50,Female,Hyderabad,Delhi,"Beauty,Books,Grocery",2025-03-21,False,True
U01804,user01804,user1804@smartcart.ai,pbkdf2:sha256:600000$saltXYZ$hashedvalue,Rohit Verma 1804,42,Male,Bangalore,Maharashtra,"Electronics,Home & Kitchen,Beauty",2025-12-01,False,True
U01805,user01805,user1805@smartcart.ai,pbkdf2:sha256:600000$saltXYZ$hashedvalue,Ananya Joshi 1805,47,Other,Surat,UP,"Automotive,Health,Grocery",2025-09-18,False,True
U01806,user01806,user1806@smartcart.ai,pbkdf2:sha256:600000$saltXYZ$hashedvalue,Priya Singh 1806,57,Female,Delhi,Delhi,Fashion,2024-10-26,False,True
U01807,user01807,user1807@smartcart.ai,pbkdf2:sha256:600000$saltXYZ$hashedvalue,Karan Mehta 1807,23,Female,Chandigarh,Delhi,"Electronics,Grocery,Home & Kitchen",2025-09-23,False,True
U01808,user01808,user1808@smartcart.ai,pbkdf2:sha256:600000$saltXYZ$hashedvalue,Karan Mehta 1808,21,Other,Kolkata,Delhi,"Sports,Health,Home & Kitchen",2025-06-29,False,False
U01809,user01809,user1809@smartcart.ai,pbkdf2:sha256:600000$saltXYZ$hashedvalue,Deepika Nair 1809,47,Female,Hyderabad,Telangana,Electronics,2024-12-18,False,True
U01810,user01810,user1810@smartcart.ai,pbkdf2:sha256:600000$saltXYZ$hashedvalue,Ananya Joshi 1810,51,Female,Bangalore,Karnataka,"Sports,Fashion,Toys,Home & Kitchen",2023-08-08,False,True
U01811,user01811,user1811@smartcart.ai,pbkdf2:sha256:600000$saltXYZ$hashedvalue,Pooja Pillai 1811,64,Other,Bangalore,Delhi,"Automotive,Fashion",2023-05-05,False,True
U01812,user01812,user1812@smartcart.ai,pbkdf2:sha256:600000$saltXYZ$hashedvalue,Ananya Joshi 1812,49,Male,Kolkata,Tamil Nadu,Electronics,2025-01-23,False,False
U01813,user01813,user1813@smartcart.ai,pbkdf2:sha256:600000$saltXYZ$hashedvalue,Rahul Sharma 1813,31,Male,Lucknow,Punjab,"Electronics,Books,Beauty,Toys",2025-09-20,False,True
U01814,user01814,user1814@smartcart.ai,pbkdf2:sha256:600000$saltXYZ$hashedvalue,Ananya Joshi 1814,41,Female,Surat,Rajasthan,"Toys,Sports",2025-06-19,False,True
U01815,user01815,user1815@smartcart.ai,pbkdf2:sha256:600000$saltXYZ$hashedvalue,Sneha Gupta 1815,61,Female,Surat,Delhi,Beauty,2024-02-17,False,True
U01816,user01816,user1816@smartcart.ai,pbkdf2:sha256:600000$saltXYZ$hashedvalue,Pooja Pillai 1816,56,Female,Delhi,Rajasthan,Automotive,2024-11-11,False,False
U01817,user01817,user1817@smartcart.ai,pbkdf2:sha256:600000$saltXYZ$hashedvalue,Karan Mehta 1817,44,Other,Ahmedabad,Punjab,Grocery,2023-05-02,False,True
U01818,user01818,user1818@smartcart.ai,pbkdf2:sha256:600000$saltXYZ$hashedvalue,Vijay Kumar 1818,43,Other,Hyderabad,Tamil Nadu,Books,2023-12-17,False,True
U01819,user01819,user1819@smartcart.ai,pbkdf2:sha256:600000$saltXYZ$hashedvalue,Deepika Nair 1819,59,Male,Chennai,Maharashtra,Grocery,2025-09-14,False,True
U01820,user01820,user1820@smartcart.ai,pbkdf2:sha256:600000$saltXYZ$hashedvalue,Vijay Kumar 1820,42,Other,Mumbai,UP,Fashion,2024-05-26,False,True
U01821,user01821,user1821@smartcart.ai,pbkdf2:sha256:600000$saltXYZ$hashedvalue,Rohit Verma 1821,28,Female,Bangalore,Karnataka,Electronics,2023-11-25,False,True
U01822,user01822,user1822@smartcart.ai,pbkdf2:sha256:600000$saltXYZ$hashedvalue,Deepika Nair 1822,62,Other,Ahmedabad,West Bengal,"Automotive,Electronics,Health",2023-05-01,False,True
U01823,user01823,user1823@smartcart.ai,pbkdf2:sha256:600000$saltXYZ$hashedvalue,Karan Mehta 1823,34,Female,Ahmedabad,Rajasthan,"Automotive,Electronics",2023-09-27,False,True
U01824,user01824,user1824@smartcart.ai,pbkdf2:sha256:600000$saltXYZ$hashedvalue,Amit Patel 1824,19,Male,Chandigarh,Telangana,"Health,Toys",2023-05-06,False,True
U01825,user01825,user1825@smartcart.ai,pbkdf2:sha256:600000$saltXYZ$hashedvalue,Deepika Nair 1825,58,Other,Chandigarh,Tamil Nadu,"Sports,Fashion",2025-01-08,False,True
U01826,user01826,user1826@smartcart.ai,pbkdf2:sha256:600000$saltXYZ$hashedvalue,Sneha Gupta 1826,57,Male,Hyderabad,Maharashtra,"Sports,Beauty,Toys",2025-10-13,False,True
U01827,user01827,user1827@smartcart.ai,pbkdf2:sha256:600000$saltXYZ$hashedvalue,Ananya Joshi 1827,57,Other,Hyderabad,Maharashtra,Automotive,2023-06-25,False,False
U01828,user01828,user1828@smartcart.ai,pbkdf2:sha256:600000$saltXYZ$hashedvalue,Ananya Joshi 1828,31,Other,Lucknow,West Bengal,"Health,Grocery",2025-07-21,False,True
U01829,user01829,user1829@smartcart.ai,pbkdf2:sha256:600000$saltXYZ$hashedvalue,Priya Singh 1829,25,Other,Pune,Gujarat,"Grocery,Beauty,Fashion,Health",2024-08-27,False,True
U01830,user01830,user1830@smartcart.ai,pbkdf2:sha256:600000$saltXYZ$hashedvalue,Deepika Nair 1830,61,Other,Lucknow,West Bengal,"Books,Health,Home & Kitchen",2025-09-28,False,True
U01831,user01831,user1831@smartcart.ai,pbkdf2:sha256:600000$saltXYZ$hashedvalue,Rahul Sharma 1831,37,Other,Delhi,Punjab,"Home & Kitchen,Sports",2024-04-12,False,False
U01832,user01832,user1832@smartcart.ai,pbkdf2:sha256:600000$saltXYZ$hashedvalue,Karan Mehta 1832,34,Female,Bangalore,Tamil Nadu,"Fashion,Toys,Grocery",2026-02-18,False,True
U01833,user01833,user1833@smartcart.ai,pbkdf2:sha256:600000$saltXYZ$hashedvalue,Priya Singh 1833,22,Female,Ahmedabad,Rajasthan,Home & Kitchen,2025-06-27,False,False
U01834,user01834,user1834@smartcart.ai,pbkdf2:sha256:600000$saltXYZ$hashedvalue,Pooja Pillai 1834,62,Other,Surat,Karnataka,"Toys,Electronics,Grocery",2023-12-22,False,True
U01835,user01835,user1835@smartcart.ai,pbkdf2:sha256:600000$saltXYZ$hashedvalue,Karan Mehta 1835,31,Male,Ahmedabad,Telangana,"Beauty,Toys",2025-08-19,False,True
U01836,user01836,user1836@smartcart.ai,pbkdf2:sha256:600000$saltXYZ$hashedvalue,Ananya Joshi 1836,33,Other,Chennai,Tamil Nadu,Fashion,2024-12-12,False,True
U01837,user01837,user1837@smartcart.ai,pbkdf2:sha256:600000$saltXYZ$hashedvalue,Rahul Sharma 1837,53,Male,Mumbai,Rajasthan,Electronics,2023-10-27,False,True
U01838,user01838,user1838@smartcart.ai,pbkdf2:sha256:600000$saltXYZ$hashedvalue,Sneha Gupta 1838,52,Male,Lucknow,Tamil Nadu,"Electronics,Home & Kitchen,Fashion,Toys",2023-12-09,False,True
U01839,user01839,user1839@smartcart.ai,pbkdf2:sha256:600000$saltXYZ$hashedvalue,Priya Singh 1839,51,Female,Ahmedabad,UP,"Sports,Grocery",2025-06-17,False,True
U01840,user01840,user1840@smartcart.ai,pbkdf2:sha256:600000$saltXYZ$hashedvalue,Deepika Nair 1840,62,Female,Lucknow,West Bengal,Health,2026-02-04,False,True
U01841,user01841,user1841@smartcart.ai,pbkdf2:sha256:600000$saltXYZ$hashedvalue,Rohit Verma 1841,62,Male,Pune,Telangana,"Electronics,Health,Books",2025-11-22,False,True
U01842,user01842,user1842@smartcart.ai,pbkdf2:sha256:600000$saltXYZ$hashedvalue,Amit Patel 1842,46,Other,Ahmedabad,Tamil Nadu,Toys,2024-09-14,False,True
U01843,user01843,user1843@smartcart.ai,pbkdf2:sha256:600000$saltXYZ$hashedvalue,Pooja Pillai 1843,49,Female,Pune,UP,"Sports,Electronics",2026-03-20,False,True
U01844,user01844,user1844@smartcart.ai,pbkdf2:sha256:600000$saltXYZ$hashedvalue,Rahul Sharma 1844,30,Female,Mumbai,Punjab,"Automotive,Health,Sports",2024-08-01,False,True
U01845,user01845,user1845@smartcart.ai,pbkdf2:sha256:600000$saltXYZ$hashedvalue,Pooja Pillai 1845,59,Female,Lucknow,Gujarat,"Fashion,Grocery",2023-06-02,False,True
U01846,user01846,user1846@smartcart.ai,pbkdf2:sha256:600000$saltXYZ$hashedvalue,Deepika Nair 1846,53,Female,Chennai,Tamil Nadu,"Toys,Automotive,Home & Kitchen",2025-01-09,False,True
U01847,user01847,user1847@smartcart.ai,pbkdf2:sha256:600000$saltXYZ$hashedvalue,Priya Singh 1847,60,Other,Ahmedabad,Rajasthan,"Toys,Books,Beauty,Fashion",2025-06-18,False,True
U01848,user01848,user1848@smartcart.ai,pbkdf2:sha256:600000$saltXYZ$hashedvalue,Priya Singh 1848,38,Other,Lucknow,Delhi,"Electronics,Home & Kitchen",2023-08-17,False,True
U01849,user01849,user1849@smartcart.ai,pbkdf2:sha256:600000$saltXYZ$hashedvalue,Karan Mehta 1849,43,Female,Surat,Punjab,"Health,Beauty,Toys",2025-06-17,False,True
U01850,user01850,user1850@smartcart.ai,pbkdf2:sha256:600000$saltXYZ$hashedvalue,Ananya Joshi 1850,22,Female,Chennai,Telangana,"Automotive,Toys",2023-12-20,False,True
U01851,user01851,user1851@smartcart.ai,pbkdf2:sha256:600000$saltXYZ$hashedvalue,Pooja Pillai 1851,27,Other,Chandigarh,Delhi,Home & Kitchen,2024-07-20,False,True
U01852,user01852,user1852@smartcart.ai,pbkdf2:sha256:600000$saltXYZ$hashedvalue,Amit Patel 1852,57,Male,Pune,Rajasthan,"Books,Toys",2026-03-26,False,True
U01853,user01853,user1853@smartcart.ai,pbkdf2:sha256:600000$saltXYZ$hashedvalue,Ananya Joshi 1853,32,Female,Lucknow,Punjab,"Grocery,Electronics,Sports",2024-12-10,False,False
U01854,user01854,user1854@smartcart.ai,pbkdf2:sha256:600000$saltXYZ$hashedvalue,Amit Patel 1854,58,Male,Jaipur,Rajasthan,"Beauty,Fashion,Sports",2023-05-24,False,True
U01855,user01855,user1855@smartcart.ai,pbkdf2:sha256:600000$saltXYZ$hashedvalue,Priya Singh 1855,36,Female,Chandigarh,Punjab,"Home & Kitchen,Fashion",2023-12-09,False,True
U01856,user01856,user1856@smartcart.ai,pbkdf2:sha256:600000$saltXYZ$hashedvalue,Rahul Sharma 1856,58,Male,Surat,Maharashtra,Electronics,2025-02-12,False,True
U01857,user01857,user1857@smartcart.ai,pbkdf2:sha256:600000$saltXYZ$hashedvalue,Sneha Gupta 1857,63,Male,Jaipur,Gujarat,Fashion,2024-10-13,False,True
U01858,user01858,user1858@smartcart.ai,pbkdf2:sha256:600000$saltXYZ$hashedvalue,Amit Patel 1858,41,Other,Chennai,West Bengal,"Health,Grocery",2024-09-26,False,True
U01859,user01859,user1859@smartcart.ai,pbkdf2:sha256:600000$saltXYZ$hashedvalue,Pooja Pillai 1859,41,Other,Kolkata,Karnataka,"Grocery,Beauty",2024-04-17,False,True
U01860,user01860,user1860@smartcart.ai,pbkdf2:sha256:600000$saltXYZ$hashedvalue,Amit Patel 1860,28,Male,Hyderabad,Tamil Nadu,"Books,Toys,Sports",2025-01-22,False,False
U01861,user01861,user1861@smartcart.ai,pbkdf2:sha256:600000$saltXYZ$hashedvalue,Amit Patel 1861,36,Male,Surat,Maharashtra,"Electronics,Beauty",2025-07-05,False,True
U01862,user01862,user1862@smartcart.ai,pbkdf2:sha256:600000$saltXYZ$hashedvalue,Deepika Nair 1862,32,Female,Ahmedabad,Punjab,Automotive,2026-02-26,False,True
U01863,user01863,user1863@smartcart.ai,pbkdf2:sha256:600000$saltXYZ$hashedvalue,Amit Patel 1863,36,Other,Jaipur,Telangana,"Grocery,Electronics",2023-09-27,False,True
U01864,user01864,user1864@smartcart.ai,pbkdf2:sha256:600000$saltXYZ$hashedvalue,Deepika Nair 1864,35,Female,Bangalore,Maharashtra,"Sports,Health,Automotive",2026-02-17,False,True
U01865,user01865,user1865@smartcart.ai,pbkdf2:sha256:600000$saltXYZ$hashedvalue,Deepika Nair 1865,23,Male,Chandigarh,Tamil Nadu,"Health,Beauty,Grocery,Toys",2025-11-06,False,True
U01866,user01866,user1866@smartcart.ai,pbkdf2:sha256:600000$saltXYZ$hashedvalue,Amit Patel 1866,52,Male,Delhi,Gujarat,"Beauty,Books",2024-11-01,False,True
U01867,user01867,user1867@smartcart.ai,pbkdf2:sha256:600000$saltXYZ$hashedvalue,Ananya Joshi 1867,51,Male,Delhi,UP,"Beauty,Grocery,Home & Kitchen,Books",2026-01-13,False,True
U01868,user01868,user1868@smartcart.ai,pbkdf2:sha256:600000$saltXYZ$hashedvalue,Rahul Sharma 1868,42,Female,Chennai,Punjab,"Health,Beauty,Fashion",2025-07-28,False,True
U01869,user01869,user1869@smartcart.ai,pbkdf2:sha256:600000$saltXYZ$hashedvalue,Karan Mehta 1869,45,Other,Bangalore,Tamil Nadu,"Sports,Electronics,Health,Automotive",2024-01-22,False,True
U01870,user01870,user1870@smartcart.ai,pbkdf2:sha256:600000$saltXYZ$hashedvalue,Vijay Kumar 1870,38,Female,Pune,Gujarat,Beauty,2023-04-30,False,True
U01871,user01871,user1871@smartcart.ai,pbkdf2:sha256:600000$saltXYZ$hashedvalue,Deepika Nair 1871,19,Other,Lucknow,Maharashtra,"Health,Books,Beauty,Electronics",2023-09-24,False,True
U01872,user01872,user1872@smartcart.ai,pbkdf2:sha256:600000$saltXYZ$hashedvalue,Priya Singh 1872,29,Female,Jaipur,Tamil Nadu,Automotive,2025-04-06,False,True
U01873,user01873,user1873@smartcart.ai,pbkdf2:sha256:600000$saltXYZ$hashedvalue,Sneha Gupta 1873,61,Other,Surat,Rajasthan,Home & Kitchen,2023-05-01,False,True
U01874,user01874,user1874@smartcart.ai,pbkdf2:sha256:600000$saltXYZ$hashedvalue,Ananya Joshi 1874,31,Male,Jaipur,Rajasthan,"Grocery,Health,Beauty",2025-11-27,False,True
U01875,user01875,user1875@smartcart.ai,pbkdf2:sha256:600000$saltXYZ$hashedvalue,Ananya Joshi 1875,36,Female,Chennai,West Bengal,"Sports,Automotive",2024-10-15,False,True
U01876,user01876,user1876@smartcart.ai,pbkdf2:sha256:600000$saltXYZ$hashedvalue,Rohit Verma 1876,60,Male,Ahmedabad,Karnataka,"Fashion,Grocery",2024-05-14,False,False
U01877,user01877,user1877@smartcart.ai,pbkdf2:sha256:600000$saltXYZ$hashedvalue,Rahul Sharma 1877,60,Male,Lucknow,Karnataka,Health,2024-08-16,False,True
U01878,user01878,user1878@smartcart.ai,pbkdf2:sha256:600000$saltXYZ$hashedvalue,Sneha Gupta 1878,61,Other,Hyderabad,Karnataka,Beauty,2025-12-10,False,True
U01879,user01879,user1879@smartcart.ai,pbkdf2:sha256:600000$saltXYZ$hashedvalue,Deepika Nair 1879,51,Female,Bangalore,UP,"Grocery,Books",2025-12-20,False,True
U01880,user01880,user1880@smartcart.ai,pbkdf2:sha256:600000$saltXYZ$hashedvalue,Ananya Joshi 1880,39,Male,Chennai,Gujarat,"Books,Fashion",2024-07-13,False,True
U01881,user01881,user1881@smartcart.ai,pbkdf2:sha256:600000$saltXYZ$hashedvalue,Rahul Sharma 1881,29,Other,Jaipur,Telangana,Beauty,2026-04-12,False,True
U01882,user01882,user1882@smartcart.ai,pbkdf2:sha256:600000$saltXYZ$hashedvalue,Amit Patel 1882,44,Male,Delhi,Tamil Nadu,"Grocery,Books",2025-07-04,False,False
U01883,user01883,user1883@smartcart.ai,pbkdf2:sha256:600000$saltXYZ$hashedvalue,Karan Mehta 1883,19,Male,Hyderabad,Maharashtra,"Books,Electronics,Sports",2024-11-19,False,True
U01884,user01884,user1884@smartcart.ai,pbkdf2:sha256:600000$saltXYZ$hashedvalue,Deepika Nair 1884,42,Other,Bangalore,Tamil Nadu,"Books,Home & Kitchen",2024-02-19,False,True
U01885,user01885,user1885@smartcart.ai,pbkdf2:sha256:600000$saltXYZ$hashedvalue,Rahul Sharma 1885,56,Male,Ahmedabad,Tamil Nadu,Electronics,2023-05-10,False,True
U01886,user01886,user1886@smartcart.ai,pbkdf2:sha256:600000$saltXYZ$hashedvalue,Vijay Kumar 1886,41,Male,Bangalore,Rajasthan,"Automotive,Home & Kitchen,Grocery",2024-09-04,False,True
U01887,user01887,user1887@smartcart.ai,pbkdf2:sha256:600000$saltXYZ$hashedvalue,Priya Singh 1887,41,Female,Lucknow,Tamil Nadu,"Sports,Fashion,Electronics,Automotive",2026-04-07,False,True
U01888,user01888,user1888@smartcart.ai,pbkdf2:sha256:600000$saltXYZ$hashedvalue,Priya Singh 1888,60,Male,Pune,Punjab,"Home & Kitchen,Grocery",2025-12-09,False,True
U01889,user01889,user1889@smartcart.ai,pbkdf2:sha256:600000$saltXYZ$hashedvalue,Ananya Joshi 1889,49,Other,Kolkata,Punjab,"Books,Beauty,Sports,Automotive",2026-04-08,False,True
U01890,user01890,user1890@smartcart.ai,pbkdf2:sha256:600000$saltXYZ$hashedvalue,Amit Patel 1890,36,Male,Jaipur,Punjab,"Home & Kitchen,Books,Electronics,Fashion",2023-09-30,False,True
U01891,user01891,user1891@smartcart.ai,pbkdf2:sha256:600000$saltXYZ$hashedvalue,Priya Singh 1891,63,Female,Chennai,Delhi,Electronics,2023-06-17,False,True
U01892,user01892,user1892@smartcart.ai,pbkdf2:sha256:600000$saltXYZ$hashedvalue,Amit Patel 1892,35,Female,Mumbai,Karnataka,"Health,Fashion,Home & Kitchen",2023-05-28,False,True
U01893,user01893,user1893@smartcart.ai,pbkdf2:sha256:600000$saltXYZ$hashedvalue,Sneha Gupta 1893,51,Female,Hyderabad,Rajasthan,Sports,2024-12-03,False,True
U01894,user01894,user1894@smartcart.ai,pbkdf2:sha256:600000$saltXYZ$hashedvalue,Rohit Verma 1894,50,Female,Kolkata,Delhi,"Health,Grocery,Fashion,Beauty",2025-04-27,False,True
U01895,user01895,user1895@smartcart.ai,pbkdf2:sha256:600000$saltXYZ$hashedvalue,Vijay Kumar 1895,32,Male,Jaipur,Karnataka,"Sports,Beauty,Home & Kitchen",2024-01-24,False,True
U01896,user01896,user1896@smartcart.ai,pbkdf2:sha256:600000$saltXYZ$hashedvalue,Priya Singh 1896,39,Other,Jaipur,Karnataka,"Fashion,Health,Beauty,Electronics",2025-04-07,False,True
U01897,user01897,user1897@smartcart.ai,pbkdf2:sha256:600000$saltXYZ$hashedvalue,Deepika Nair 1897,21,Other,Chennai,Maharashtra,"Sports,Health,Beauty",2024-09-15,False,False
U01898,user01898,user1898@smartcart.ai,pbkdf2:sha256:600000$saltXYZ$hashedvalue,Vijay Kumar 1898,41,Male,Bangalore,Rajasthan,Sports,2024-09-23,False,True
U01899,user01899,user1899@smartcart.ai,pbkdf2:sha256:600000$saltXYZ$hashedvalue,Amit Patel 1899,29,Male,Chennai,Telangana,Sports,2026-04-22,False,True
U01900,user01900,user1900@smartcart.ai,pbkdf2:sha256:600000$saltXYZ$hashedvalue,Sneha Gupta 1900,37,Other,Surat,Gujarat,"Home & Kitchen,Health,Sports,Automotive",2024-03-02,False,True
U01901,user01901,user1901@smartcart.ai,pbkdf2:sha256:600000$saltXYZ$hashedvalue,Deepika Nair 1901,50,Other,Chandigarh,Delhi,Beauty,2024-09-19,False,True
U01902,user01902,user1902@smartcart.ai,pbkdf2:sha256:600000$saltXYZ$hashedvalue,Vijay Kumar 1902,46,Other,Surat,Telangana,"Health,Home & Kitchen",2023-07-03,False,True
U01903,user01903,user1903@smartcart.ai,pbkdf2:sha256:600000$saltXYZ$hashedvalue,Pooja Pillai 1903,26,Other,Pune,Tamil Nadu,"Electronics,Books,Grocery,Home & Kitchen",2026-03-28,False,True
U01904,user01904,user1904@smartcart.ai,pbkdf2:sha256:600000$saltXYZ$hashedvalue,Deepika Nair 1904,48,Other,Bangalore,Gujarat,Automotive,2023-07-01,False,True
U01905,user01905,user1905@smartcart.ai,pbkdf2:sha256:600000$saltXYZ$hashedvalue,Rahul Sharma 1905,54,Male,Delhi,Gujarat,"Home & Kitchen,Toys,Books,Beauty",2023-08-22,False,True
U01906,user01906,user1906@smartcart.ai,pbkdf2:sha256:600000$saltXYZ$hashedvalue,Pooja Pillai 1906,29,Other,Mumbai,Maharashtra,Electronics,2025-10-17,False,True
U01907,user01907,user1907@smartcart.ai,pbkdf2:sha256:600000$saltXYZ$hashedvalue,Vijay Kumar 1907,19,Other,Chennai,UP,"Fashion,Books,Sports",2025-05-25,False,True
U01908,user01908,user1908@smartcart.ai,pbkdf2:sha256:600000$saltXYZ$hashedvalue,Vijay Kumar 1908,56,Male,Lucknow,Punjab,"Sports,Toys,Health",2025-02-24,False,True
U01909,user01909,user1909@smartcart.ai,pbkdf2:sha256:600000$saltXYZ$hashedvalue,Pooja Pillai 1909,35,Female,Surat,Punjab,"Automotive,Electronics,Sports,Grocery",2025-12-01,False,True
U01910,user01910,user1910@smartcart.ai,pbkdf2:sha256:600000$saltXYZ$hashedvalue,Pooja Pillai 1910,21,Female,Kolkata,Rajasthan,"Toys,Books,Health",2024-11-12,False,True
U01911,user01911,user1911@smartcart.ai,pbkdf2:sha256:600000$saltXYZ$hashedvalue,Pooja Pillai 1911,57,Other,Kolkata,UP,"Beauty,Health,Sports",2025-01-20,False,True
U01912,user01912,user1912@smartcart.ai,pbkdf2:sha256:600000$saltXYZ$hashedvalue,Deepika Nair 1912,25,Male,Ahmedabad,Gujarat,Fashion,2023-08-19,False,True
U01913,user01913,user1913@smartcart.ai,pbkdf2:sha256:600000$saltXYZ$hashedvalue,Priya Singh 1913,50,Male,Chandigarh,Karnataka,"Sports,Health",2023-12-22,False,True
U01914,user01914,user1914@smartcart.ai,pbkdf2:sha256:600000$saltXYZ$hashedvalue,Rohit Verma 1914,54,Male,Bangalore,Tamil Nadu,"Fashion,Grocery,Home & Kitchen,Books",2024-01-31,False,True
U01915,user01915,user1915@smartcart.ai,pbkdf2:sha256:600000$saltXYZ$hashedvalue,Deepika Nair 1915,43,Female,Jaipur,Telangana,Home & Kitchen,2024-11-28,False,True
U01916,user01916,user1916@smartcart.ai,pbkdf2:sha256:600000$saltXYZ$hashedvalue,Ananya Joshi 1916,42,Male,Delhi,Punjab,"Books,Sports",2023-04-25,False,True
U01917,user01917,user1917@smartcart.ai,pbkdf2:sha256:600000$saltXYZ$hashedvalue,Sneha Gupta 1917,46,Male,Lucknow,Maharashtra,"Sports,Toys,Health",2025-10-10,False,True
U01918,user01918,user1918@smartcart.ai,pbkdf2:sha256:600000$saltXYZ$hashedvalue,Rohit Verma 1918,60,Other,Mumbai,West Bengal,Beauty,2024-02-29,False,True
U01919,user01919,user1919@smartcart.ai,pbkdf2:sha256:600000$saltXYZ$hashedvalue,Sneha Gupta 1919,55,Other,Bangalore,Delhi,Health,2025-04-12,False,True
U01920,user01920,user1920@smartcart.ai,pbkdf2:sha256:600000$saltXYZ$hashedvalue,Sneha Gupta 1920,21,Other,Delhi,Punjab,Toys,2023-07-27,False,True
U01921,user01921,user1921@smartcart.ai,pbkdf2:sha256:600000$saltXYZ$hashedvalue,Vijay Kumar 1921,42,Other,Chandigarh,Maharashtra,"Health,Electronics",2023-08-24,False,True
U01922,user01922,user1922@smartcart.ai,pbkdf2:sha256:600000$saltXYZ$hashedvalue,Ananya Joshi 1922,44,Male,Delhi,Tamil Nadu,Sports,2025-12-24,False,True
U01923,user01923,user1923@smartcart.ai,pbkdf2:sha256:600000$saltXYZ$hashedvalue,Karan Mehta 1923,49,Female,Surat,Delhi,"Sports,Beauty,Automotive,Home & Kitchen",2023-12-31,False,True
U01924,user01924,user1924@smartcart.ai,pbkdf2:sha256:600000$saltXYZ$hashedvalue,Ananya Joshi 1924,56,Female,Ahmedabad,UP,"Home & Kitchen,Beauty,Toys,Books",2024-03-10,False,True
U01925,user01925,user1925@smartcart.ai,pbkdf2:sha256:600000$saltXYZ$hashedvalue,Rahul Sharma 1925,34,Other,Surat,UP,"Fashion,Automotive,Electronics,Health",2025-06-20,False,True
U01926,user01926,user1926@smartcart.ai,pbkdf2:sha256:600000$saltXYZ$hashedvalue,Ananya Joshi 1926,31,Other,Mumbai,UP,"Health,Electronics,Beauty",2023-06-23,False,True
U01927,user01927,user1927@smartcart.ai,pbkdf2:sha256:600000$saltXYZ$hashedvalue,Deepika Nair 1927,54,Female,Delhi,Telangana,Electronics,2023-06-02,False,True
U01928,user01928,user1928@smartcart.ai,pbkdf2:sha256:600000$saltXYZ$hashedvalue,Amit Patel 1928,64,Other,Hyderabad,West Bengal,"Toys,Sports,Health,Electronics",2025-11-01,False,True
U01929,user01929,user1929@smartcart.ai,pbkdf2:sha256:600000$saltXYZ$hashedvalue,Pooja Pillai 1929,51,Other,Chennai,Tamil Nadu,"Toys,Fashion",2024-01-09,False,True
U01930,user01930,user1930@smartcart.ai,pbkdf2:sha256:600000$saltXYZ$hashedvalue,Pooja Pillai 1930,21,Male,Ahmedabad,Delhi,Grocery,2023-10-29,False,True
U01931,user01931,user1931@smartcart.ai,pbkdf2:sha256:600000$saltXYZ$hashedvalue,Rohit Verma 1931,19,Male,Chandigarh,Delhi,"Sports,Home & Kitchen",2026-02-13,False,True
U01932,user01932,user1932@smartcart.ai,pbkdf2:sha256:600000$saltXYZ$hashedvalue,Rohit Verma 1932,18,Female,Surat,Rajasthan,Books,2025-10-20,False,True
U01933,user01933,user1933@smartcart.ai,pbkdf2:sha256:600000$saltXYZ$hashedvalue,Priya Singh 1933,23,Female,Kolkata,Punjab,"Fashion,Health",2026-02-14,False,True
U01934,user01934,user1934@smartcart.ai,pbkdf2:sha256:600000$saltXYZ$hashedvalue,Rahul Sharma 1934,19,Male,Kolkata,Gujarat,"Beauty,Grocery",2026-02-18,False,True
U01935,user01935,user1935@smartcart.ai,pbkdf2:sha256:600000$saltXYZ$hashedvalue,Deepika Nair 1935,45,Other,Chennai,Delhi,"Toys,Fashion,Books,Sports",2024-02-09,False,True
U01936,user01936,user1936@smartcart.ai,pbkdf2:sha256:600000$saltXYZ$hashedvalue,Pooja Pillai 1936,21,Other,Kolkata,Maharashtra,Grocery,2024-08-10,False,True
U01937,user01937,user1937@smartcart.ai,pbkdf2:sha256:600000$saltXYZ$hashedvalue,Rahul Sharma 1937,64,Female,Bangalore,Punjab,Sports,2024-07-02,False,True
U01938,user01938,user1938@smartcart.ai,pbkdf2:sha256:600000$saltXYZ$hashedvalue,Ananya Joshi 1938,55,Female,Bangalore,Rajasthan,"Sports,Electronics,Grocery",2026-01-22,False,True
U01939,user01939,user1939@smartcart.ai,pbkdf2:sha256:600000$saltXYZ$hashedvalue,Rohit Verma 1939,50,Female,Jaipur,Maharashtra,Sports,2026-01-05,False,True
U01940,user01940,user1940@smartcart.ai,pbkdf2:sha256:600000$saltXYZ$hashedvalue,Pooja Pillai 1940,55,Male,Bangalore,Rajasthan,Books,2023-09-13,False,True
U01941,user01941,user1941@smartcart.ai,pbkdf2:sha256:600000$saltXYZ$hashedvalue,Ananya Joshi 1941,21,Female,Jaipur,Maharashtra,Fashion,2024-06-12,False,True
U01942,user01942,user1942@smartcart.ai,pbkdf2:sha256:600000$saltXYZ$hashedvalue,Ananya Joshi 1942,39,Other,Delhi,Telangana,Books,2024-11-17,False,True
U01943,user01943,user1943@smartcart.ai,pbkdf2:sha256:600000$saltXYZ$hashedvalue,Pooja Pillai 1943,36,Female,Ahmedabad,UP,"Toys,Books,Grocery",2023-08-15,False,True
U01944,user01944,user1944@smartcart.ai,pbkdf2:sha256:600000$saltXYZ$hashedvalue,Amit Patel 1944,26,Female,Hyderabad,Rajasthan,Grocery,2023-10-09,False,True
U01945,user01945,user1945@smartcart.ai,pbkdf2:sha256:600000$saltXYZ$hashedvalue,Rahul Sharma 1945,36,Other,Chennai,Delhi,"Books,Fashion,Automotive",2024-11-20,False,True
U01946,user01946,user1946@smartcart.ai,pbkdf2:sha256:600000$saltXYZ$hashedvalue,Sneha Gupta 1946,33,Male,Ahmedabad,Tamil Nadu,"Toys,Sports",2025-08-08,False,True
U01947,user01947,user1947@smartcart.ai,pbkdf2:sha256:600000$saltXYZ$hashedvalue,Rohit Verma 1947,38,Female,Delhi,Rajasthan,"Electronics,Toys",2025-03-26,False,True
U01948,user01948,user1948@smartcart.ai,pbkdf2:sha256:600000$saltXYZ$hashedvalue,Deepika Nair 1948,49,Male,Delhi,West Bengal,Health,2025-03-16,False,True
U01949,user01949,user1949@smartcart.ai,pbkdf2:sha256:600000$saltXYZ$hashedvalue,Amit Patel 1949,52,Male,Lucknow,Tamil Nadu,"Electronics,Books,Automotive",2023-12-06,False,True
U01950,user01950,user1950@smartcart.ai,pbkdf2:sha256:600000$saltXYZ$hashedvalue,Ananya Joshi 1950,60,Male,Delhi,Gujarat,Automotive,2023-09-26,False,True
U01951,user01951,user1951@smartcart.ai,pbkdf2:sha256:600000$saltXYZ$hashedvalue,Deepika Nair 1951,47,Female,Lucknow,Gujarat,"Sports,Toys,Home & Kitchen",2026-04-10,False,True
U01952,user01952,user1952@smartcart.ai,pbkdf2:sha256:600000$saltXYZ$hashedvalue,Pooja Pillai 1952,20,Male,Mumbai,Maharashtra,"Automotive,Beauty,Electronics",2025-10-26,False,True
U01953,user01953,user1953@smartcart.ai,pbkdf2:sha256:600000$saltXYZ$hashedvalue,Ananya Joshi 1953,60,Male,Bangalore,Karnataka,"Toys,Electronics,Books,Home & Kitchen",2024-10-18,False,True
U01954,user01954,user1954@smartcart.ai,pbkdf2:sha256:600000$saltXYZ$hashedvalue,Rohit Verma 1954,64,Other,Mumbai,Maharashtra,"Grocery,Home & Kitchen,Sports",2024-03-27,False,True
U01955,user01955,user1955@smartcart.ai,pbkdf2:sha256:600000$saltXYZ$hashedvalue,Amit Patel 1955,58,Female,Ahmedabad,Gujarat,"Automotive,Electronics",2023-10-25,False,True
U01956,user01956,user1956@smartcart.ai,pbkdf2:sha256:600000$saltXYZ$hashedvalue,Amit Patel 1956,21,Male,Surat,Maharashtra,Beauty,2024-09-25,False,True
U01957,user01957,user1957@smartcart.ai,pbkdf2:sha256:600000$saltXYZ$hashedvalue,Rohit Verma 1957,20,Female,Surat,Gujarat,"Home & Kitchen,Beauty,Automotive",2025-02-22,False,True
U01958,user01958,user1958@smartcart.ai,pbkdf2:sha256:600000$saltXYZ$hashedvalue,Karan Mehta 1958,23,Male,Kolkata,West Bengal,"Grocery,Automotive,Electronics",2024-07-28,False,False
U01959,user01959,user1959@smartcart.ai,pbkdf2:sha256:600000$saltXYZ$hashedvalue,Deepika Nair 1959,29,Female,Lucknow,Rajasthan,"Sports,Fashion,Toys,Beauty",2024-10-25,False,True
U01960,user01960,user1960@smartcart.ai,pbkdf2:sha256:600000$saltXYZ$hashedvalue,Deepika Nair 1960,38,Female,Chennai,Punjab,"Home & Kitchen,Toys,Automotive",2025-12-06,False,False
U01961,user01961,user1961@smartcart.ai,pbkdf2:sha256:600000$saltXYZ$hashedvalue,Pooja Pillai 1961,56,Female,Jaipur,Tamil Nadu,"Electronics,Beauty",2024-12-24,False,True
U01962,user01962,user1962@smartcart.ai,pbkdf2:sha256:600000$saltXYZ$hashedvalue,Priya Singh 1962,60,Other,Surat,Tamil Nadu,"Fashion,Grocery,Beauty,Sports",2025-06-11,False,True
U01963,user01963,user1963@smartcart.ai,pbkdf2:sha256:600000$saltXYZ$hashedvalue,Deepika Nair 1963,22,Other,Delhi,Telangana,"Health,Books,Sports,Home & Kitchen",2025-06-05,False,True
U01964,user01964,user1964@smartcart.ai,pbkdf2:sha256:600000$saltXYZ$hashedvalue,Sneha Gupta 1964,43,Other,Kolkata,Rajasthan,"Home & Kitchen,Books,Health",2024-12-15,False,True
U01965,user01965,user1965@smartcart.ai,pbkdf2:sha256:600000$saltXYZ$hashedvalue,Deepika Nair 1965,65,Other,Surat,UP,Sports,2025-11-14,False,True
U01966,user01966,user1966@smartcart.ai,pbkdf2:sha256:600000$saltXYZ$hashedvalue,Vijay Kumar 1966,36,Female,Kolkata,Telangana,"Beauty,Books,Grocery",2026-03-03,False,True
U01967,user01967,user1967@smartcart.ai,pbkdf2:sha256:600000$saltXYZ$hashedvalue,Ananya Joshi 1967,28,Male,Delhi,West Bengal,"Electronics,Books,Home & Kitchen",2026-03-14,False,True
U01968,user01968,user1968@smartcart.ai,pbkdf2:sha256:600000$saltXYZ$hashedvalue,Ananya Joshi 1968,42,Female,Mumbai,Karnataka,"Books,Grocery,Toys,Automotive",2025-11-13,False,True
U01969,user01969,user1969@smartcart.ai,pbkdf2:sha256:600000$saltXYZ$hashedvalue,Pooja Pillai 1969,51,Other,Delhi,Karnataka,Grocery,2026-01-22,False,True
U01970,user01970,user1970@smartcart.ai,pbkdf2:sha256:600000$saltXYZ$hashedvalue,Rohit Verma 1970,50,Male,Lucknow,Punjab,Toys,2023-08-02,False,True
U01971,user01971,user1971@smartcart.ai,pbkdf2:sha256:600000$saltXYZ$hashedvalue,Karan Mehta 1971,46,Male,Ahmedabad,Maharashtra,"Home & Kitchen,Fashion,Grocery,Beauty",2025-10-14,False,True
U01972,user01972,user1972@smartcart.ai,pbkdf2:sha256:600000$saltXYZ$hashedvalue,Priya Singh 1972,20,Male,Mumbai,Delhi,"Beauty,Electronics,Health",2025-10-29,False,True
U01973,user01973,user1973@smartcart.ai,pbkdf2:sha256:600000$saltXYZ$hashedvalue,Vijay Kumar 1973,56,Other,Bangalore,Karnataka,"Fashion,Sports",2025-11-02,False,True
U01974,user01974,user1974@smartcart.ai,pbkdf2:sha256:600000$saltXYZ$hashedvalue,Rohit Verma 1974,37,Other,Delhi,Rajasthan,"Fashion,Grocery",2024-10-11,False,True
U01975,user01975,user1975@smartcart.ai,pbkdf2:sha256:600000$saltXYZ$hashedvalue,Rahul Sharma 1975,60,Female,Surat,Maharashtra,"Toys,Sports,Fashion",2023-11-04,False,True
U01976,user01976,user1976@smartcart.ai,pbkdf2:sha256:600000$saltXYZ$hashedvalue,Rahul Sharma 1976,36,Female,Pune,West Bengal,"Grocery,Beauty,Fashion",2024-08-06,False,True
U01977,user01977,user1977@smartcart.ai,pbkdf2:sha256:600000$saltXYZ$hashedvalue,Amit Patel 1977,18,Male,Delhi,Karnataka,Grocery,2024-07-09,False,True
U01978,user01978,user1978@smartcart.ai,pbkdf2:sha256:600000$saltXYZ$hashedvalue,Priya Singh 1978,44,Male,Kolkata,Rajasthan,"Grocery,Fashion,Home & Kitchen,Toys",2025-05-18,False,True
U01979,user01979,user1979@smartcart.ai,pbkdf2:sha256:600000$saltXYZ$hashedvalue,Rahul Sharma 1979,64,Female,Lucknow,Maharashtra,Home & Kitchen,2023-05-23,False,True
U01980,user01980,user1980@smartcart.ai,pbkdf2:sha256:600000$saltXYZ$hashedvalue,Ananya Joshi 1980,58,Other,Bangalore,Tamil Nadu,"Books,Automotive",2024-05-29,False,True
U01981,user01981,user1981@smartcart.ai,pbkdf2:sha256:600000$saltXYZ$hashedvalue,Karan Mehta 1981,21,Male,Surat,Maharashtra,"Books,Home & Kitchen",2023-08-24,False,True
U01982,user01982,user1982@smartcart.ai,pbkdf2:sha256:600000$saltXYZ$hashedvalue,Deepika Nair 1982,42,Female,Kolkata,Telangana,Toys,2025-02-18,False,True
U01983,user01983,user1983@smartcart.ai,pbkdf2:sha256:600000$saltXYZ$hashedvalue,Sneha Gupta 1983,20,Other,Surat,Gujarat,Fashion,2024-11-07,False,True
U01984,user01984,user1984@smartcart.ai,pbkdf2:sha256:600000$saltXYZ$hashedvalue,Vijay Kumar 1984,50,Other,Mumbai,West Bengal,"Books,Toys,Fashion,Grocery",2023-12-14,False,True
U01985,user01985,user1985@smartcart.ai,pbkdf2:sha256:600000$saltXYZ$hashedvalue,Amit Patel 1985,64,Female,Chennai,Punjab,"Books,Beauty",2025-12-24,False,True
U01986,user01986,user1986@smartcart.ai,pbkdf2:sha256:600000$saltXYZ$hashedvalue,Pooja Pillai 1986,32,Female,Ahmedabad,Gujarat,"Toys,Books,Beauty,Automotive",2025-07-27,False,True
U01987,user01987,user1987@smartcart.ai,pbkdf2:sha256:600000$saltXYZ$hashedvalue,Karan Mehta 1987,21,Female,Kolkata,Delhi,"Fashion,Automotive,Home & Kitchen",2025-01-25,False,True
U01988,user01988,user1988@smartcart.ai,pbkdf2:sha256:600000$saltXYZ$hashedvalue,Priya Singh 1988,23,Other,Lucknow,UP,"Health,Home & Kitchen",2023-05-03,False,True
U01989,user01989,user1989@smartcart.ai,pbkdf2:sha256:600000$saltXYZ$hashedvalue,Vijay Kumar 1989,27,Female,Mumbai,West Bengal,"Toys,Books,Grocery,Health",2025-10-12,False,True
U01990,user01990,user1990@smartcart.ai,pbkdf2:sha256:600000$saltXYZ$hashedvalue,Priya Singh 1990,20,Male,Chennai,West Bengal,"Automotive,Electronics",2023-07-07,False,True
U01991,user01991,user1991@smartcart.ai,pbkdf2:sha256:600000$saltXYZ$hashedvalue,Rohit Verma 1991,35,Male,Surat,Gujarat,Electronics,2025-06-10,False,True
U01992,user01992,user1992@smartcart.ai,pbkdf2:sha256:600000$saltXYZ$hashedvalue,Vijay Kumar 1992,62,Female,Delhi,Punjab,Grocery,2025-01-06,False,True
U01993,user01993,user1993@smartcart.ai,pbkdf2:sha256:600000$saltXYZ$hashedvalue,Sneha Gupta 1993,22,Female,Surat,Gujarat,"Toys,Home & Kitchen,Grocery",2023-10-20,False,True
U01994,user01994,user1994@smartcart.ai,pbkdf2:sha256:600000$saltXYZ$hashedvalue,Pooja Pillai 1994,20,Other,Delhi,West Bengal,"Sports,Electronics",2024-02-23,False,True
U01995,user01995,user1995@smartcart.ai,pbkdf2:sha256:600000$saltXYZ$hashedvalue,Ananya Joshi 1995,31,Male,Kolkata,Tamil Nadu,"Electronics,Fashion",2023-12-01,False,True
U01996,user01996,user1996@smartcart.ai,pbkdf2:sha256:600000$saltXYZ$hashedvalue,Amit Patel 1996,37,Female,Chandigarh,Gujarat,"Toys,Automotive,Beauty",2026-02-12,False,True
U01997,user01997,user1997@smartcart.ai,pbkdf2:sha256:600000$saltXYZ$hashedvalue,Karan Mehta 1997,29,Other,Kolkata,Delhi,"Automotive,Fashion,Beauty",2025-07-21,False,True
U01998,user01998,user1998@smartcart.ai,pbkdf2:sha256:600000$saltXYZ$hashedvalue,Sneha Gupta 1998,51,Male,Bangalore,Karnataka,"Fashion,Grocery,Beauty",2026-01-13,False,True
U01999,user01999,user1999@smartcart.ai,pbkdf2:sha256:600000$saltXYZ$hashedvalue,Vijay Kumar 1999,29,Male,Delhi,Rajasthan,Beauty,2023-07-11,False,True
U02000,user02000,user2000@smartcart.ai,pbkdf2:sha256:600000$saltXYZ$hashedvalue,Vijay Kumar 2000,39,Female,Mumbai,Maharashtra,"Fashion,Health,Electronics,Toys",2025-07-15,False,True
U02001,user02001,user2001@smartcart.ai,pbkdf2:sha256:600000$saltXYZ$hashedvalue,Vijay Kumar 2001,19,Female,Ahmedabad,Gujarat,"Health,Electronics,Beauty,Home & Kitchen",2024-07-23,False,True
U02002,user02002,user2002@smartcart.ai,pbkdf2:sha256:600000$saltXYZ$hashedvalue,Rahul Sharma 2002,25,Female,Pune,Punjab,"Grocery,Electronics",2024-04-25,False,True
U02003,user02003,user2003@smartcart.ai,pbkdf2:sha256:600000$saltXYZ$hashedvalue,Rohit Verma 2003,53,Female,Hyderabad,Tamil Nadu,"Books,Beauty",2023-12-25,False,True
U02004,user02004,user2004@smartcart.ai,pbkdf2:sha256:600000$saltXYZ$hashedvalue,Ananya Joshi 2004,54,Female,Lucknow,West Bengal,"Grocery,Beauty,Automotive",2024-04-01,False,True
U02005,user02005,user2005@smartcart.ai,pbkdf2:sha256:600000$saltXYZ$hashedvalue,Vijay Kumar 2005,24,Male,Chandigarh,Karnataka,"Electronics,Sports,Automotive,Fashion",2024-07-19,False,True
U02006,user02006,user2006@smartcart.ai,pbkdf2:sha256:600000$saltXYZ$hashedvalue,Amit Patel 2006,33,Male,Lucknow,Rajasthan,"Fashion,Health,Beauty,Automotive",2023-07-29,False,True
U02007,user02007,user2007@smartcart.ai,pbkdf2:sha256:600000$saltXYZ$hashedvalue,Deepika Nair 2007,31,Other,Bangalore,Maharashtra,"Toys,Sports",2026-02-28,False,True
U02008,user02008,user2008@smartcart.ai,pbkdf2:sha256:600000$saltXYZ$hashedvalue,Karan Mehta 2008,40,Other,Pune,West Bengal,Books,2023-05-09,False,True
U02009,user02009,user2009@smartcart.ai,pbkdf2:sha256:600000$saltXYZ$hashedvalue,Rohit Verma 2009,62,Female,Bangalore,Maharashtra,Electronics,2026-04-11,False,True
U02010,user02010,user2010@smartcart.ai,pbkdf2:sha256:600000$saltXYZ$hashedvalue,Sneha Gupta 2010,64,Female,Delhi,Telangana,"Home & Kitchen,Books",2024-05-15,False,True
U02011,user02011,user2011@smartcart.ai,pbkdf2:sha256:600000$saltXYZ$hashedvalue,Ananya Joshi 2011,40,Other,Ahmedabad,Rajasthan,"Fashion,Sports,Home & Kitchen",2026-03-21,False,True
U02012,user02012,user2012@smartcart.ai,pbkdf2:sha256:600000$saltXYZ$hashedvalue,Sneha Gupta 2012,52,Male,Chennai,Gujarat,Automotive,2024-10-22,False,True
U02013,user02013,user2013@smartcart.ai,pbkdf2:sha256:600000$saltXYZ$hashedvalue,Pooja Pillai 2013,62,Male,Chandigarh,UP,"Beauty,Automotive,Sports,Home & Kitchen",2023-07-19,False,True
U02014,user02014,user2014@smartcart.ai,pbkdf2:sha256:600000$saltXYZ$hashedvalue,Karan Mehta 2014,55,Female,Delhi,Rajasthan,"Grocery,Toys,Beauty,Electronics",2025-09-29,False,True
U02015,user02015,user2015@smartcart.ai,pbkdf2:sha256:600000$saltXYZ$hashedvalue,Deepika Nair 2015,22,Male,Jaipur,Delhi,"Health,Automotive",2023-07-08,False,True
U02016,user02016,user2016@smartcart.ai,pbkdf2:sha256:600000$saltXYZ$hashedvalue,Pooja Pillai 2016,35,Female,Pune,Rajasthan,"Automotive,Fashion,Home & Kitchen",2024-09-10,False,True
U02017,user02017,user2017@smartcart.ai,pbkdf2:sha256:600000$saltXYZ$hashedvalue,Amit Patel 2017,28,Male,Chandigarh,Maharashtra,"Grocery,Beauty,Sports,Books",2025-08-09,False,True
U02018,user02018,user2018@smartcart.ai,pbkdf2:sha256:600000$saltXYZ$hashedvalue,Pooja Pillai 2018,31,Female,Ahmedabad,Karnataka,Beauty,2026-02-23,False,True
U02019,user02019,user2019@smartcart.ai,pbkdf2:sha256:600000$saltXYZ$hashedvalue,Amit Patel 2019,25,Female,Pune,Delhi,Electronics,2023-07-25,False,True
U02020,user02020,user2020@smartcart.ai,pbkdf2:sha256:600000$saltXYZ$hashedvalue,Sneha Gupta 2020,38,Male,Mumbai,Maharashtra,Toys,2025-03-23,False,True
U02021,user02021,user2021@smartcart.ai,pbkdf2:sha256:600000$saltXYZ$hashedvalue,Sneha Gupta 2021,53,Other,Jaipur,Gujarat,Electronics,2026-01-28,False,True
U02022,user02022,user2022@smartcart.ai,pbkdf2:sha256:600000$saltXYZ$hashedvalue,Pooja Pillai 2022,21,Male,Chennai,Delhi,"Electronics,Sports,Beauty",2025-07-12,False,True
U02023,user02023,user2023@smartcart.ai,pbkdf2:sha256:600000$saltXYZ$hashedvalue,Ananya Joshi 2023,62,Other,Kolkata,Delhi,"Sports,Fashion,Beauty,Toys",2025-08-17,False,True
U02024,user02024,user2024@smartcart.ai,pbkdf2:sha256:600000$saltXYZ$hashedvalue,Ananya Joshi 2024,36,Female,Hyderabad,UP,"Grocery,Books,Automotive",2023-07-11,False,True
U02025,user02025,user2025@smartcart.ai,pbkdf2:sha256:600000$saltXYZ$hashedvalue,Ananya Joshi 2025,19,Other,Jaipur,Gujarat,Electronics,2024-07-26,False,True
U02026,user02026,user2026@smartcart.ai,pbkdf2:sha256:600000$saltXYZ$hashedvalue,Rohit Verma 2026,31,Male,Bangalore,Karnataka,"Sports,Grocery,Automotive,Beauty",2025-06-19,False,True
U02027,user02027,user2027@smartcart.ai,pbkdf2:sha256:600000$saltXYZ$hashedvalue,Sneha Gupta 2027,32,Female,Jaipur,Karnataka,Fashion,2023-04-24,False,True
U02028,user02028,user2028@smartcart.ai,pbkdf2:sha256:600000$saltXYZ$hashedvalue,Deepika Nair 2028,45,Other,Ahmedabad,Karnataka,"Sports,Toys",2026-03-08,False,True
U02029,user02029,user2029@smartcart.ai,pbkdf2:sha256:600000$saltXYZ$hashedvalue,Priya Singh 2029,60,Other,Chennai,Maharashtra,"Sports,Grocery,Electronics",2024-08-12,False,True
U02030,user02030,user2030@smartcart.ai,pbkdf2:sha256:600000$saltXYZ$hashedvalue,Amit Patel 2030,38,Male,Kolkata,Delhi,"Grocery,Toys,Sports",2025-05-22,False,True
U02031,user02031,user2031@smartcart.ai,pbkdf2:sha256:600000$saltXYZ$hashedvalue,Rohit Verma 2031,53,Other,Chennai,Maharashtra,Beauty,2024-08-26,False,True
U02032,user02032,user2032@smartcart.ai,pbkdf2:sha256:600000$saltXYZ$hashedvalue,Vijay Kumar 2032,47,Male,Pune,Karnataka,"Books,Sports,Beauty",2025-05-15,False,True
U02033,user02033,user2033@smartcart.ai,pbkdf2:sha256:600000$saltXYZ$hashedvalue,Pooja Pillai 2033,28,Female,Jaipur,UP,"Home & Kitchen,Fashion",2025-12-12,False,True
U02034,user02034,user2034@smartcart.ai,pbkdf2:sha256:600000$saltXYZ$hashedvalue,Rohit Verma 2034,39,Male,Lucknow,Tamil Nadu,"Health,Books",2025-03-27,False,True
U02035,user02035,user2035@smartcart.ai,pbkdf2:sha256:600000$saltXYZ$hashedvalue,Sneha Gupta 2035,61,Female,Jaipur,Telangana,"Books,Grocery,Sports",2023-05-04,False,True
U02036,user02036,user2036@smartcart.ai,pbkdf2:sha256:600000$saltXYZ$hashedvalue,Vijay Kumar 2036,36,Other,Chennai,Telangana,"Health,Toys,Fashion",2024-07-26,False,True
U02037,user02037,user2037@smartcart.ai,pbkdf2:sha256:600000$saltXYZ$hashedvalue,Rahul Sharma 2037,33,Other,Ahmedabad,Tamil Nadu,Grocery,2025-06-18,False,True
U02038,user02038,user2038@smartcart.ai,pbkdf2:sha256:600000$saltXYZ$hashedvalue,Amit Patel 2038,45,Other,Jaipur,Punjab,"Beauty,Electronics,Toys",2023-08-22,False,True
U02039,user02039,user2039@smartcart.ai,pbkdf2:sha256:600000$saltXYZ$hashedvalue,Ananya Joshi 2039,62,Male,Pune,Gujarat,"Automotive,Beauty,Books,Toys",2024-10-22,False,True
U02040,user02040,user2040@smartcart.ai,pbkdf2:sha256:600000$saltXYZ$hashedvalue,Vijay Kumar 2040,42,Female,Hyderabad,West Bengal,Home & Kitchen,2025-04-06,False,True
U02041,user02041,user2041@smartcart.ai,pbkdf2:sha256:600000$saltXYZ$hashedvalue,Pooja Pillai 2041,42,Other,Bangalore,Rajasthan,"Fashion,Sports,Grocery,Books",2023-06-05,False,True
U02042,user02042,user2042@smartcart.ai,pbkdf2:sha256:600000$saltXYZ$hashedvalue,Amit Patel 2042,34,Other,Jaipur,Karnataka,"Grocery,Health,Beauty,Fashion",2025-03-19,False,True
U02043,user02043,user2043@smartcart.ai,pbkdf2:sha256:600000$saltXYZ$hashedvalue,Rahul Sharma 2043,64,Male,Chennai,Telangana,"Toys,Sports,Grocery",2025-09-02,False,True
U02044,user02044,user2044@smartcart.ai,pbkdf2:sha256:600000$saltXYZ$hashedvalue,Vijay Kumar 2044,27,Female,Lucknow,UP,"Grocery,Sports,Electronics",2025-12-22,False,True
U02045,user02045,user2045@smartcart.ai,pbkdf2:sha256:600000$saltXYZ$hashedvalue,Rahul Sharma 2045,41,Female,Delhi,UP,Automotive,2024-09-12,False,True
U02046,user02046,user2046@smartcart.ai,pbkdf2:sha256:600000$saltXYZ$hashedvalue,Rohit Verma 2046,46,Male,Lucknow,Gujarat,Grocery,2023-06-07,False,True
U02047,user02047,user2047@smartcart.ai,pbkdf2:sha256:600000$saltXYZ$hashedvalue,Rahul Sharma 2047,51,Female,Bangalore,Karnataka,"Home & Kitchen,Toys",2025-04-14,False,True
U02048,user02048,user2048@smartcart.ai,pbkdf2:sha256:600000$saltXYZ$hashedvalue,Vijay Kumar 2048,58,Male,Lucknow,Punjab,Electronics,2024-11-04,False,True
U02049,user02049,user2049@smartcart.ai,pbkdf2:sha256:600000$saltXYZ$hashedvalue,Sneha Gupta 2049,52,Other,Pune,Maharashtra,"Beauty,Electronics,Sports,Fashion",2025-12-09,False,False
U02050,user02050,user2050@smartcart.ai,pbkdf2:sha256:600000$saltXYZ$hashedvalue,Rahul Sharma 2050,35,Other,Kolkata,Punjab,"Beauty,Grocery",2025-04-18,False,True
U02051,user02051,user2051@smartcart.ai,pbkdf2:sha256:600000$saltXYZ$hashedvalue,Vijay Kumar 2051,47,Other,Lucknow,UP,"Toys,Electronics,Automotive",2024-11-01,False,True
U02052,user02052,user2052@smartcart.ai,pbkdf2:sha256:600000$saltXYZ$hashedvalue,Ananya Joshi 2052,54,Other,Delhi,Delhi,"Toys,Health",2024-01-19,False,True
U02053,user02053,user2053@smartcart.ai,pbkdf2:sha256:600000$saltXYZ$hashedvalue,Rahul Sharma 2053,55,Male,Lucknow,Tamil Nadu,"Fashion,Grocery",2025-03-31,False,True
U02054,user02054,user2054@smartcart.ai,pbkdf2:sha256:600000$saltXYZ$hashedvalue,Amit Patel 2054,31,Female,Ahmedabad,West Bengal,"Sports,Toys,Fashion,Beauty",2023-05-04,False,True
U02055,user02055,user2055@smartcart.ai,pbkdf2:sha256:600000$saltXYZ$hashedvalue,Deepika Nair 2055,26,Male,Lucknow,Telangana,"Health,Beauty,Sports,Fashion",2024-12-15,False,True
U02056,user02056,user2056@smartcart.ai,pbkdf2:sha256:600000$saltXYZ$hashedvalue,Amit Patel 2056,30,Female,Pune,UP,"Beauty,Sports,Books,Electronics",2026-03-21,False,True
U02057,user02057,user2057@smartcart.ai,pbkdf2:sha256:600000$saltXYZ$hashedvalue,Sneha Gupta 2057,42,Other,Pune,Telangana,"Fashion,Home & Kitchen,Grocery",2023-10-15,False,True
U02058,user02058,user2058@smartcart.ai,pbkdf2:sha256:600000$saltXYZ$hashedvalue,Rohit Verma 2058,32,Male,Chennai,Gujarat,"Health,Grocery,Beauty",2024-05-15,False,True
U02059,user02059,user2059@smartcart.ai,pbkdf2:sha256:600000$saltXYZ$hashedvalue,Vijay Kumar 2059,23,Male,Delhi,Tamil Nadu,"Health,Fashion",2024-11-07,False,True
U02060,user02060,user2060@smartcart.ai,pbkdf2:sha256:600000$saltXYZ$hashedvalue,Rahul Sharma 2060,31,Female,Bangalore,Karnataka,Sports,2024-02-10,False,True
U02061,user02061,user2061@smartcart.ai,pbkdf2:sha256:600000$saltXYZ$hashedvalue,Ananya Joshi 2061,45,Female,Jaipur,UP,"Books,Sports,Toys",2024-12-08,False,True
U02062,user02062,user2062@smartcart.ai,pbkdf2:sha256:600000$saltXYZ$hashedvalue,Rohit Verma 2062,57,Other,Bangalore,West Bengal,Books,2024-02-18,False,True
U02063,user02063,user2063@smartcart.ai,pbkdf2:sha256:600000$saltXYZ$hashedvalue,Sneha Gupta 2063,61,Female,Pune,Karnataka,Automotive,2024-11-23,False,True
U02064,user02064,user2064@smartcart.ai,pbkdf2:sha256:600000$saltXYZ$hashedvalue,Ananya Joshi 2064,36,Other,Mumbai,Delhi,"Home & Kitchen,Toys,Books,Grocery",2026-03-20,False,True
U02065,user02065,user2065@smartcart.ai,pbkdf2:sha256:600000$saltXYZ$hashedvalue,Deepika Nair 2065,64,Male,Chandigarh,Delhi,Books,2023-11-05,False,True
U02066,user02066,user2066@smartcart.ai,pbkdf2:sha256:600000$saltXYZ$hashedvalue,Ananya Joshi 2066,57,Female,Kolkata,Karnataka,"Books,Home & Kitchen,Sports",2024-08-07,False,True
U02067,user02067,user2067@smartcart.ai,pbkdf2:sha256:600000$saltXYZ$hashedvalue,Pooja Pillai 2067,41,Other,Kolkata,Gujarat,"Toys,Fashion,Health,Grocery",2025-10-16,False,True
U02068,user02068,user2068@smartcart.ai,pbkdf2:sha256:600000$saltXYZ$hashedvalue,Rahul Sharma 2068,31,Male,Lucknow,Rajasthan,"Fashion,Grocery",2025-07-06,False,True
U02069,user02069,user2069@smartcart.ai,pbkdf2:sha256:600000$saltXYZ$hashedvalue,Ananya Joshi 2069,42,Female,Lucknow,Delhi,Toys,2025-09-29,False,True
U02070,user02070,user2070@smartcart.ai,pbkdf2:sha256:600000$saltXYZ$hashedvalue,Rahul Sharma 2070,50,Other,Bangalore,Delhi,"Automotive,Electronics,Grocery,Health",2025-10-02,False,True
U02071,user02071,user2071@smartcart.ai,pbkdf2:sha256:600000$saltXYZ$hashedvalue,Vijay Kumar 2071,62,Other,Hyderabad,Telangana,"Sports,Toys,Fashion,Automotive",2026-03-16,False,True
U02072,user02072,user2072@smartcart.ai,pbkdf2:sha256:600000$saltXYZ$hashedvalue,Rohit Verma 2072,58,Male,Jaipur,Delhi,Home & Kitchen,2023-11-23,False,True
U02073,user02073,user2073@smartcart.ai,pbkdf2:sha256:600000$saltXYZ$hashedvalue,Karan Mehta 2073,64,Female,Surat,Punjab,"Health,Beauty",2026-03-02,False,True
U02074,user02074,user2074@smartcart.ai,pbkdf2:sha256:600000$saltXYZ$hashedvalue,Sneha Gupta 2074,54,Other,Jaipur,Karnataka,Electronics,2025-04-13,False,True
U02075,user02075,user2075@smartcart.ai,pbkdf2:sha256:600000$saltXYZ$hashedvalue,Vijay Kumar 2075,33,Male,Lucknow,Tamil Nadu,"Electronics,Sports",2023-09-08,False,True
U02076,user02076,user2076@smartcart.ai,pbkdf2:sha256:600000$saltXYZ$hashedvalue,Sneha Gupta 2076,64,Male,Hyderabad,Tamil Nadu,"Toys,Books",2024-01-12,False,True
U02077,user02077,user2077@smartcart.ai,pbkdf2:sha256:600000$saltXYZ$hashedvalue,Karan Mehta 2077,54,Male,Ahmedabad,Maharashtra,"Electronics,Sports,Home & Kitchen,Beauty",2024-05-09,False,True
U02078,user02078,user2078@smartcart.ai,pbkdf2:sha256:600000$saltXYZ$hashedvalue,Priya Singh 2078,28,Male,Hyderabad,Gujarat,Grocery,2023-12-10,False,True
U02079,user02079,user2079@smartcart.ai,pbkdf2:sha256:600000$saltXYZ$hashedvalue,Deepika Nair 2079,19,Male,Chennai,Punjab,"Sports,Beauty,Health",2026-01-19,False,True
U02080,user02080,user2080@smartcart.ai,pbkdf2:sha256:600000$saltXYZ$hashedvalue,Sneha Gupta 2080,48,Male,Lucknow,Tamil Nadu,"Home & Kitchen,Automotive,Health,Electronics",2026-03-25,False,True
U02081,user02081,user2081@smartcart.ai,pbkdf2:sha256:600000$saltXYZ$hashedvalue,Vijay Kumar 2081,27,Other,Surat,Gujarat,"Toys,Books",2025-09-02,False,True
U02082,user02082,user2082@smartcart.ai,pbkdf2:sha256:600000$saltXYZ$hashedvalue,Amit Patel 2082,26,Other,Jaipur,West Bengal,"Electronics,Sports",2023-09-05,False,True
U02083,user02083,user2083@smartcart.ai,pbkdf2:sha256:600000$saltXYZ$hashedvalue,Sneha Gupta 2083,50,Male,Delhi,Tamil Nadu,"Automotive,Sports,Toys,Home & Kitchen",2023-06-06,False,True
U02084,user02084,user2084@smartcart.ai,pbkdf2:sha256:600000$saltXYZ$hashedvalue,Vijay Kumar 2084,25,Male,Kolkata,Punjab,"Home & Kitchen,Grocery",2024-02-29,False,True
U02085,user02085,user2085@smartcart.ai,pbkdf2:sha256:600000$saltXYZ$hashedvalue,Vijay Kumar 2085,23,Other,Chandigarh,Punjab,Fashion,2025-12-24,False,True
U02086,user02086,user2086@smartcart.ai,pbkdf2:sha256:600000$saltXYZ$hashedvalue,Rohit Verma 2086,25,Other,Chennai,Gujarat,Toys,2026-03-24,False,True
U02087,user02087,user2087@smartcart.ai,pbkdf2:sha256:600000$saltXYZ$hashedvalue,Sneha Gupta 2087,64,Male,Pune,Delhi,Sports,2024-03-04,False,True
U02088,user02088,user2088@smartcart.ai,pbkdf2:sha256:600000$saltXYZ$hashedvalue,Deepika Nair 2088,50,Male,Kolkata,Delhi,"Health,Beauty,Grocery",2023-07-03,False,True
U02089,user02089,user2089@smartcart.ai,pbkdf2:sha256:600000$saltXYZ$hashedvalue,Priya Singh 2089,34,Male,Bangalore,Gujarat,"Health,Home & Kitchen,Beauty",2023-10-06,False,True
U02090,user02090,user2090@smartcart.ai,pbkdf2:sha256:600000$saltXYZ$hashedvalue,Rohit Verma 2090,32,Male,Pune,Maharashtra,"Sports,Beauty,Toys",2024-01-22,False,True
U02091,user02091,user2091@smartcart.ai,pbkdf2:sha256:600000$saltXYZ$hashedvalue,Deepika Nair 2091,33,Other,Hyderabad,Delhi,"Grocery,Electronics,Books,Automotive",2025-07-29,False,True
U02092,user02092,user2092@smartcart.ai,pbkdf2:sha256:600000$saltXYZ$hashedvalue,Deepika Nair 2092,23,Male,Kolkata,Gujarat,"Fashion,Grocery,Automotive",2025-08-14,False,True
U02093,user02093,user2093@smartcart.ai,pbkdf2:sha256:600000$saltXYZ$hashedvalue,Amit Patel 2093,40,Other,Mumbai,Delhi,Electronics,2023-10-02,False,True
U02094,user02094,user2094@smartcart.ai,pbkdf2:sha256:600000$saltXYZ$hashedvalue,Vijay Kumar 2094,41,Female,Kolkata,Gujarat,"Automotive,Sports,Beauty,Toys",2024-12-23,False,True
U02095,user02095,user2095@smartcart.ai,pbkdf2:sha256:600000$saltXYZ$hashedvalue,Priya Singh 2095,41,Other,Pune,Gujarat,"Grocery,Home & Kitchen,Fashion,Electronics",2025-09-20,False,True
U02096,user02096,user2096@smartcart.ai,pbkdf2:sha256:600000$saltXYZ$hashedvalue,Karan Mehta 2096,27,Male,Lucknow,UP,"Electronics,Automotive,Grocery",2025-10-11,False,True
U02097,user02097,user2097@smartcart.ai,pbkdf2:sha256:600000$saltXYZ$hashedvalue,Rohit Verma 2097,50,Other,Chandigarh,Telangana,"Sports,Electronics,Beauty,Home & Kitchen",2025-03-20,False,True
U02098,user02098,user2098@smartcart.ai,pbkdf2:sha256:600000$saltXYZ$hashedvalue,Rahul Sharma 2098,42,Other,Surat,Telangana,"Sports,Fashion,Grocery,Books",2025-02-22,False,True
U02099,user02099,user2099@smartcart.ai,pbkdf2:sha256:600000$saltXYZ$hashedvalue,Karan Mehta 2099,33,Male,Kolkata,Karnataka,"Sports,Books,Home & Kitchen,Toys",2025-06-27,False,True
U02100,user02100,user2100@smartcart.ai,pbkdf2:sha256:600000$saltXYZ$hashedvalue,Rahul Sharma 2100,22,Other,Chandigarh,Telangana,"Books,Toys,Sports",2024-06-02,False,True
U02101,user02101,user2101@smartcart.ai,pbkdf2:sha256:600000$saltXYZ$hashedvalue,Priya Singh 2101,26,Other,Pune,Telangana,"Toys,Sports",2024-11-25,False,True
U02102,user02102,user2102@smartcart.ai,pbkdf2:sha256:600000$saltXYZ$hashedvalue,Vijay Kumar 2102,53,Other,Surat,Delhi,"Sports,Grocery",2024-04-30,False,True
U02103,user02103,user2103@smartcart.ai,pbkdf2:sha256:600000$saltXYZ$hashedvalue,Amit Patel 2103,18,Other,Lucknow,Karnataka,"Sports,Health,Grocery,Books",2026-04-04,False,True
U02104,user02104,user2104@smartcart.ai,pbkdf2:sha256:600000$saltXYZ$hashedvalue,Rahul Sharma 2104,37,Female,Hyderabad,Gujarat,"Electronics,Home & Kitchen",2026-04-02,False,True
U02105,user02105,user2105@smartcart.ai,pbkdf2:sha256:600000$saltXYZ$hashedvalue,Ananya Joshi 2105,65,Female,Surat,Delhi,"Health,Automotive,Grocery",2025-02-01,False,True
U02106,user02106,user2106@smartcart.ai,pbkdf2:sha256:600000$saltXYZ$hashedvalue,Amit Patel 2106,56,Male,Chandigarh,UP,"Home & Kitchen,Electronics,Automotive",2026-02-06,False,True
U02107,user02107,user2107@smartcart.ai,pbkdf2:sha256:600000$saltXYZ$hashedvalue,Pooja Pillai 2107,21,Female,Lucknow,UP,"Grocery,Electronics,Sports,Fashion",2024-02-21,False,True
U02108,user02108,user2108@smartcart.ai,pbkdf2:sha256:600000$saltXYZ$hashedvalue,Deepika Nair 2108,21,Female,Kolkata,West Bengal,Toys,2024-02-05,False,True
U02109,user02109,user2109@smartcart.ai,pbkdf2:sha256:600000$saltXYZ$hashedvalue,Rahul Sharma 2109,20,Male,Lucknow,Delhi,"Sports,Home & Kitchen,Books,Grocery",2024-09-21,False,True
U02110,user02110,user2110@smartcart.ai,pbkdf2:sha256:600000$saltXYZ$hashedvalue,Ananya Joshi 2110,42,Male,Pune,Telangana,"Home & Kitchen,Toys",2024-05-03,False,True
U02111,user02111,user2111@smartcart.ai,pbkdf2:sha256:600000$saltXYZ$hashedvalue,Rahul Sharma 2111,44,Male,Mumbai,Telangana,"Fashion,Toys,Grocery",2025-05-04,False,True
U02112,user02112,user2112@smartcart.ai,pbkdf2:sha256:600000$saltXYZ$hashedvalue,Pooja Pillai 2112,37,Female,Chennai,Rajasthan,"Beauty,Toys",2025-10-02,False,False
U02113,user02113,user2113@smartcart.ai,pbkdf2:sha256:600000$saltXYZ$hashedvalue,Sneha Gupta 2113,42,Other,Delhi,UP,"Automotive,Health",2023-10-26,False,True
U02114,user02114,user2114@smartcart.ai,pbkdf2:sha256:600000$saltXYZ$hashedvalue,Rohit Verma 2114,45,Female,Lucknow,Maharashtra,"Home & Kitchen,Automotive,Beauty,Grocery",2025-07-11,False,True
U02115,user02115,user2115@smartcart.ai,pbkdf2:sha256:600000$saltXYZ$hashedvalue,Amit Patel 2115,65,Other,Ahmedabad,Rajasthan,Home & Kitchen,2025-09-07,False,False
U02116,user02116,user2116@smartcart.ai,pbkdf2:sha256:600000$saltXYZ$hashedvalue,Pooja Pillai 2116,49,Female,Chennai,UP,"Health,Toys,Grocery",2023-07-21,False,True
U02117,user02117,user2117@smartcart.ai,pbkdf2:sha256:600000$saltXYZ$hashedvalue,Sneha Gupta 2117,23,Female,Surat,UP,"Home & Kitchen,Sports",2026-02-17,False,True
U02118,user02118,user2118@smartcart.ai,pbkdf2:sha256:600000$saltXYZ$hashedvalue,Amit Patel 2118,22,Other,Delhi,Tamil Nadu,Beauty,2025-10-24,False,True
U02119,user02119,user2119@smartcart.ai,pbkdf2:sha256:600000$saltXYZ$hashedvalue,Pooja Pillai 2119,35,Female,Hyderabad,Karnataka,Electronics,2026-02-01,False,True
U02120,user02120,user2120@smartcart.ai,pbkdf2:sha256:600000$saltXYZ$hashedvalue,Karan Mehta 2120,33,Other,Chennai,Punjab,"Electronics,Fashion",2025-05-09,False,True
U02121,user02121,user2121@smartcart.ai,pbkdf2:sha256:600000$saltXYZ$hashedvalue,Deepika Nair 2121,48,Female,Mumbai,Karnataka,"Sports,Books",2025-10-22,False,True
U02122,user02122,user2122@smartcart.ai,pbkdf2:sha256:600000$saltXYZ$hashedvalue,Ananya Joshi 2122,57,Female,Pune,Delhi,Books,2024-10-13,False,True
U02123,user02123,user2123@smartcart.ai,pbkdf2:sha256:600000$saltXYZ$hashedvalue,Karan Mehta 2123,21,Other,Chandigarh,UP,Grocery,2023-09-02,False,True
U02124,user02124,user2124@smartcart.ai,pbkdf2:sha256:600000$saltXYZ$hashedvalue,Priya Singh 2124,31,Male,Chennai,Delhi,"Books,Grocery,Toys",2025-02-09,False,True
U02125,user02125,user2125@smartcart.ai,pbkdf2:sha256:600000$saltXYZ$hashedvalue,Amit Patel 2125,39,Female,Chandigarh,Tamil Nadu,"Grocery,Home & Kitchen",2024-06-15,False,True
U02126,user02126,user2126@smartcart.ai,pbkdf2:sha256:600000$saltXYZ$hashedvalue,Pooja Pillai 2126,29,Other,Kolkata,UP,"Beauty,Electronics,Books,Automotive",2024-06-28,False,True
U02127,user02127,user2127@smartcart.ai,pbkdf2:sha256:600000$saltXYZ$hashedvalue,Sneha Gupta 2127,20,Male,Chandigarh,Gujarat,"Grocery,Home & Kitchen,Electronics,Toys",2026-01-28,False,False
U02128,user02128,user2128@smartcart.ai,pbkdf2:sha256:600000$saltXYZ$hashedvalue,Deepika Nair 2128,30,Male,Ahmedabad,Karnataka,"Sports,Home & Kitchen",2026-03-03,False,True
U02129,user02129,user2129@smartcart.ai,pbkdf2:sha256:600000$saltXYZ$hashedvalue,Rahul Sharma 2129,57,Female,Lucknow,Delhi,"Sports,Grocery",2024-11-19,False,True
U02130,user02130,user2130@smartcart.ai,pbkdf2:sha256:600000$saltXYZ$hashedvalue,Amit Patel 2130,48,Female,Chandigarh,Telangana,"Toys,Beauty",2024-10-06,False,True
U02131,user02131,user2131@smartcart.ai,pbkdf2:sha256:600000$saltXYZ$hashedvalue,Karan Mehta 2131,55,Other,Surat,West Bengal,"Beauty,Electronics,Books",2023-09-10,False,True
U02132,user02132,user2132@smartcart.ai,pbkdf2:sha256:600000$saltXYZ$hashedvalue,Deepika Nair 2132,45,Other,Jaipur,Punjab,"Toys,Electronics,Home & Kitchen",2024-08-24,False,True
U02133,user02133,user2133@smartcart.ai,pbkdf2:sha256:600000$saltXYZ$hashedvalue,Rahul Sharma 2133,24,Male,Mumbai,Telangana,"Home & Kitchen,Electronics",2025-07-07,False,True
U02134,user02134,user2134@smartcart.ai,pbkdf2:sha256:600000$saltXYZ$hashedvalue,Rohit Verma 2134,41,Male,Kolkata,Rajasthan,"Sports,Books,Beauty",2025-05-31,False,True
U02135,user02135,user2135@smartcart.ai,pbkdf2:sha256:600000$saltXYZ$hashedvalue,Karan Mehta 2135,40,Male,Surat,Gujarat,"Sports,Home & Kitchen,Automotive,Beauty",2025-01-24,False,True
U02136,user02136,user2136@smartcart.ai,pbkdf2:sha256:600000$saltXYZ$hashedvalue,Priya Singh 2136,61,Female,Hyderabad,Tamil Nadu,"Fashion,Health,Toys,Beauty",2025-11-30,False,True
U02137,user02137,user2137@smartcart.ai,pbkdf2:sha256:600000$saltXYZ$hashedvalue,Vijay Kumar 2137,30,Male,Chandigarh,Punjab,"Fashion,Sports",2025-02-04,False,True
U02138,user02138,user2138@smartcart.ai,pbkdf2:sha256:600000$saltXYZ$hashedvalue,Sneha Gupta 2138,55,Other,Jaipur,Tamil Nadu,"Books,Sports,Home & Kitchen",2023-12-17,False,True
U02139,user02139,user2139@smartcart.ai,pbkdf2:sha256:600000$saltXYZ$hashedvalue,Priya Singh 2139,41,Female,Ahmedabad,Punjab,"Electronics,Health,Beauty",2024-01-07,False,True
U02140,user02140,user2140@smartcart.ai,pbkdf2:sha256:600000$saltXYZ$hashedvalue,Sneha Gupta 2140,59,Female,Delhi,Tamil Nadu,Grocery,2024-03-13,False,True
U02141,user02141,user2141@smartcart.ai,pbkdf2:sha256:600000$saltXYZ$hashedvalue,Rohit Verma 2141,37,Male,Bangalore,Tamil Nadu,"Fashion,Health,Automotive,Toys",2025-02-16,False,True
U02142,user02142,user2142@smartcart.ai,pbkdf2:sha256:600000$saltXYZ$hashedvalue,Deepika Nair 2142,54,Male,Jaipur,Maharashtra,"Fashion,Electronics,Health,Beauty",2024-04-01,False,True
U02143,user02143,user2143@smartcart.ai,pbkdf2:sha256:600000$saltXYZ$hashedvalue,Amit Patel 2143,39,Female,Hyderabad,Punjab,"Toys,Grocery,Sports,Health",2023-06-06,False,True
U02144,user02144,user2144@smartcart.ai,pbkdf2:sha256:600000$saltXYZ$hashedvalue,Vijay Kumar 2144,34,Male,Delhi,Tamil Nadu,Grocery,2026-01-09,False,True
U02145,user02145,user2145@smartcart.ai,pbkdf2:sha256:600000$saltXYZ$hashedvalue,Rohit Verma 2145,55,Female,Chennai,UP,"Sports,Beauty,Grocery,Books",2024-02-27,False,True
U02146,user02146,user2146@smartcart.ai,pbkdf2:sha256:600000$saltXYZ$hashedvalue,Sneha Gupta 2146,21,Female,Mumbai,Tamil Nadu,Beauty,2025-09-07,False,True
U02147,user02147,user2147@smartcart.ai,pbkdf2:sha256:600000$saltXYZ$hashedvalue,Rahul Sharma 2147,22,Male,Chandigarh,Karnataka,"Books,Home & Kitchen,Beauty",2025-10-02,False,True
U02148,user02148,user2148@smartcart.ai,pbkdf2:sha256:600000$saltXYZ$hashedvalue,Karan Mehta 2148,30,Other,Chennai,Delhi,"Grocery,Toys,Books,Fashion",2025-10-18,False,True
U02149,user02149,user2149@smartcart.ai,pbkdf2:sha256:600000$saltXYZ$hashedvalue,Deepika Nair 2149,65,Male,Lucknow,Telangana,"Automotive,Books,Fashion,Sports",2026-04-07,False,True
U02150,user02150,user2150@smartcart.ai,pbkdf2:sha256:600000$saltXYZ$hashedvalue,Ananya Joshi 2150,36,Female,Chandigarh,West Bengal,"Electronics,Toys",2025-04-21,False,True
U02151,user02151,user2151@smartcart.ai,pbkdf2:sha256:600000$saltXYZ$hashedvalue,Priya Singh 2151,47,Male,Lucknow,Punjab,"Home & Kitchen,Books",2026-02-05,False,True
U02152,user02152,user2152@smartcart.ai,pbkdf2:sha256:600000$saltXYZ$hashedvalue,Ananya Joshi 2152,22,Female,Ahmedabad,Punjab,"Sports,Fashion",2025-10-29,False,True
U02153,user02153,user2153@smartcart.ai,pbkdf2:sha256:600000$saltXYZ$hashedvalue,Sneha Gupta 2153,51,Other,Hyderabad,West Bengal,"Automotive,Fashion,Grocery,Home & Kitchen",2023-07-21,False,True
U02154,user02154,user2154@smartcart.ai,pbkdf2:sha256:600000$saltXYZ$hashedvalue,Priya Singh 2154,34,Female,Bangalore,Rajasthan,"Electronics,Books",2025-10-03,False,True
U02155,user02155,user2155@smartcart.ai,pbkdf2:sha256:600000$saltXYZ$hashedvalue,Vijay Kumar 2155,63,Male,Chennai,Rajasthan,Automotive,2023-05-03,False,True
U02156,user02156,user2156@smartcart.ai,pbkdf2:sha256:600000$saltXYZ$hashedvalue,Rahul Sharma 2156,65,Male,Ahmedabad,UP,"Grocery,Fashion,Health",2024-09-01,False,True
U02157,user02157,user2157@smartcart.ai,pbkdf2:sha256:600000$saltXYZ$hashedvalue,Ananya Joshi 2157,54,Other,Delhi,Telangana,"Books,Beauty,Automotive,Home & Kitchen",2025-05-30,False,True
U02158,user02158,user2158@smartcart.ai,pbkdf2:sha256:600000$saltXYZ$hashedvalue,Sneha Gupta 2158,29,Female,Hyderabad,Karnataka,"Books,Home & Kitchen,Sports",2025-07-02,False,True
U02159,user02159,user2159@smartcart.ai,pbkdf2:sha256:600000$saltXYZ$hashedvalue,Sneha Gupta 2159,26,Male,Kolkata,Punjab,Toys,2023-05-08,False,True
U02160,user02160,user2160@smartcart.ai,pbkdf2:sha256:600000$saltXYZ$hashedvalue,Rahul Sharma 2160,21,Other,Chandigarh,Rajasthan,Health,2026-03-12,False,True
U02161,user02161,user2161@smartcart.ai,pbkdf2:sha256:600000$saltXYZ$hashedvalue,Rahul Sharma 2161,24,Other,Kolkata,Karnataka,Home & Kitchen,2023-05-08,False,True
U02162,user02162,user2162@smartcart.ai,pbkdf2:sha256:600000$saltXYZ$hashedvalue,Rohit Verma 2162,40,Female,Bangalore,West Bengal,Fashion,2023-04-28,False,True
U02163,user02163,user2163@smartcart.ai,pbkdf2:sha256:600000$saltXYZ$hashedvalue,Karan Mehta 2163,57,Other,Bangalore,Gujarat,"Grocery,Home & Kitchen,Toys,Automotive",2024-08-30,False,True
U02164,user02164,user2164@smartcart.ai,pbkdf2:sha256:600000$saltXYZ$hashedvalue,Rohit Verma 2164,64,Other,Chennai,UP,"Toys,Books,Automotive",2023-08-26,False,True
U02165,user02165,user2165@smartcart.ai,pbkdf2:sha256:600000$saltXYZ$hashedvalue,Vijay Kumar 2165,37,Male,Delhi,West Bengal,"Toys,Beauty,Books",2026-02-20,False,True
U02166,user02166,user2166@smartcart.ai,pbkdf2:sha256:600000$saltXYZ$hashedvalue,Ananya Joshi 2166,29,Other,Chandigarh,Tamil Nadu,"Automotive,Sports",2024-11-10,False,True
U02167,user02167,user2167@smartcart.ai,pbkdf2:sha256:600000$saltXYZ$hashedvalue,Pooja Pillai 2167,60,Female,Chennai,Tamil Nadu,"Automotive,Fashion,Sports",2025-10-26,False,True
U02168,user02168,user2168@smartcart.ai,pbkdf2:sha256:600000$saltXYZ$hashedvalue,Deepika Nair 2168,45,Female,Pune,Maharashtra,"Automotive,Toys,Sports,Electronics",2023-10-04,False,True
U02169,user02169,user2169@smartcart.ai,pbkdf2:sha256:600000$saltXYZ$hashedvalue,Deepika Nair 2169,47,Female,Ahmedabad,Delhi,"Home & Kitchen,Health,Grocery",2025-05-25,False,True
U02170,user02170,user2170@smartcart.ai,pbkdf2:sha256:600000$saltXYZ$hashedvalue,Pooja Pillai 2170,25,Male,Surat,West Bengal,"Toys,Home & Kitchen",2025-02-28,False,True
U02171,user02171,user2171@smartcart.ai,pbkdf2:sha256:600000$saltXYZ$hashedvalue,Rohit Verma 2171,24,Male,Kolkata,Rajasthan,"Toys,Grocery,Beauty",2023-08-10,False,True
U02172,user02172,user2172@smartcart.ai,pbkdf2:sha256:600000$saltXYZ$hashedvalue,Ananya Joshi 2172,61,Female,Mumbai,Punjab,"Grocery,Electronics",2024-05-26,False,True
U02173,user02173,user2173@smartcart.ai,pbkdf2:sha256:600000$saltXYZ$hashedvalue,Priya Singh 2173,64,Female,Delhi,UP,Books,2025-07-16,False,True
U02174,user02174,user2174@smartcart.ai,pbkdf2:sha256:600000$saltXYZ$hashedvalue,Pooja Pillai 2174,61,Male,Kolkata,Punjab,Grocery,2025-12-20,False,True
U02175,user02175,user2175@smartcart.ai,pbkdf2:sha256:600000$saltXYZ$hashedvalue,Amit Patel 2175,35,Other,Bangalore,Telangana,"Health,Automotive,Sports",2023-10-28,False,True
U02176,user02176,user2176@smartcart.ai,pbkdf2:sha256:600000$saltXYZ$hashedvalue,Ananya Joshi 2176,19,Other,Kolkata,Tamil Nadu,Beauty,2024-03-02,False,True
U02177,user02177,user2177@smartcart.ai,pbkdf2:sha256:600000$saltXYZ$hashedvalue,Rohit Verma 2177,40,Other,Chennai,Karnataka,"Books,Fashion",2025-11-09,False,True
U02178,user02178,user2178@smartcart.ai,pbkdf2:sha256:600000$saltXYZ$hashedvalue,Vijay Kumar 2178,45,Female,Chandigarh,Gujarat,"Health,Automotive,Home & Kitchen,Sports",2025-07-08,False,True
U02179,user02179,user2179@smartcart.ai,pbkdf2:sha256:600000$saltXYZ$hashedvalue,Karan Mehta 2179,38,Other,Hyderabad,Karnataka,Home & Kitchen,2026-02-10,False,True
U02180,user02180,user2180@smartcart.ai,pbkdf2:sha256:600000$saltXYZ$hashedvalue,Ananya Joshi 2180,33,Male,Chennai,West Bengal,Books,2025-05-08,False,True
U02181,user02181,user2181@smartcart.ai,pbkdf2:sha256:600000$saltXYZ$hashedvalue,Vijay Kumar 2181,64,Male,Pune,Telangana,"Toys,Home & Kitchen,Grocery,Sports",2025-02-02,False,True
U02182,user02182,user2182@smartcart.ai,pbkdf2:sha256:600000$saltXYZ$hashedvalue,Karan Mehta 2182,44,Other,Bangalore,Karnataka,"Beauty,Automotive,Toys",2026-04-13,False,True
U02183,user02183,user2183@smartcart.ai,pbkdf2:sha256:600000$saltXYZ$hashedvalue,Rohit Verma 2183,38,Other,Ahmedabad,Gujarat,"Electronics,Automotive,Sports",2025-01-04,False,True
U02184,user02184,user2184@smartcart.ai,pbkdf2:sha256:600000$saltXYZ$hashedvalue,Priya Singh 2184,23,Male,Surat,Punjab,"Health,Beauty",2023-06-02,False,True
U02185,user02185,user2185@smartcart.ai,pbkdf2:sha256:600000$saltXYZ$hashedvalue,Ananya Joshi 2185,43,Female,Chandigarh,Punjab,"Home & Kitchen,Grocery",2026-02-13,False,True
U02186,user02186,user2186@smartcart.ai,pbkdf2:sha256:600000$saltXYZ$hashedvalue,Rahul Sharma 2186,65,Other,Kolkata,UP,Electronics,2024-05-15,False,True
U02187,user02187,user2187@smartcart.ai,pbkdf2:sha256:600000$saltXYZ$hashedvalue,Rahul Sharma 2187,48,Female,Ahmedabad,UP,"Grocery,Toys",2025-10-12,False,True
U02188,user02188,user2188@smartcart.ai,pbkdf2:sha256:600000$saltXYZ$hashedvalue,Rohit Verma 2188,45,Other,Bangalore,Karnataka,"Home & Kitchen,Electronics",2023-07-07,False,True
U02189,user02189,user2189@smartcart.ai,pbkdf2:sha256:600000$saltXYZ$hashedvalue,Pooja Pillai 2189,26,Female,Ahmedabad,Gujarat,"Grocery,Toys",2023-09-15,False,True
U02190,user02190,user2190@smartcart.ai,pbkdf2:sha256:600000$saltXYZ$hashedvalue,Rahul Sharma 2190,46,Female,Mumbai,UP,Grocery,2024-11-26,False,False
U02191,user02191,user2191@smartcart.ai,pbkdf2:sha256:600000$saltXYZ$hashedvalue,Karan Mehta 2191,32,Other,Pune,Rajasthan,"Sports,Beauty",2025-05-06,False,True
U02192,user02192,user2192@smartcart.ai,pbkdf2:sha256:600000$saltXYZ$hashedvalue,Priya Singh 2192,35,Male,Lucknow,Delhi,"Grocery,Electronics,Beauty,Sports",2025-12-08,False,True
U02193,user02193,user2193@smartcart.ai,pbkdf2:sha256:600000$saltXYZ$hashedvalue,Karan Mehta 2193,25,Other,Pune,UP,"Electronics,Fashion",2023-12-29,False,True
U02194,user02194,user2194@smartcart.ai,pbkdf2:sha256:600000$saltXYZ$hashedvalue,Priya Singh 2194,37,Other,Pune,Delhi,"Grocery,Home & Kitchen,Toys,Beauty",2025-07-16,False,True
U02195,user02195,user2195@smartcart.ai,pbkdf2:sha256:600000$saltXYZ$hashedvalue,Pooja Pillai 2195,42,Male,Kolkata,Tamil Nadu,"Electronics,Home & Kitchen,Books",2025-06-26,False,True
U02196,user02196,user2196@smartcart.ai,pbkdf2:sha256:600000$saltXYZ$hashedvalue,Vijay Kumar 2196,28,Male,Chennai,Rajasthan,"Automotive,Electronics,Fashion",2024-10-20,False,True
U02197,user02197,user2197@smartcart.ai,pbkdf2:sha256:600000$saltXYZ$hashedvalue,Rahul Sharma 2197,55,Male,Lucknow,Telangana,"Grocery,Automotive,Beauty",2025-02-01,False,True
U02198,user02198,user2198@smartcart.ai,pbkdf2:sha256:600000$saltXYZ$hashedvalue,Ananya Joshi 2198,60,Female,Surat,Telangana,Fashion,2024-12-31,False,True
U02199,user02199,user2199@smartcart.ai,pbkdf2:sha256:600000$saltXYZ$hashedvalue,Rohit Verma 2199,32,Female,Jaipur,Telangana,Electronics,2025-03-07,False,True
U02200,user02200,user2200@smartcart.ai,pbkdf2:sha256:600000$saltXYZ$hashedvalue,Priya Singh 2200,52,Female,Jaipur,Karnataka,Fashion,2024-04-09,False,True
U02201,user02201,user2201@smartcart.ai,pbkdf2:sha256:600000$saltXYZ$hashedvalue,Vijay Kumar 2201,40,Male,Hyderabad,Karnataka,"Home & Kitchen,Beauty,Grocery,Automotive",2026-04-22,False,True
U02202,user02202,user2202@smartcart.ai,pbkdf2:sha256:600000$saltXYZ$hashedvalue,Sneha Gupta 2202,65,Other,Hyderabad,UP,"Automotive,Home & Kitchen",2024-10-11,False,True
U02203,user02203,user2203@smartcart.ai,pbkdf2:sha256:600000$saltXYZ$hashedvalue,Karan Mehta 2203,52,Male,Delhi,Karnataka,Fashion,2025-02-14,False,True
U02204,user02204,user2204@smartcart.ai,pbkdf2:sha256:600000$saltXYZ$hashedvalue,Pooja Pillai 2204,65,Male,Delhi,Telangana,"Grocery,Health",2025-03-24,False,True
U02205,user02205,user2205@smartcart.ai,pbkdf2:sha256:600000$saltXYZ$hashedvalue,Pooja Pillai 2205,24,Male,Pune,Tamil Nadu,"Home & Kitchen,Fashion,Books",2025-04-19,False,True
U02206,user02206,user2206@smartcart.ai,pbkdf2:sha256:600000$saltXYZ$hashedvalue,Pooja Pillai 2206,47,Male,Kolkata,Gujarat,"Sports,Toys",2025-11-06,False,True
U02207,user02207,user2207@smartcart.ai,pbkdf2:sha256:600000$saltXYZ$hashedvalue,Ananya Joshi 2207,57,Male,Delhi,Maharashtra,Home & Kitchen,2025-04-15,False,True
U02208,user02208,user2208@smartcart.ai,pbkdf2:sha256:600000$saltXYZ$hashedvalue,Rohit Verma 2208,32,Other,Surat,UP,Toys,2024-05-23,False,True
U02209,user02209,user2209@smartcart.ai,pbkdf2:sha256:600000$saltXYZ$hashedvalue,Priya Singh 2209,52,Male,Chennai,Tamil Nadu,"Home & Kitchen,Sports",2024-10-08,False,True
U02210,user02210,user2210@smartcart.ai,pbkdf2:sha256:600000$saltXYZ$hashedvalue,Amit Patel 2210,63,Female,Hyderabad,Karnataka,"Health,Fashion,Sports",2024-03-02,False,True
U02211,user02211,user2211@smartcart.ai,pbkdf2:sha256:600000$saltXYZ$hashedvalue,Karan Mehta 2211,33,Female,Lucknow,Rajasthan,"Home & Kitchen,Toys,Fashion,Grocery",2025-09-09,False,True
U02212,user02212,user2212@smartcart.ai,pbkdf2:sha256:600000$saltXYZ$hashedvalue,Sneha Gupta 2212,44,Male,Lucknow,Delhi,Grocery,2024-01-03,False,True
U02213,user02213,user2213@smartcart.ai,pbkdf2:sha256:600000$saltXYZ$hashedvalue,Sneha Gupta 2213,37,Female,Ahmedabad,Gujarat,"Automotive,Grocery",2024-06-21,False,True
U02214,user02214,user2214@smartcart.ai,pbkdf2:sha256:600000$saltXYZ$hashedvalue,Amit Patel 2214,53,Female,Chennai,UP,"Grocery,Home & Kitchen",2025-01-15,False,True
U02215,user02215,user2215@smartcart.ai,pbkdf2:sha256:600000$saltXYZ$hashedvalue,Priya Singh 2215,31,Female,Kolkata,West Bengal,"Automotive,Home & Kitchen,Health",2025-05-15,False,True
U02216,user02216,user2216@smartcart.ai,pbkdf2:sha256:600000$saltXYZ$hashedvalue,Vijay Kumar 2216,27,Male,Kolkata,Telangana,"Toys,Electronics,Fashion",2025-11-11,False,True
U02217,user02217,user2217@smartcart.ai,pbkdf2:sha256:600000$saltXYZ$hashedvalue,Amit Patel 2217,33,Female,Mumbai,Karnataka,Books,2024-05-12,False,True
U02218,user02218,user2218@smartcart.ai,pbkdf2:sha256:600000$saltXYZ$hashedvalue,Vijay Kumar 2218,51,Other,Pune,Punjab,Home & Kitchen,2023-10-01,False,True
U02219,user02219,user2219@smartcart.ai,pbkdf2:sha256:600000$saltXYZ$hashedvalue,Sneha Gupta 2219,60,Female,Ahmedabad,UP,"Electronics,Automotive,Toys,Sports",2024-08-13,False,True
U02220,user02220,user2220@smartcart.ai,pbkdf2:sha256:600000$saltXYZ$hashedvalue,Karan Mehta 2220,52,Other,Mumbai,Karnataka,"Automotive,Grocery",2025-10-18,False,False
U02221,user02221,user2221@smartcart.ai,pbkdf2:sha256:600000$saltXYZ$hashedvalue,Sneha Gupta 2221,18,Male,Chandigarh,Delhi,"Beauty,Books,Automotive,Health",2024-12-10,False,True
U02222,user02222,user2222@smartcart.ai,pbkdf2:sha256:600000$saltXYZ$hashedvalue,Priya Singh 2222,29,Male,Kolkata,Punjab,Books,2023-06-10,False,True
U02223,user02223,user2223@smartcart.ai,pbkdf2:sha256:600000$saltXYZ$hashedvalue,Ananya Joshi 2223,30,Male,Mumbai,West Bengal,"Beauty,Grocery,Sports",2023-07-18,False,True
U02224,user02224,user2224@smartcart.ai,pbkdf2:sha256:600000$saltXYZ$hashedvalue,Deepika Nair 2224,18,Female,Mumbai,Maharashtra,"Automotive,Toys,Home & Kitchen,Books",2025-01-28,False,True
U02225,user02225,user2225@smartcart.ai,pbkdf2:sha256:600000$saltXYZ$hashedvalue,Amit Patel 2225,18,Other,Surat,Maharashtra,"Sports,Fashion,Books,Beauty",2024-03-16,False,True
U02226,user02226,user2226@smartcart.ai,pbkdf2:sha256:600000$saltXYZ$hashedvalue,Pooja Pillai 2226,58,Female,Pune,Telangana,Beauty,2025-03-25,False,True
U02227,user02227,user2227@smartcart.ai,pbkdf2:sha256:600000$saltXYZ$hashedvalue,Vijay Kumar 2227,20,Other,Kolkata,Gujarat,"Health,Beauty,Books",2024-01-20,False,True
U02228,user02228,user2228@smartcart.ai,pbkdf2:sha256:600000$saltXYZ$hashedvalue,Amit Patel 2228,35,Other,Chennai,Telangana,"Fashion,Automotive",2026-04-03,False,True
U02229,user02229,user2229@smartcart.ai,pbkdf2:sha256:600000$saltXYZ$hashedvalue,Sneha Gupta 2229,19,Other,Surat,Karnataka,"Toys,Health,Automotive",2024-12-18,False,True
U02230,user02230,user2230@smartcart.ai,pbkdf2:sha256:600000$saltXYZ$hashedvalue,Vijay Kumar 2230,34,Male,Jaipur,UP,Grocery,2025-02-26,False,True
U02231,user02231,user2231@smartcart.ai,pbkdf2:sha256:600000$saltXYZ$hashedvalue,Priya Singh 2231,45,Male,Surat,Rajasthan,Fashion,2023-07-01,False,True
U02232,user02232,user2232@smartcart.ai,pbkdf2:sha256:600000$saltXYZ$hashedvalue,Karan Mehta 2232,23,Other,Hyderabad,West Bengal,"Books,Home & Kitchen",2023-07-08,False,True
U02233,user02233,user2233@smartcart.ai,pbkdf2:sha256:600000$saltXYZ$hashedvalue,Rahul Sharma 2233,49,Other,Chennai,Maharashtra,Toys,2024-01-23,False,True
U02234,user02234,user2234@smartcart.ai,pbkdf2:sha256:600000$saltXYZ$hashedvalue,Sneha Gupta 2234,32,Female,Kolkata,Gujarat,"Home & Kitchen,Sports",2025-02-05,False,True
U02235,user02235,user2235@smartcart.ai,pbkdf2:sha256:600000$saltXYZ$hashedvalue,Sneha Gupta 2235,57,Other,Jaipur,Punjab,"Sports,Electronics",2025-08-20,False,True
U02236,user02236,user2236@smartcart.ai,pbkdf2:sha256:600000$saltXYZ$hashedvalue,Karan Mehta 2236,18,Other,Delhi,Telangana,"Books,Electronics,Toys",2024-05-07,False,True
U02237,user02237,user2237@smartcart.ai,pbkdf2:sha256:600000$saltXYZ$hashedvalue,Priya Singh 2237,64,Female,Pune,Tamil Nadu,Beauty,2023-07-14,False,True
U02238,user02238,user2238@smartcart.ai,pbkdf2:sha256:600000$saltXYZ$hashedvalue,Pooja Pillai 2238,53,Female,Mumbai,Maharashtra,Grocery,2025-03-06,False,True
U02239,user02239,user2239@smartcart.ai,pbkdf2:sha256:600000$saltXYZ$hashedvalue,Pooja Pillai 2239,19,Male,Ahmedabad,Telangana,Fashion,2025-06-07,False,True
U02240,user02240,user2240@smartcart.ai,pbkdf2:sha256:600000$saltXYZ$hashedvalue,Karan Mehta 2240,42,Female,Surat,Karnataka,"Beauty,Automotive,Home & Kitchen,Electronics",2023-12-28,False,True
U02241,user02241,user2241@smartcart.ai,pbkdf2:sha256:600000$saltXYZ$hashedvalue,Karan Mehta 2241,44,Male,Ahmedabad,Delhi,"Automotive,Sports,Toys,Home & Kitchen",2025-05-07,False,True
U02242,user02242,user2242@smartcart.ai,pbkdf2:sha256:600000$saltXYZ$hashedvalue,Pooja Pillai 2242,19,Female,Chennai,UP,"Automotive,Home & Kitchen,Electronics,Books",2025-11-03,False,True
U02243,user02243,user2243@smartcart.ai,pbkdf2:sha256:600000$saltXYZ$hashedvalue,Ananya Joshi 2243,43,Other,Surat,West Bengal,"Automotive,Toys,Books,Grocery",2023-11-05,False,True
U02244,user02244,user2244@smartcart.ai,pbkdf2:sha256:600000$saltXYZ$hashedvalue,Deepika Nair 2244,27,Female,Delhi,Tamil Nadu,"Sports,Health",2024-05-20,False,True
U02245,user02245,user2245@smartcart.ai,pbkdf2:sha256:600000$saltXYZ$hashedvalue,Deepika Nair 2245,44,Male,Ahmedabad,Gujarat,"Beauty,Toys,Home & Kitchen",2025-05-06,False,True
U02246,user02246,user2246@smartcart.ai,pbkdf2:sha256:600000$saltXYZ$hashedvalue,Amit Patel 2246,31,Female,Pune,Karnataka,"Grocery,Health,Beauty,Sports",2023-06-02,False,True
U02247,user02247,user2247@smartcart.ai,pbkdf2:sha256:600000$saltXYZ$hashedvalue,Karan Mehta 2247,36,Female,Surat,Delhi,"Home & Kitchen,Electronics",2025-07-21,False,True
U02248,user02248,user2248@smartcart.ai,pbkdf2:sha256:600000$saltXYZ$hashedvalue,Deepika Nair 2248,63,Other,Pune,Rajasthan,"Toys,Grocery,Health,Electronics",2025-09-02,False,True
U02249,user02249,user2249@smartcart.ai,pbkdf2:sha256:600000$saltXYZ$hashedvalue,Amit Patel 2249,58,Other,Chandigarh,Delhi,"Fashion,Automotive",2025-03-03,False,True
U02250,user02250,user2250@smartcart.ai,pbkdf2:sha256:600000$saltXYZ$hashedvalue,Karan Mehta 2250,26,Male,Kolkata,Rajasthan,"Toys,Automotive,Books,Beauty",2025-01-27,False,True
U02251,user02251,user2251@smartcart.ai,pbkdf2:sha256:600000$saltXYZ$hashedvalue,Ananya Joshi 2251,46,Other,Kolkata,Delhi,Automotive,2025-05-06,False,True
U02252,user02252,user2252@smartcart.ai,pbkdf2:sha256:600000$saltXYZ$hashedvalue,Rahul Sharma 2252,60,Female,Surat,Gujarat,Beauty,2025-01-24,False,True
U02253,user02253,user2253@smartcart.ai,pbkdf2:sha256:600000$saltXYZ$hashedvalue,Amit Patel 2253,41,Female,Chennai,Telangana,"Fashion,Toys,Beauty,Electronics",2026-01-05,False,True
U02254,user02254,user2254@smartcart.ai,pbkdf2:sha256:600000$saltXYZ$hashedvalue,Rahul Sharma 2254,29,Female,Bangalore,Maharashtra,"Beauty,Grocery,Sports",2023-10-02,False,True
U02255,user02255,user2255@smartcart.ai,pbkdf2:sha256:600000$saltXYZ$hashedvalue,Rohit Verma 2255,23,Female,Chennai,UP,Grocery,2025-06-18,False,True
U02256,user02256,user2256@smartcart.ai,pbkdf2:sha256:600000$saltXYZ$hashedvalue,Karan Mehta 2256,49,Male,Ahmedabad,West Bengal,"Beauty,Sports,Books",2024-08-11,False,True
U02257,user02257,user2257@smartcart.ai,pbkdf2:sha256:600000$saltXYZ$hashedvalue,Deepika Nair 2257,48,Male,Hyderabad,Tamil Nadu,"Beauty,Sports",2024-11-14,False,True
U02258,user02258,user2258@smartcart.ai,pbkdf2:sha256:600000$saltXYZ$hashedvalue,Vijay Kumar 2258,35,Male,Chennai,Punjab,Home & Kitchen,2023-08-01,False,True
U02259,user02259,user2259@smartcart.ai,pbkdf2:sha256:600000$saltXYZ$hashedvalue,Ananya Joshi 2259,27,Female,Lucknow,Gujarat,"Toys,Automotive",2025-06-14,False,True
U02260,user02260,user2260@smartcart.ai,pbkdf2:sha256:600000$saltXYZ$hashedvalue,Amit Patel 2260,54,Other,Surat,Gujarat,Books,2024-08-29,False,True
U02261,user02261,user2261@smartcart.ai,pbkdf2:sha256:600000$saltXYZ$hashedvalue,Rahul Sharma 2261,32,Male,Pune,Punjab,"Automotive,Home & Kitchen,Sports,Fashion",2023-08-10,False,True
U02262,user02262,user2262@smartcart.ai,pbkdf2:sha256:600000$saltXYZ$hashedvalue,Deepika Nair 2262,24,Other,Hyderabad,Punjab,"Home & Kitchen,Electronics,Health,Sports",2025-06-30,False,True
U02263,user02263,user2263@smartcart.ai,pbkdf2:sha256:600000$saltXYZ$hashedvalue,Rohit Verma 2263,33,Female,Kolkata,Punjab,"Sports,Automotive,Beauty,Electronics",2025-04-01,False,True
U02264,user02264,user2264@smartcart.ai,pbkdf2:sha256:600000$saltXYZ$hashedvalue,Rahul Sharma 2264,61,Other,Lucknow,Karnataka,"Home & Kitchen,Automotive,Toys,Electronics",2025-07-18,False,True
U02265,user02265,user2265@smartcart.ai,pbkdf2:sha256:600000$saltXYZ$hashedvalue,Deepika Nair 2265,30,Male,Pune,Telangana,"Books,Automotive,Fashion,Health",2025-10-20,False,True
U02266,user02266,user2266@smartcart.ai,pbkdf2:sha256:600000$saltXYZ$hashedvalue,Rahul Sharma 2266,40,Other,Delhi,Delhi,"Books,Grocery",2023-08-01,False,True
U02267,user02267,user2267@smartcart.ai,pbkdf2:sha256:600000$saltXYZ$hashedvalue,Rahul Sharma 2267,23,Male,Hyderabad,Tamil Nadu,Automotive,2025-12-16,False,True
U02268,user02268,user2268@smartcart.ai,pbkdf2:sha256:600000$saltXYZ$hashedvalue,Rahul Sharma 2268,62,Male,Surat,Maharashtra,"Grocery,Beauty",2023-09-21,False,False
U02269,user02269,user2269@smartcart.ai,pbkdf2:sha256:600000$saltXYZ$hashedvalue,Karan Mehta 2269,30,Female,Lucknow,Tamil Nadu,"Fashion,Grocery,Automotive,Home & Kitchen",2026-01-09,False,True
U02270,user02270,user2270@smartcart.ai,pbkdf2:sha256:600000$saltXYZ$hashedvalue,Sneha Gupta 2270,55,Female,Chennai,Gujarat,"Home & Kitchen,Sports,Toys,Health",2026-01-15,False,True
U02271,user02271,user2271@smartcart.ai,pbkdf2:sha256:600000$saltXYZ$hashedvalue,Sneha Gupta 2271,45,Male,Kolkata,Delhi,"Electronics,Grocery,Home & Kitchen",2024-07-05,False,True
U02272,user02272,user2272@smartcart.ai,pbkdf2:sha256:600000$saltXYZ$hashedvalue,Vijay Kumar 2272,58,Male,Lucknow,West Bengal,"Sports,Fashion",2024-01-01,False,True
U02273,user02273,user2273@smartcart.ai,pbkdf2:sha256:600000$saltXYZ$hashedvalue,Ananya Joshi 2273,24,Female,Chennai,Rajasthan,"Books,Automotive",2024-07-25,False,True
U02274,user02274,user2274@smartcart.ai,pbkdf2:sha256:600000$saltXYZ$hashedvalue,Vijay Kumar 2274,48,Female,Delhi,Tamil Nadu,"Fashion,Grocery,Automotive",2024-10-25,False,True
U02275,user02275,user2275@smartcart.ai,pbkdf2:sha256:600000$saltXYZ$hashedvalue,Rohit Verma 2275,35,Male,Lucknow,West Bengal,"Grocery,Books,Home & Kitchen,Health",2023-05-08,False,True
U02276,user02276,user2276@smartcart.ai,pbkdf2:sha256:600000$saltXYZ$hashedvalue,Ananya Joshi 2276,31,Male,Mumbai,Punjab,Electronics,2023-10-31,False,True
U02277,user02277,user2277@smartcart.ai,pbkdf2:sha256:600000$saltXYZ$hashedvalue,Deepika Nair 2277,52,Male,Lucknow,Telangana,"Fashion,Automotive,Beauty,Electronics",2023-08-09,False,True
U02278,user02278,user2278@smartcart.ai,pbkdf2:sha256:600000$saltXYZ$hashedvalue,Vijay Kumar 2278,55,Male,Bangalore,Rajasthan,Toys,2025-06-03,False,True
U02279,user02279,user2279@smartcart.ai,pbkdf2:sha256:600000$saltXYZ$hashedvalue,Sneha Gupta 2279,47,Male,Kolkata,West Bengal,"Sports,Electronics,Beauty",2024-11-22,False,True
U02280,user02280,user2280@smartcart.ai,pbkdf2:sha256:600000$saltXYZ$hashedvalue,Vijay Kumar 2280,40,Female,Chennai,Gujarat,"Fashion,Books",2025-03-13,False,True
U02281,user02281,user2281@smartcart.ai,pbkdf2:sha256:600000$saltXYZ$hashedvalue,Amit Patel 2281,51,Other,Hyderabad,Delhi,"Health,Automotive",2023-08-05,False,True
U02282,user02282,user2282@smartcart.ai,pbkdf2:sha256:600000$saltXYZ$hashedvalue,Ananya Joshi 2282,64,Other,Chennai,Rajasthan,"Grocery,Sports,Automotive",2023-09-27,False,True
U02283,user02283,user2283@smartcart.ai,pbkdf2:sha256:600000$saltXYZ$hashedvalue,Rohit Verma 2283,26,Male,Lucknow,Gujarat,"Toys,Home & Kitchen,Automotive,Beauty",2023-08-06,False,True
U02284,user02284,user2284@smartcart.ai,pbkdf2:sha256:600000$saltXYZ$hashedvalue,Priya Singh 2284,41,Other,Delhi,Delhi,Home & Kitchen,2023-08-20,False,True
U02285,user02285,user2285@smartcart.ai,pbkdf2:sha256:600000$saltXYZ$hashedvalue,Rahul Sharma 2285,48,Male,Surat,Rajasthan,"Fashion,Sports,Toys,Grocery",2025-04-25,False,True
U02286,user02286,user2286@smartcart.ai,pbkdf2:sha256:600000$saltXYZ$hashedvalue,Priya Singh 2286,60,Other,Delhi,Delhi,"Health,Toys,Fashion,Sports",2025-07-31,False,False
U02287,user02287,user2287@smartcart.ai,pbkdf2:sha256:600000$saltXYZ$hashedvalue,Ananya Joshi 2287,19,Male,Mumbai,Karnataka,"Sports,Books,Fashion,Home & Kitchen",2023-11-20,False,True
U02288,user02288,user2288@smartcart.ai,pbkdf2:sha256:600000$saltXYZ$hashedvalue,Ananya Joshi 2288,21,Other,Ahmedabad,Maharashtra,"Health,Grocery,Automotive,Home & Kitchen",2023-06-30,False,True
U02289,user02289,user2289@smartcart.ai,pbkdf2:sha256:600000$saltXYZ$hashedvalue,Vijay Kumar 2289,39,Male,Delhi,Gujarat,Grocery,2024-06-20,False,True
U02290,user02290,user2290@smartcart.ai,pbkdf2:sha256:600000$saltXYZ$hashedvalue,Sneha Gupta 2290,36,Other,Surat,Telangana,"Automotive,Home & Kitchen,Grocery,Books",2024-01-13,False,True
U02291,user02291,user2291@smartcart.ai,pbkdf2:sha256:600000$saltXYZ$hashedvalue,Vijay Kumar 2291,40,Other,Delhi,West Bengal,"Electronics,Grocery",2025-01-09,False,True
U02292,user02292,user2292@smartcart.ai,pbkdf2:sha256:600000$saltXYZ$hashedvalue,Priya Singh 2292,29,Other,Ahmedabad,Punjab,"Automotive,Beauty,Sports",2024-09-04,False,True
U02293,user02293,user2293@smartcart.ai,pbkdf2:sha256:600000$saltXYZ$hashedvalue,Amit Patel 2293,62,Other,Pune,Rajasthan,"Books,Beauty,Toys,Home & Kitchen",2024-04-24,False,True
U02294,user02294,user2294@smartcart.ai,pbkdf2:sha256:600000$saltXYZ$hashedvalue,Vijay Kumar 2294,31,Male,Pune,Karnataka,Health,2024-02-06,False,True
U02295,user02295,user2295@smartcart.ai,pbkdf2:sha256:600000$saltXYZ$hashedvalue,Sneha Gupta 2295,33,Female,Chennai,Tamil Nadu,"Home & Kitchen,Fashion,Automotive,Electronics",2024-05-30,False,True
U02296,user02296,user2296@smartcart.ai,pbkdf2:sha256:600000$saltXYZ$hashedvalue,Pooja Pillai 2296,23,Female,Chennai,Telangana,"Sports,Health,Grocery",2026-03-20,False,True
U02297,user02297,user2297@smartcart.ai,pbkdf2:sha256:600000$saltXYZ$hashedvalue,Sneha Gupta 2297,30,Other,Ahmedabad,Tamil Nadu,Beauty,2025-06-28,False,True
U02298,user02298,user2298@smartcart.ai,pbkdf2:sha256:600000$saltXYZ$hashedvalue,Ananya Joshi 2298,27,Male,Hyderabad,West Bengal,Books,2024-06-11,False,False
U02299,user02299,user2299@smartcart.ai,pbkdf2:sha256:600000$saltXYZ$hashedvalue,Ananya Joshi 2299,44,Other,Chandigarh,West Bengal,"Toys,Books",2025-06-27,False,True
U02300,user02300,user2300@smartcart.ai,pbkdf2:sha256:600000$saltXYZ$hashedvalue,Amit Patel 2300,21,Female,Mumbai,UP,"Home & Kitchen,Electronics,Automotive,Grocery",2023-09-28,False,True
U02301,user02301,user2301@smartcart.ai,pbkdf2:sha256:600000$saltXYZ$hashedvalue,Karan Mehta 2301,61,Male,Delhi,Maharashtra,"Automotive,Books,Grocery",2026-03-29,False,True
U02302,user02302,user2302@smartcart.ai,pbkdf2:sha256:600000$saltXYZ$hashedvalue,Pooja Pillai 2302,38,Male,Delhi,Karnataka,"Fashion,Beauty",2025-04-07,False,True
U02303,user02303,user2303@smartcart.ai,pbkdf2:sha256:600000$saltXYZ$hashedvalue,Vijay Kumar 2303,42,Female,Pune,West Bengal,"Toys,Health",2025-06-03,False,True
U02304,user02304,user2304@smartcart.ai,pbkdf2:sha256:600000$saltXYZ$hashedvalue,Vijay Kumar 2304,46,Male,Chennai,Delhi,"Home & Kitchen,Automotive",2025-07-10,False,True
U02305,user02305,user2305@smartcart.ai,pbkdf2:sha256:600000$saltXYZ$hashedvalue,Pooja Pillai 2305,26,Female,Mumbai,Punjab,"Fashion,Sports,Books",2025-10-21,False,True
U02306,user02306,user2306@smartcart.ai,pbkdf2:sha256:600000$saltXYZ$hashedvalue,Vijay Kumar 2306,54,Male,Chennai,Telangana,"Electronics,Sports,Toys",2025-03-16,False,True
U02307,user02307,user2307@smartcart.ai,pbkdf2:sha256:600000$saltXYZ$hashedvalue,Rohit Verma 2307,43,Other,Chandigarh,West Bengal,"Toys,Grocery,Health,Fashion",2024-09-03,False,True
U02308,user02308,user2308@smartcart.ai,pbkdf2:sha256:600000$saltXYZ$hashedvalue,Amit Patel 2308,53,Male,Lucknow,West Bengal,"Grocery,Sports,Fashion",2025-06-07,False,True
U02309,user02309,user2309@smartcart.ai,pbkdf2:sha256:600000$saltXYZ$hashedvalue,Karan Mehta 2309,51,Female,Delhi,Tamil Nadu,Beauty,2026-02-16,False,True
U02310,user02310,user2310@smartcart.ai,pbkdf2:sha256:600000$saltXYZ$hashedvalue,Deepika Nair 2310,42,Other,Bangalore,Punjab,"Toys,Books,Health",2023-10-19,False,True
U02311,user02311,user2311@smartcart.ai,pbkdf2:sha256:600000$saltXYZ$hashedvalue,Deepika Nair 2311,28,Male,Surat,Karnataka,"Sports,Automotive,Toys,Health",2025-02-11,False,False
U02312,user02312,user2312@smartcart.ai,pbkdf2:sha256:600000$saltXYZ$hashedvalue,Rohit Verma 2312,40,Other,Mumbai,UP,"Home & Kitchen,Electronics,Automotive,Grocery",2025-11-05,False,True
U02313,user02313,user2313@smartcart.ai,pbkdf2:sha256:600000$saltXYZ$hashedvalue,Priya Singh 2313,30,Other,Chennai,Gujarat,"Books,Home & Kitchen,Sports",2023-06-09,False,True
U02314,user02314,user2314@smartcart.ai,pbkdf2:sha256:600000$saltXYZ$hashedvalue,Rahul Sharma 2314,29,Other,Lucknow,Delhi,Automotive,2023-10-16,False,True
U02315,user02315,user2315@smartcart.ai,pbkdf2:sha256:600000$saltXYZ$hashedvalue,Rahul Sharma 2315,36,Female,Chandigarh,West Bengal,"Beauty,Toys,Automotive",2025-03-28,False,True
U02316,user02316,user2316@smartcart.ai,pbkdf2:sha256:600000$saltXYZ$hashedvalue,Sneha Gupta 2316,52,Female,Hyderabad,UP,Health,2025-03-21,False,False
U02317,user02317,user2317@smartcart.ai,pbkdf2:sha256:600000$saltXYZ$hashedvalue,Sneha Gupta 2317,23,Female,Jaipur,Telangana,"Beauty,Toys",2025-12-10,False,True
U02318,user02318,user2318@smartcart.ai,pbkdf2:sha256:600000$saltXYZ$hashedvalue,Vijay Kumar 2318,27,Other,Chennai,West Bengal,"Fashion,Health",2024-07-18,False,True
U02319,user02319,user2319@smartcart.ai,pbkdf2:sha256:600000$saltXYZ$hashedvalue,Amit Patel 2319,35,Female,Mumbai,Delhi,"Health,Automotive,Electronics",2023-10-11,False,True
U02320,user02320,user2320@smartcart.ai,pbkdf2:sha256:600000$saltXYZ$hashedvalue,Ananya Joshi 2320,59,Other,Hyderabad,Gujarat,"Fashion,Electronics,Grocery",2023-07-18,False,True
U02321,user02321,user2321@smartcart.ai,pbkdf2:sha256:600000$saltXYZ$hashedvalue,Pooja Pillai 2321,48,Male,Chennai,Maharashtra,"Toys,Health,Grocery,Beauty",2025-08-23,False,True
U02322,user02322,user2322@smartcart.ai,pbkdf2:sha256:600000$saltXYZ$hashedvalue,Karan Mehta 2322,48,Female,Surat,Punjab,"Home & Kitchen,Grocery",2025-11-11,False,True
U02323,user02323,user2323@smartcart.ai,pbkdf2:sha256:600000$saltXYZ$hashedvalue,Rahul Sharma 2323,51,Female,Ahmedabad,UP,"Beauty,Sports,Toys,Books",2025-06-24,False,True
U02324,user02324,user2324@smartcart.ai,pbkdf2:sha256:600000$saltXYZ$hashedvalue,Rohit Verma 2324,22,Other,Delhi,Rajasthan,"Toys,Home & Kitchen",2024-09-04,False,True
U02325,user02325,user2325@smartcart.ai,pbkdf2:sha256:600000$saltXYZ$hashedvalue,Sneha Gupta 2325,38,Other,Hyderabad,Delhi,Health,2026-02-12,False,True
U02326,user02326,user2326@smartcart.ai,pbkdf2:sha256:600000$saltXYZ$hashedvalue,Deepika Nair 2326,49,Female,Pune,Rajasthan,"Health,Books,Toys,Sports",2025-01-19,False,True
U02327,user02327,user2327@smartcart.ai,pbkdf2:sha256:600000$saltXYZ$hashedvalue,Rahul Sharma 2327,60,Other,Surat,Tamil Nadu,"Beauty,Books",2025-05-05,False,True
U02328,user02328,user2328@smartcart.ai,pbkdf2:sha256:600000$saltXYZ$hashedvalue,Karan Mehta 2328,24,Male,Surat,Delhi,"Beauty,Books,Automotive,Toys",2023-07-27,False,True
U02329,user02329,user2329@smartcart.ai,pbkdf2:sha256:600000$saltXYZ$hashedvalue,Rohit Verma 2329,63,Other,Lucknow,Punjab,"Electronics,Automotive",2025-04-30,False,True
U02330,user02330,user2330@smartcart.ai,pbkdf2:sha256:600000$saltXYZ$hashedvalue,Vijay Kumar 2330,64,Male,Bangalore,Gujarat,"Automotive,Fashion,Beauty,Grocery",2023-10-03,False,True
U02331,user02331,user2331@smartcart.ai,pbkdf2:sha256:600000$saltXYZ$hashedvalue,Pooja Pillai 2331,29,Male,Surat,West Bengal,"Home & Kitchen,Electronics,Health",2023-07-19,False,True
U02332,user02332,user2332@smartcart.ai,pbkdf2:sha256:600000$saltXYZ$hashedvalue,Amit Patel 2332,30,Male,Surat,UP,Home & Kitchen,2024-07-01,False,True
U02333,user02333,user2333@smartcart.ai,pbkdf2:sha256:600000$saltXYZ$hashedvalue,Sneha Gupta 2333,22,Female,Ahmedabad,Maharashtra,"Fashion,Automotive,Electronics,Books",2023-09-21,False,True
U02334,user02334,user2334@smartcart.ai,pbkdf2:sha256:600000$saltXYZ$hashedvalue,Pooja Pillai 2334,58,Other,Pune,West Bengal,"Toys,Fashion,Beauty,Health",2024-11-15,False,True
U02335,user02335,user2335@smartcart.ai,pbkdf2:sha256:600000$saltXYZ$hashedvalue,Rahul Sharma 2335,38,Other,Pune,Rajasthan,Fashion,2023-10-08,False,True
U02336,user02336,user2336@smartcart.ai,pbkdf2:sha256:600000$saltXYZ$hashedvalue,Deepika Nair 2336,50,Other,Hyderabad,Punjab,"Health,Grocery,Books,Beauty",2024-02-27,False,True
U02337,user02337,user2337@smartcart.ai,pbkdf2:sha256:600000$saltXYZ$hashedvalue,Amit Patel 2337,50,Female,Jaipur,West Bengal,"Sports,Toys,Health,Automotive",2024-12-03,False,True
U02338,user02338,user2338@smartcart.ai,pbkdf2:sha256:600000$saltXYZ$hashedvalue,Rahul Sharma 2338,49,Male,Chandigarh,West Bengal,"Electronics,Beauty,Toys",2023-08-06,False,True
U02339,user02339,user2339@smartcart.ai,pbkdf2:sha256:600000$saltXYZ$hashedvalue,Deepika Nair 2339,47,Male,Surat,UP,Beauty,2025-12-01,False,True
U02340,user02340,user2340@smartcart.ai,pbkdf2:sha256:600000$saltXYZ$hashedvalue,Sneha Gupta 2340,41,Other,Hyderabad,UP,"Beauty,Toys,Home & Kitchen,Grocery",2024-06-20,False,True
U02341,user02341,user2341@smartcart.ai,pbkdf2:sha256:600000$saltXYZ$hashedvalue,Rohit Verma 2341,65,Female,Pune,Karnataka,"Automotive,Grocery,Sports,Toys",2023-09-02,False,True
U02342,user02342,user2342@smartcart.ai,pbkdf2:sha256:600000$saltXYZ$hashedvalue,Karan Mehta 2342,34,Male,Pune,Tamil Nadu,"Grocery,Fashion,Books",2023-08-10,False,True
U02343,user02343,user2343@smartcart.ai,pbkdf2:sha256:600000$saltXYZ$hashedvalue,Pooja Pillai 2343,23,Other,Pune,Delhi,Home & Kitchen,2024-08-02,False,True
U02344,user02344,user2344@smartcart.ai,pbkdf2:sha256:600000$saltXYZ$hashedvalue,Ananya Joshi 2344,62,Male,Delhi,Telangana,"Electronics,Sports,Home & Kitchen,Beauty",2024-09-02,False,True
U02345,user02345,user2345@smartcart.ai,pbkdf2:sha256:600000$saltXYZ$hashedvalue,Sneha Gupta 2345,23,Female,Jaipur,Maharashtra,Fashion,2025-01-30,False,True
U02346,user02346,user2346@smartcart.ai,pbkdf2:sha256:600000$saltXYZ$hashedvalue,Priya Singh 2346,41,Other,Delhi,Maharashtra,"Toys,Automotive,Sports,Home & Kitchen",2023-04-25,False,True
U02347,user02347,user2347@smartcart.ai,pbkdf2:sha256:600000$saltXYZ$hashedvalue,Deepika Nair 2347,57,Male,Ahmedabad,Karnataka,Home & Kitchen,2025-07-25,False,True
U02348,user02348,user2348@smartcart.ai,pbkdf2:sha256:600000$saltXYZ$hashedvalue,Ananya Joshi 2348,55,Female,Mumbai,Karnataka,"Beauty,Electronics,Books",2023-06-25,False,True
U02349,user02349,user2349@smartcart.ai,pbkdf2:sha256:600000$saltXYZ$hashedvalue,Ananya Joshi 2349,29,Male,Ahmedabad,West Bengal,Home & Kitchen,2023-12-19,False,True
U02350,user02350,user2350@smartcart.ai,pbkdf2:sha256:600000$saltXYZ$hashedvalue,Sneha Gupta 2350,30,Female,Ahmedabad,Maharashtra,"Fashion,Automotive,Health",2024-07-05,False,True
U02351,user02351,user2351@smartcart.ai,pbkdf2:sha256:600000$saltXYZ$hashedvalue,Pooja Pillai 2351,28,Male,Delhi,Punjab,"Grocery,Home & Kitchen",2026-03-07,False,True
U02352,user02352,user2352@smartcart.ai,pbkdf2:sha256:600000$saltXYZ$hashedvalue,Ananya Joshi 2352,53,Male,Mumbai,Maharashtra,"Sports,Fashion,Beauty,Grocery",2026-04-03,False,True
U02353,user02353,user2353@smartcart.ai,pbkdf2:sha256:600000$saltXYZ$hashedvalue,Sneha Gupta 2353,62,Other,Chennai,Karnataka,Home & Kitchen,2025-03-10,False,True
U02354,user02354,user2354@smartcart.ai,pbkdf2:sha256:600000$saltXYZ$hashedvalue,Karan Mehta 2354,33,Male,Delhi,Telangana,"Fashion,Health",2023-08-10,False,True
U02355,user02355,user2355@smartcart.ai,pbkdf2:sha256:600000$saltXYZ$hashedvalue,Sneha Gupta 2355,35,Other,Jaipur,West Bengal,"Health,Beauty,Sports",2026-03-18,False,True
U02356,user02356,user2356@smartcart.ai,pbkdf2:sha256:600000$saltXYZ$hashedvalue,Rahul Sharma 2356,49,Male,Pune,Karnataka,"Fashion,Electronics,Beauty",2026-01-16,False,True
U02357,user02357,user2357@smartcart.ai,pbkdf2:sha256:600000$saltXYZ$hashedvalue,Deepika Nair 2357,59,Female,Hyderabad,Delhi,Grocery,2024-05-28,False,True
U02358,user02358,user2358@smartcart.ai,pbkdf2:sha256:600000$saltXYZ$hashedvalue,Pooja Pillai 2358,60,Male,Mumbai,UP,"Electronics,Grocery,Beauty,Fashion",2023-11-02,False,True
U02359,user02359,user2359@smartcart.ai,pbkdf2:sha256:600000$saltXYZ$hashedvalue,Karan Mehta 2359,26,Male,Mumbai,Punjab,Electronics,2024-12-08,False,True
U02360,user02360,user2360@smartcart.ai,pbkdf2:sha256:600000$saltXYZ$hashedvalue,Rohit Verma 2360,60,Male,Bangalore,Gujarat,"Toys,Sports,Automotive",2025-11-30,False,True
U02361,user02361,user2361@smartcart.ai,pbkdf2:sha256:600000$saltXYZ$hashedvalue,Rohit Verma 2361,49,Female,Bangalore,Gujarat,"Toys,Fashion,Books",2023-05-21,False,True
U02362,user02362,user2362@smartcart.ai,pbkdf2:sha256:600000$saltXYZ$hashedvalue,Vijay Kumar 2362,64,Female,Chennai,Gujarat,"Toys,Automotive,Health,Fashion",2025-08-22,False,True
U02363,user02363,user2363@smartcart.ai,pbkdf2:sha256:600000$saltXYZ$hashedvalue,Priya Singh 2363,34,Other,Lucknow,Telangana,"Grocery,Beauty,Home & Kitchen,Automotive",2025-12-29,False,True
U02364,user02364,user2364@smartcart.ai,pbkdf2:sha256:600000$saltXYZ$hashedvalue,Vijay Kumar 2364,64,Female,Mumbai,Tamil Nadu,"Sports,Home & Kitchen",2023-11-29,False,True
U02365,user02365,user2365@smartcart.ai,pbkdf2:sha256:600000$saltXYZ$hashedvalue,Vijay Kumar 2365,64,Other,Ahmedabad,UP,"Sports,Grocery,Toys,Automotive",2025-02-11,False,True
U02366,user02366,user2366@smartcart.ai,pbkdf2:sha256:600000$saltXYZ$hashedvalue,Karan Mehta 2366,37,Male,Hyderabad,Delhi,"Sports,Toys",2023-10-23,False,True
U02367,user02367,user2367@smartcart.ai,pbkdf2:sha256:600000$saltXYZ$hashedvalue,Ananya Joshi 2367,33,Female,Jaipur,Punjab,"Automotive,Electronics",2025-06-19,False,True
U02368,user02368,user2368@smartcart.ai,pbkdf2:sha256:600000$saltXYZ$hashedvalue,Vijay Kumar 2368,21,Female,Chennai,Gujarat,"Home & Kitchen,Electronics,Grocery",2024-01-28,False,True
U02369,user02369,user2369@smartcart.ai,pbkdf2:sha256:600000$saltXYZ$hashedvalue,Pooja Pillai 2369,47,Other,Lucknow,Tamil Nadu,"Home & Kitchen,Toys,Grocery,Health",2024-04-12,False,True
U02370,user02370,user2370@smartcart.ai,pbkdf2:sha256:600000$saltXYZ$hashedvalue,Ananya Joshi 2370,61,Male,Kolkata,Tamil Nadu,Automotive,2025-07-08,False,True
U02371,user02371,user2371@smartcart.ai,pbkdf2:sha256:600000$saltXYZ$hashedvalue,Amit Patel 2371,40,Other,Lucknow,Maharashtra,"Beauty,Home & Kitchen,Toys",2025-11-23,False,True
U02372,user02372,user2372@smartcart.ai,pbkdf2:sha256:600000$saltXYZ$hashedvalue,Sneha Gupta 2372,65,Male,Surat,Gujarat,"Beauty,Health",2025-05-17,False,True
U02373,user02373,user2373@smartcart.ai,pbkdf2:sha256:600000$saltXYZ$hashedvalue,Rahul Sharma 2373,43,Male,Kolkata,Punjab,"Home & Kitchen,Beauty,Health,Toys",2023-09-16,False,True
U02374,user02374,user2374@smartcart.ai,pbkdf2:sha256:600000$saltXYZ$hashedvalue,Vijay Kumar 2374,19,Male,Surat,Rajasthan,"Fashion,Beauty,Electronics",2025-09-30,False,True
U02375,user02375,user2375@smartcart.ai,pbkdf2:sha256:600000$saltXYZ$hashedvalue,Priya Singh 2375,52,Male,Mumbai,West Bengal,Books,2023-04-27,False,True
U02376,user02376,user2376@smartcart.ai,pbkdf2:sha256:600000$saltXYZ$hashedvalue,Ananya Joshi 2376,35,Female,Pune,Telangana,"Home & Kitchen,Toys",2024-05-05,False,True
U02377,user02377,user2377@smartcart.ai,pbkdf2:sha256:600000$saltXYZ$hashedvalue,Karan Mehta 2377,61,Other,Pune,Gujarat,"Health,Toys,Sports",2024-07-16,False,True
U02378,user02378,user2378@smartcart.ai,pbkdf2:sha256:600000$saltXYZ$hashedvalue,Rahul Sharma 2378,22,Other,Pune,Tamil Nadu,"Books,Grocery,Toys,Fashion",2023-09-28,False,True
U02379,user02379,user2379@smartcart.ai,pbkdf2:sha256:600000$saltXYZ$hashedvalue,Ananya Joshi 2379,50,Female,Chennai,Rajasthan,"Grocery,Sports",2025-12-25,False,True
U02380,user02380,user2380@smartcart.ai,pbkdf2:sha256:600000$saltXYZ$hashedvalue,Deepika Nair 2380,59,Male,Surat,Maharashtra,"Toys,Home & Kitchen",2023-07-24,False,True
U02381,user02381,user2381@smartcart.ai,pbkdf2:sha256:600000$saltXYZ$hashedvalue,Sneha Gupta 2381,36,Female,Chennai,Punjab,"Home & Kitchen,Grocery,Automotive,Sports",2024-04-16,False,True
U02382,user02382,user2382@smartcart.ai,pbkdf2:sha256:600000$saltXYZ$hashedvalue,Rohit Verma 2382,33,Male,Lucknow,Gujarat,"Toys,Fashion",2024-10-18,False,True
U02383,user02383,user2383@smartcart.ai,pbkdf2:sha256:600000$saltXYZ$hashedvalue,Pooja Pillai 2383,48,Other,Delhi,Telangana,"Books,Grocery,Electronics,Health",2025-01-28,False,True
U02384,user02384,user2384@smartcart.ai,pbkdf2:sha256:600000$saltXYZ$hashedvalue,Ananya Joshi 2384,19,Female,Delhi,West Bengal,"Electronics,Health",2023-04-29,False,True
U02385,user02385,user2385@smartcart.ai,pbkdf2:sha256:600000$saltXYZ$hashedvalue,Vijay Kumar 2385,27,Female,Ahmedabad,Gujarat,Fashion,2023-09-07,False,True
U02386,user02386,user2386@smartcart.ai,pbkdf2:sha256:600000$saltXYZ$hashedvalue,Deepika Nair 2386,22,Other,Chandigarh,Karnataka,"Automotive,Books",2025-09-24,False,True
U02387,user02387,user2387@smartcart.ai,pbkdf2:sha256:600000$saltXYZ$hashedvalue,Rahul Sharma 2387,51,Male,Hyderabad,UP,Health,2026-01-15,False,True
U02388,user02388,user2388@smartcart.ai,pbkdf2:sha256:600000$saltXYZ$hashedvalue,Rahul Sharma 2388,40,Male,Chandigarh,UP,"Sports,Home & Kitchen,Grocery,Beauty",2023-07-24,False,True
U02389,user02389,user2389@smartcart.ai,pbkdf2:sha256:600000$saltXYZ$hashedvalue,Amit Patel 2389,22,Female,Lucknow,Karnataka,"Health,Beauty",2023-10-07,False,True
U02390,user02390,user2390@smartcart.ai,pbkdf2:sha256:600000$saltXYZ$hashedvalue,Karan Mehta 2390,21,Male,Jaipur,Maharashtra,"Fashion,Health",2023-04-28,False,True
U02391,user02391,user2391@smartcart.ai,pbkdf2:sha256:600000$saltXYZ$hashedvalue,Priya Singh 2391,32,Female,Hyderabad,West Bengal,"Books,Toys",2025-02-02,False,True
U02392,user02392,user2392@smartcart.ai,pbkdf2:sha256:600000$saltXYZ$hashedvalue,Priya Singh 2392,54,Female,Hyderabad,Karnataka,"Health,Automotive,Books",2024-08-06,False,True
U02393,user02393,user2393@smartcart.ai,pbkdf2:sha256:600000$saltXYZ$hashedvalue,Deepika Nair 2393,38,Female,Chennai,Gujarat,"Sports,Electronics,Toys",2023-05-22,False,True
U02394,user02394,user2394@smartcart.ai,pbkdf2:sha256:600000$saltXYZ$hashedvalue,Karan Mehta 2394,33,Female,Pune,Telangana,"Toys,Beauty,Fashion",2024-08-19,False,True
U02395,user02395,user2395@smartcart.ai,pbkdf2:sha256:600000$saltXYZ$hashedvalue,Amit Patel 2395,56,Other,Jaipur,UP,"Automotive,Beauty,Books",2025-03-06,False,True
U02396,user02396,user2396@smartcart.ai,pbkdf2:sha256:600000$saltXYZ$hashedvalue,Vijay Kumar 2396,37,Other,Lucknow,Delhi,"Beauty,Grocery",2023-10-08,False,True
U02397,user02397,user2397@smartcart.ai,pbkdf2:sha256:600000$saltXYZ$hashedvalue,Priya Singh 2397,54,Other,Surat,Tamil Nadu,"Electronics,Automotive,Toys,Grocery",2024-10-28,False,True
U02398,user02398,user2398@smartcart.ai,pbkdf2:sha256:600000$saltXYZ$hashedvalue,Amit Patel 2398,64,Female,Surat,Gujarat,"Electronics,Toys,Beauty,Health",2023-05-01,False,True
U02399,user02399,user2399@smartcart.ai,pbkdf2:sha256:600000$saltXYZ$hashedvalue,Pooja Pillai 2399,60,Other,Chandigarh,Rajasthan,"Fashion,Automotive,Health",2024-10-29,False,True
U02400,user02400,user2400@smartcart.ai,pbkdf2:sha256:600000$saltXYZ$hashedvalue,Amit Patel 2400,49,Male,Chandigarh,Delhi,"Sports,Books",2023-05-03,False,True
U02401,user02401,user2401@smartcart.ai,pbkdf2:sha256:600000$saltXYZ$hashedvalue,Sneha Gupta 2401,58,Female,Pune,Telangana,"Fashion,Health",2023-11-30,False,True
U02402,user02402,user2402@smartcart.ai,pbkdf2:sha256:600000$saltXYZ$hashedvalue,Karan Mehta 2402,52,Male,Lucknow,UP,"Toys,Books",2025-01-27,False,True
U02403,user02403,user2403@smartcart.ai,pbkdf2:sha256:600000$saltXYZ$hashedvalue,Priya Singh 2403,61,Male,Kolkata,Rajasthan,"Automotive,Beauty,Home & Kitchen,Grocery",2025-03-11,False,True
U02404,user02404,user2404@smartcart.ai,pbkdf2:sha256:600000$saltXYZ$hashedvalue,Amit Patel 2404,37,Male,Delhi,Delhi,Grocery,2025-08-16,False,True
U02405,user02405,user2405@smartcart.ai,pbkdf2:sha256:600000$saltXYZ$hashedvalue,Rohit Verma 2405,48,Male,Surat,Karnataka,"Toys,Fashion,Books,Grocery",2023-08-17,False,True
U02406,user02406,user2406@smartcart.ai,pbkdf2:sha256:600000$saltXYZ$hashedvalue,Pooja Pillai 2406,50,Other,Kolkata,Telangana,"Home & Kitchen,Books",2025-09-05,False,True
U02407,user02407,user2407@smartcart.ai,pbkdf2:sha256:600000$saltXYZ$hashedvalue,Pooja Pillai 2407,54,Other,Chennai,UP,"Beauty,Toys,Grocery,Fashion",2025-09-15,False,True
U02408,user02408,user2408@smartcart.ai,pbkdf2:sha256:600000$saltXYZ$hashedvalue,Sneha Gupta 2408,47,Other,Delhi,Telangana,Fashion,2025-05-03,False,True
U02409,user02409,user2409@smartcart.ai,pbkdf2:sha256:600000$saltXYZ$hashedvalue,Deepika Nair 2409,50,Female,Delhi,Maharashtra,"Toys,Grocery,Beauty",2024-04-03,False,True
U02410,user02410,user2410@smartcart.ai,pbkdf2:sha256:600000$saltXYZ$hashedvalue,Sneha Gupta 2410,23,Male,Pune,Delhi,Books,2025-07-22,False,True
U02411,user02411,user2411@smartcart.ai,pbkdf2:sha256:600000$saltXYZ$hashedvalue,Vijay Kumar 2411,28,Male,Lucknow,Gujarat,"Sports,Electronics",2024-01-21,False,True
U02412,user02412,user2412@smartcart.ai,pbkdf2:sha256:600000$saltXYZ$hashedvalue,Deepika Nair 2412,43,Female,Ahmedabad,Gujarat,"Fashion,Health",2023-10-10,False,True
U02413,user02413,user2413@smartcart.ai,pbkdf2:sha256:600000$saltXYZ$hashedvalue,Priya Singh 2413,28,Female,Delhi,West Bengal,Fashion,2023-06-15,False,True
U02414,user02414,user2414@smartcart.ai,pbkdf2:sha256:600000$saltXYZ$hashedvalue,Deepika Nair 2414,65,Female,Jaipur,Punjab,Automotive,2024-02-14,False,True
U02415,user02415,user2415@smartcart.ai,pbkdf2:sha256:600000$saltXYZ$hashedvalue,Vijay Kumar 2415,33,Male,Chennai,West Bengal,"Home & Kitchen,Fashion,Toys,Books",2023-09-28,False,True
U02416,user02416,user2416@smartcart.ai,pbkdf2:sha256:600000$saltXYZ$hashedvalue,Rahul Sharma 2416,62,Male,Surat,Karnataka,Fashion,2026-03-24,False,True
U02417,user02417,user2417@smartcart.ai,pbkdf2:sha256:600000$saltXYZ$hashedvalue,Pooja Pillai 2417,30,Other,Jaipur,Tamil Nadu,"Sports,Home & Kitchen,Books",2023-05-11,False,True
U02418,user02418,user2418@smartcart.ai,pbkdf2:sha256:600000$saltXYZ$hashedvalue,Pooja Pillai 2418,44,Female,Delhi,Telangana,"Beauty,Sports",2023-07-12,False,True
U02419,user02419,user2419@smartcart.ai,pbkdf2:sha256:600000$saltXYZ$hashedvalue,Pooja Pillai 2419,42,Female,Kolkata,Maharashtra,"Automotive,Electronics,Fashion,Beauty",2025-12-10,False,True
U02420,user02420,user2420@smartcart.ai,pbkdf2:sha256:600000$saltXYZ$hashedvalue,Rahul Sharma 2420,46,Male,Ahmedabad,Punjab,"Sports,Fashion,Home & Kitchen,Grocery",2024-06-15,False,True
U02421,user02421,user2421@smartcart.ai,pbkdf2:sha256:600000$saltXYZ$hashedvalue,Pooja Pillai 2421,43,Other,Jaipur,Punjab,"Automotive,Toys",2025-05-24,False,True
U02422,user02422,user2422@smartcart.ai,pbkdf2:sha256:600000$saltXYZ$hashedvalue,Pooja Pillai 2422,41,Female,Chennai,Karnataka,"Health,Electronics",2024-05-20,False,True
U02423,user02423,user2423@smartcart.ai,pbkdf2:sha256:600000$saltXYZ$hashedvalue,Rohit Verma 2423,22,Male,Delhi,Delhi,"Health,Home & Kitchen,Automotive",2024-10-04,False,True
U02424,user02424,user2424@smartcart.ai,pbkdf2:sha256:600000$saltXYZ$hashedvalue,Pooja Pillai 2424,51,Male,Delhi,Punjab,"Sports,Fashion,Home & Kitchen",2023-06-08,False,True
U02425,user02425,user2425@smartcart.ai,pbkdf2:sha256:600000$saltXYZ$hashedvalue,Deepika Nair 2425,28,Male,Kolkata,Karnataka,Sports,2025-05-22,False,True
U02426,user02426,user2426@smartcart.ai,pbkdf2:sha256:600000$saltXYZ$hashedvalue,Priya Singh 2426,64,Female,Hyderabad,Telangana,"Toys,Books,Health",2023-05-25,False,True
U02427,user02427,user2427@smartcart.ai,pbkdf2:sha256:600000$saltXYZ$hashedvalue,Amit Patel 2427,34,Other,Hyderabad,Rajasthan,"Toys,Grocery",2023-06-21,False,True
U02428,user02428,user2428@smartcart.ai,pbkdf2:sha256:600000$saltXYZ$hashedvalue,Pooja Pillai 2428,40,Female,Chennai,West Bengal,"Books,Sports",2025-04-17,False,True
U02429,user02429,user2429@smartcart.ai,pbkdf2:sha256:600000$saltXYZ$hashedvalue,Sneha Gupta 2429,29,Male,Hyderabad,Delhi,"Automotive,Health,Fashion,Electronics",2024-04-12,False,True
U02430,user02430,user2430@smartcart.ai,pbkdf2:sha256:600000$saltXYZ$hashedvalue,Vijay Kumar 2430,54,Male,Hyderabad,Tamil Nadu,"Grocery,Automotive,Home & Kitchen",2024-03-03,False,True
U02431,user02431,user2431@smartcart.ai,pbkdf2:sha256:600000$saltXYZ$hashedvalue,Vijay Kumar 2431,40,Female,Jaipur,Gujarat,"Home & Kitchen,Automotive,Electronics",2025-09-09,False,True
U02432,user02432,user2432@smartcart.ai,pbkdf2:sha256:600000$saltXYZ$hashedvalue,Rohit Verma 2432,24,Male,Ahmedabad,Karnataka,"Home & Kitchen,Electronics",2026-02-02,False,True
U02433,user02433,user2433@smartcart.ai,pbkdf2:sha256:600000$saltXYZ$hashedvalue,Deepika Nair 2433,26,Male,Chennai,Gujarat,"Electronics,Books,Fashion,Grocery",2023-07-02,False,True
U02434,user02434,user2434@smartcart.ai,pbkdf2:sha256:600000$saltXYZ$hashedvalue,Karan Mehta 2434,49,Male,Hyderabad,Tamil Nadu,"Fashion,Automotive,Electronics",2024-08-25,False,True
U02435,user02435,user2435@smartcart.ai,pbkdf2:sha256:600000$saltXYZ$hashedvalue,Vijay Kumar 2435,51,Female,Hyderabad,Delhi,"Beauty,Home & Kitchen,Electronics,Sports",2025-02-25,False,True
U02436,user02436,user2436@smartcart.ai,pbkdf2:sha256:600000$saltXYZ$hashedvalue,Priya Singh 2436,60,Other,Bangalore,Karnataka,"Toys,Automotive",2023-05-31,False,False
U02437,user02437,user2437@smartcart.ai,pbkdf2:sha256:600000$saltXYZ$hashedvalue,Vijay Kumar 2437,52,Female,Mumbai,Rajasthan,"Electronics,Toys,Automotive,Home & Kitchen",2025-04-23,False,True
U02438,user02438,user2438@smartcart.ai,pbkdf2:sha256:600000$saltXYZ$hashedvalue,Rohit Verma 2438,64,Other,Lucknow,Karnataka,"Books,Beauty",2023-05-27,False,True
U02439,user02439,user2439@smartcart.ai,pbkdf2:sha256:600000$saltXYZ$hashedvalue,Karan Mehta 2439,43,Other,Kolkata,Telangana,"Books,Fashion,Sports",2025-11-21,False,True
U02440,user02440,user2440@smartcart.ai,pbkdf2:sha256:600000$saltXYZ$hashedvalue,Priya Singh 2440,54,Female,Chandigarh,West Bengal,"Toys,Grocery,Health,Books",2023-12-17,False,True
U02441,user02441,user2441@smartcart.ai,pbkdf2:sha256:600000$saltXYZ$hashedvalue,Sneha Gupta 2441,44,Female,Ahmedabad,Karnataka,"Automotive,Home & Kitchen,Books,Beauty",2025-01-15,False,True
U02442,user02442,user2442@smartcart.ai,pbkdf2:sha256:600000$saltXYZ$hashedvalue,Amit Patel 2442,35,Male,Lucknow,UP,"Beauty,Toys,Grocery",2025-07-27,False,True
U02443,user02443,user2443@smartcart.ai,pbkdf2:sha256:600000$saltXYZ$hashedvalue,Pooja Pillai 2443,23,Other,Bangalore,Karnataka,"Sports,Home & Kitchen,Electronics",2023-06-14,False,True
U02444,user02444,user2444@smartcart.ai,pbkdf2:sha256:600000$saltXYZ$hashedvalue,Sneha Gupta 2444,47,Other,Ahmedabad,West Bengal,"Sports,Beauty,Automotive",2026-03-13,False,True
U02445,user02445,user2445@smartcart.ai,pbkdf2:sha256:600000$saltXYZ$hashedvalue,Amit Patel 2445,30,Male,Lucknow,UP,"Toys,Electronics",2024-08-14,False,True
U02446,user02446,user2446@smartcart.ai,pbkdf2:sha256:600000$saltXYZ$hashedvalue,Vijay Kumar 2446,37,Other,Lucknow,Karnataka,Electronics,2024-08-14,False,True
U02447,user02447,user2447@smartcart.ai,pbkdf2:sha256:600000$saltXYZ$hashedvalue,Ananya Joshi 2447,48,Male,Surat,Karnataka,"Books,Toys,Health",2025-05-06,False,True
U02448,user02448,user2448@smartcart.ai,pbkdf2:sha256:600000$saltXYZ$hashedvalue,Karan Mehta 2448,29,Other,Jaipur,Rajasthan,"Books,Sports,Automotive",2023-06-11,False,True
U02449,user02449,user2449@smartcart.ai,pbkdf2:sha256:600000$saltXYZ$hashedvalue,Priya Singh 2449,30,Female,Bangalore,Punjab,"Toys,Sports,Fashion,Home & Kitchen",2024-03-06,False,True
U02450,user02450,user2450@smartcart.ai,pbkdf2:sha256:600000$saltXYZ$hashedvalue,Priya Singh 2450,24,Other,Delhi,Rajasthan,"Automotive,Toys,Fashion,Home & Kitchen",2025-02-26,False,True
U02451,user02451,user2451@smartcart.ai,pbkdf2:sha256:600000$saltXYZ$hashedvalue,Vijay Kumar 2451,59,Other,Delhi,Telangana,"Health,Grocery",2025-08-07,False,True
U02452,user02452,user2452@smartcart.ai,pbkdf2:sha256:600000$saltXYZ$hashedvalue,Pooja Pillai 2452,31,Female,Kolkata,Gujarat,"Automotive,Sports,Electronics,Fashion",2023-08-19,False,True
U02453,user02453,user2453@smartcart.ai,pbkdf2:sha256:600000$saltXYZ$hashedvalue,Priya Singh 2453,62,Other,Lucknow,Gujarat,Grocery,2025-04-02,False,True
U02454,user02454,user2454@smartcart.ai,pbkdf2:sha256:600000$saltXYZ$hashedvalue,Vijay Kumar 2454,50,Female,Bangalore,Tamil Nadu,"Automotive,Health",2023-04-25,False,True
U02455,user02455,user2455@smartcart.ai,pbkdf2:sha256:600000$saltXYZ$hashedvalue,Deepika Nair 2455,20,Female,Mumbai,UP,Electronics,2025-06-04,False,True
U02456,user02456,user2456@smartcart.ai,pbkdf2:sha256:600000$saltXYZ$hashedvalue,Rohit Verma 2456,29,Male,Ahmedabad,Gujarat,"Toys,Beauty,Health,Home & Kitchen",2024-11-22,False,True
U02457,user02457,user2457@smartcart.ai,pbkdf2:sha256:600000$saltXYZ$hashedvalue,Pooja Pillai 2457,30,Other,Ahmedabad,Maharashtra,"Books,Beauty,Toys,Automotive",2023-12-31,False,True
U02458,user02458,user2458@smartcart.ai,pbkdf2:sha256:600000$saltXYZ$hashedvalue,Vijay Kumar 2458,21,Female,Delhi,Rajasthan,"Toys,Beauty",2026-03-03,False,True
U02459,user02459,user2459@smartcart.ai,pbkdf2:sha256:600000$saltXYZ$hashedvalue,Rahul Sharma 2459,48,Other,Lucknow,Delhi,"Sports,Home & Kitchen,Beauty",2025-12-13,False,True
U02460,user02460,user2460@smartcart.ai,pbkdf2:sha256:600000$saltXYZ$hashedvalue,Pooja Pillai 2460,46,Male,Hyderabad,Punjab,"Grocery,Health,Home & Kitchen,Sports",2024-03-05,False,True
U02461,user02461,user2461@smartcart.ai,pbkdf2:sha256:600000$saltXYZ$hashedvalue,Priya Singh 2461,33,Female,Delhi,Maharashtra,Electronics,2023-08-27,False,True
U02462,user02462,user2462@smartcart.ai,pbkdf2:sha256:600000$saltXYZ$hashedvalue,Amit Patel 2462,35,Male,Ahmedabad,Rajasthan,Home & Kitchen,2024-09-04,False,True
U02463,user02463,user2463@smartcart.ai,pbkdf2:sha256:600000$saltXYZ$hashedvalue,Rohit Verma 2463,48,Male,Bangalore,Maharashtra,"Automotive,Home & Kitchen,Grocery",2025-02-01,False,True
U02464,user02464,user2464@smartcart.ai,pbkdf2:sha256:600000$saltXYZ$hashedvalue,Ananya Joshi 2464,61,Other,Kolkata,Telangana,Home & Kitchen,2025-04-25,False,True
U02465,user02465,user2465@smartcart.ai,pbkdf2:sha256:600000$saltXYZ$hashedvalue,Ananya Joshi 2465,30,Male,Kolkata,Tamil Nadu,Health,2024-06-07,False,True
U02466,user02466,user2466@smartcart.ai,pbkdf2:sha256:600000$saltXYZ$hashedvalue,Ananya Joshi 2466,34,Male,Chennai,West Bengal,"Electronics,Books,Health,Toys",2024-07-14,False,True
U02467,user02467,user2467@smartcart.ai,pbkdf2:sha256:600000$saltXYZ$hashedvalue,Sneha Gupta 2467,32,Other,Chandigarh,Punjab,Home & Kitchen,2025-10-16,False,True
U02468,user02468,user2468@smartcart.ai,pbkdf2:sha256:600000$saltXYZ$hashedvalue,Rahul Sharma 2468,36,Other,Hyderabad,Maharashtra,"Home & Kitchen,Sports",2026-04-16,False,True
U02469,user02469,user2469@smartcart.ai,pbkdf2:sha256:600000$saltXYZ$hashedvalue,Karan Mehta 2469,65,Male,Lucknow,Rajasthan,"Fashion,Home & Kitchen,Electronics,Sports",2023-09-05,False,True
U02470,user02470,user2470@smartcart.ai,pbkdf2:sha256:600000$saltXYZ$hashedvalue,Sneha Gupta 2470,29,Other,Delhi,Gujarat,"Electronics,Toys,Beauty",2023-10-29,False,True
U02471,user02471,user2471@smartcart.ai,pbkdf2:sha256:600000$saltXYZ$hashedvalue,Karan Mehta 2471,24,Female,Ahmedabad,Tamil Nadu,"Home & Kitchen,Grocery",2025-10-06,False,True
U02472,user02472,user2472@smartcart.ai,pbkdf2:sha256:600000$saltXYZ$hashedvalue,Ananya Joshi 2472,37,Other,Hyderabad,Delhi,Books,2026-03-30,False,True
U02473,user02473,user2473@smartcart.ai,pbkdf2:sha256:600000$saltXYZ$hashedvalue,Sneha Gupta 2473,33,Male,Surat,Rajasthan,"Grocery,Automotive",2023-06-04,False,True
U02474,user02474,user2474@smartcart.ai,pbkdf2:sha256:600000$saltXYZ$hashedvalue,Pooja Pillai 2474,24,Male,Pune,Rajasthan,Health,2025-06-24,False,True
U02475,user02475,user2475@smartcart.ai,pbkdf2:sha256:600000$saltXYZ$hashedvalue,Rahul Sharma 2475,55,Other,Delhi,Gujarat,Beauty,2024-01-04,False,True
U02476,user02476,user2476@smartcart.ai,pbkdf2:sha256:600000$saltXYZ$hashedvalue,Ananya Joshi 2476,24,Female,Chennai,Rajasthan,"Grocery,Home & Kitchen",2024-03-29,False,True
U02477,user02477,user2477@smartcart.ai,pbkdf2:sha256:600000$saltXYZ$hashedvalue,Sneha Gupta 2477,24,Male,Mumbai,Punjab,"Beauty,Electronics,Books",2024-09-12,False,True
U02478,user02478,user2478@smartcart.ai,pbkdf2:sha256:600000$saltXYZ$hashedvalue,Amit Patel 2478,50,Male,Surat,Punjab,"Toys,Grocery,Books",2023-12-04,False,True
U02479,user02479,user2479@smartcart.ai,pbkdf2:sha256:600000$saltXYZ$hashedvalue,Karan Mehta 2479,24,Female,Delhi,Punjab,"Fashion,Beauty",2025-09-02,False,True
U02480,user02480,user2480@smartcart.ai,pbkdf2:sha256:600000$saltXYZ$hashedvalue,Karan Mehta 2480,37,Male,Kolkata,Telangana,Books,2025-02-25,False,True
U02481,user02481,user2481@smartcart.ai,pbkdf2:sha256:600000$saltXYZ$hashedvalue,Deepika Nair 2481,57,Other,Lucknow,Gujarat,"Grocery,Sports",2025-02-07,False,True
U02482,user02482,user2482@smartcart.ai,pbkdf2:sha256:600000$saltXYZ$hashedvalue,Priya Singh 2482,23,Male,Lucknow,Delhi,Toys,2025-06-11,False,True
U02483,user02483,user2483@smartcart.ai,pbkdf2:sha256:600000$saltXYZ$hashedvalue,Rahul Sharma 2483,35,Male,Lucknow,Gujarat,"Automotive,Fashion",2023-07-17,False,True
U02484,user02484,user2484@smartcart.ai,pbkdf2:sha256:600000$saltXYZ$hashedvalue,Sneha Gupta 2484,47,Male,Ahmedabad,Maharashtra,"Sports,Grocery,Home & Kitchen",2025-10-12,False,False
U02485,user02485,user2485@smartcart.ai,pbkdf2:sha256:600000$saltXYZ$hashedvalue,Priya Singh 2485,35,Other,Chennai,West Bengal,Electronics,2026-03-19,False,True
U02486,user02486,user2486@smartcart.ai,pbkdf2:sha256:600000$saltXYZ$hashedvalue,Karan Mehta 2486,44,Male,Kolkata,Rajasthan,"Electronics,Automotive,Sports,Health",2025-03-24,False,True
U02487,user02487,user2487@smartcart.ai,pbkdf2:sha256:600000$saltXYZ$hashedvalue,Karan Mehta 2487,24,Male,Pune,Punjab,Home & Kitchen,2023-05-08,False,False
U02488,user02488,user2488@smartcart.ai,pbkdf2:sha256:600000$saltXYZ$hashedvalue,Vijay Kumar 2488,20,Male,Surat,Rajasthan,Beauty,2023-06-04,False,True
U02489,user02489,user2489@smartcart.ai,pbkdf2:sha256:600000$saltXYZ$hashedvalue,Pooja Pillai 2489,35,Female,Ahmedabad,Punjab,"Beauty,Electronics,Toys,Fashion",2023-07-19,False,True
U02490,user02490,user2490@smartcart.ai,pbkdf2:sha256:600000$saltXYZ$hashedvalue,Pooja Pillai 2490,40,Other,Bangalore,Rajasthan,"Grocery,Toys",2023-07-14,False,True
U02491,user02491,user2491@smartcart.ai,pbkdf2:sha256:600000$saltXYZ$hashedvalue,Priya Singh 2491,19,Female,Lucknow,Rajasthan,"Books,Toys,Home & Kitchen",2024-09-21,False,True
U02492,user02492,user2492@smartcart.ai,pbkdf2:sha256:600000$saltXYZ$hashedvalue,Vijay Kumar 2492,39,Male,Hyderabad,Delhi,Books,2025-04-27,False,True
U02493,user02493,user2493@smartcart.ai,pbkdf2:sha256:600000$saltXYZ$hashedvalue,Sneha Gupta 2493,34,Male,Chandigarh,Tamil Nadu,"Beauty,Health",2025-10-16,False,True
U02494,user02494,user2494@smartcart.ai,pbkdf2:sha256:600000$saltXYZ$hashedvalue,Karan Mehta 2494,53,Female,Chennai,Rajasthan,Books,2024-07-18,False,True
U02495,user02495,user2495@smartcart.ai,pbkdf2:sha256:600000$saltXYZ$hashedvalue,Priya Singh 2495,38,Female,Chennai,Rajasthan,"Beauty,Automotive,Grocery",2023-11-07,False,True
U02496,user02496,user2496@smartcart.ai,pbkdf2:sha256:600000$saltXYZ$hashedvalue,Rahul Sharma 2496,35,Female,Surat,Gujarat,"Health,Home & Kitchen,Automotive",2024-05-06,False,True
U02497,user02497,user2497@smartcart.ai,pbkdf2:sha256:600000$saltXYZ$hashedvalue,Ananya Joshi 2497,41,Male,Bangalore,Punjab,Automotive,2024-03-04,False,True
U02498,user02498,user2498@smartcart.ai,pbkdf2:sha256:600000$saltXYZ$hashedvalue,Rahul Sharma 2498,25,Male,Pune,West Bengal,Toys,2026-04-03,False,True
U02499,user02499,user2499@smartcart.ai,pbkdf2:sha256:600000$saltXYZ$hashedvalue,Ananya Joshi 2499,58,Female,Pune,Gujarat,"Toys,Beauty,Automotive",2023-04-27,False,True
U02500,user02500,user2500@smartcart.ai,pbkdf2:sha256:600000$saltXYZ$hashedvalue,Karan Mehta 2500,47,Other,Ahmedabad,West Bengal,"Health,Beauty,Books,Home & Kitchen",2025-04-24,False,True
U02501,user02501,user2501@smartcart.ai,pbkdf2:sha256:600000$saltXYZ$hashedvalue,Deepika Nair 2501,50,Male,Hyderabad,Punjab,Sports,2025-04-01,False,True
U02502,user02502,user2502@smartcart.ai,pbkdf2:sha256:600000$saltXYZ$hashedvalue,Sneha Gupta 2502,38,Male,Bangalore,Karnataka,Health,2023-12-02,False,True
U02503,user02503,user2503@smartcart.ai,pbkdf2:sha256:600000$saltXYZ$hashedvalue,Rohit Verma 2503,44,Male,Kolkata,Gujarat,"Grocery,Health",2025-03-12,False,True
U02504,user02504,user2504@smartcart.ai,pbkdf2:sha256:600000$saltXYZ$hashedvalue,Vijay Kumar 2504,52,Other,Chennai,Maharashtra,"Electronics,Health,Automotive,Toys",2024-08-09,False,True
U02505,user02505,user2505@smartcart.ai,pbkdf2:sha256:600000$saltXYZ$hashedvalue,Amit Patel 2505,35,Male,Bangalore,West Bengal,Sports,2024-06-18,False,True
U02506,user02506,user2506@smartcart.ai,pbkdf2:sha256:600000$saltXYZ$hashedvalue,Rohit Verma 2506,33,Male,Kolkata,Punjab,"Health,Home & Kitchen,Automotive,Fashion",2026-04-13,False,True
U02507,user02507,user2507@smartcart.ai,pbkdf2:sha256:600000$saltXYZ$hashedvalue,Ananya Joshi 2507,27,Female,Pune,West Bengal,"Home & Kitchen,Automotive",2026-01-22,False,True
U02508,user02508,user2508@smartcart.ai,pbkdf2:sha256:600000$saltXYZ$hashedvalue,Vijay Kumar 2508,61,Male,Mumbai,Telangana,"Books,Toys",2025-06-19,False,True
U02509,user02509,user2509@smartcart.ai,pbkdf2:sha256:600000$saltXYZ$hashedvalue,Vijay Kumar 2509,57,Other,Hyderabad,Maharashtra,"Health,Automotive,Books,Home & Kitchen",2025-08-10,False,False
U02510,user02510,user2510@smartcart.ai,pbkdf2:sha256:600000$saltXYZ$hashedvalue,Deepika Nair 2510,52,Female,Jaipur,Gujarat,"Electronics,Books",2025-05-15,False,True
U02511,user02511,user2511@smartcart.ai,pbkdf2:sha256:600000$saltXYZ$hashedvalue,Priya Singh 2511,35,Male,Lucknow,Rajasthan,"Beauty,Fashion,Home & Kitchen",2025-08-06,False,True
U02512,user02512,user2512@smartcart.ai,pbkdf2:sha256:600000$saltXYZ$hashedvalue,Karan Mehta 2512,49,Male,Kolkata,Tamil Nadu,"Beauty,Electronics",2025-04-04,False,True
U02513,user02513,user2513@smartcart.ai,pbkdf2:sha256:600000$saltXYZ$hashedvalue,Rahul Sharma 2513,49,Male,Ahmedabad,Delhi,Health,2023-05-08,False,True
U02514,user02514,user2514@smartcart.ai,pbkdf2:sha256:600000$saltXYZ$hashedvalue,Karan Mehta 2514,59,Other,Lucknow,Punjab,"Health,Books,Home & Kitchen,Toys",2023-05-02,False,True
U02515,user02515,user2515@smartcart.ai,pbkdf2:sha256:600000$saltXYZ$hashedvalue,Rahul Sharma 2515,28,Female,Kolkata,Karnataka,"Home & Kitchen,Books,Grocery,Automotive",2025-06-07,False,True
U02516,user02516,user2516@smartcart.ai,pbkdf2:sha256:600000$saltXYZ$hashedvalue,Karan Mehta 2516,38,Female,Jaipur,Delhi,"Sports,Home & Kitchen,Health,Beauty",2024-11-06,False,True
U02517,user02517,user2517@smartcart.ai,pbkdf2:sha256:600000$saltXYZ$hashedvalue,Ananya Joshi 2517,50,Female,Chennai,Telangana,"Grocery,Automotive,Books",2025-04-19,False,True
U02518,user02518,user2518@smartcart.ai,pbkdf2:sha256:600000$saltXYZ$hashedvalue,Amit Patel 2518,34,Other,Surat,Delhi,"Sports,Books,Electronics",2025-11-17,False,True
U02519,user02519,user2519@smartcart.ai,pbkdf2:sha256:600000$saltXYZ$hashedvalue,Sneha Gupta 2519,53,Female,Kolkata,Tamil Nadu,"Sports,Grocery,Toys,Home & Kitchen",2024-12-17,False,True
U02520,user02520,user2520@smartcart.ai,pbkdf2:sha256:600000$saltXYZ$hashedvalue,Rahul Sharma 2520,39,Female,Hyderabad,Telangana,"Health,Home & Kitchen,Books",2025-02-09,False,True
U02521,user02521,user2521@smartcart.ai,pbkdf2:sha256:600000$saltXYZ$hashedvalue,Vijay Kumar 2521,65,Other,Delhi,Punjab,Health,2025-02-21,False,True
U02522,user02522,user2522@smartcart.ai,pbkdf2:sha256:600000$saltXYZ$hashedvalue,Sneha Gupta 2522,18,Female,Mumbai,Delhi,Toys,2025-11-26,False,True
U02523,user02523,user2523@smartcart.ai,pbkdf2:sha256:600000$saltXYZ$hashedvalue,Rohit Verma 2523,57,Female,Delhi,UP,"Automotive,Fashion,Toys,Sports",2023-12-28,False,True
U02524,user02524,user2524@smartcart.ai,pbkdf2:sha256:600000$saltXYZ$hashedvalue,Amit Patel 2524,20,Other,Delhi,Gujarat,"Home & Kitchen,Health",2025-02-25,False,True
U02525,user02525,user2525@smartcart.ai,pbkdf2:sha256:600000$saltXYZ$hashedvalue,Karan Mehta 2525,51,Female,Hyderabad,Karnataka,"Home & Kitchen,Automotive",2025-09-01,False,True
U02526,user02526,user2526@smartcart.ai,pbkdf2:sha256:600000$saltXYZ$hashedvalue,Sneha Gupta 2526,24,Other,Hyderabad,Telangana,"Toys,Sports,Home & Kitchen",2024-04-02,False,True
U02527,user02527,user2527@smartcart.ai,pbkdf2:sha256:600000$saltXYZ$hashedvalue,Amit Patel 2527,26,Other,Kolkata,Telangana,"Fashion,Electronics,Grocery,Automotive",2024-08-21,False,True
U02528,user02528,user2528@smartcart.ai,pbkdf2:sha256:600000$saltXYZ$hashedvalue,Deepika Nair 2528,58,Male,Jaipur,Delhi,"Home & Kitchen,Electronics,Sports",2025-11-23,False,True
U02529,user02529,user2529@smartcart.ai,pbkdf2:sha256:600000$saltXYZ$hashedvalue,Rohit Verma 2529,22,Other,Hyderabad,Gujarat,"Home & Kitchen,Fashion,Electronics,Automotive",2024-04-21,False,True
U02530,user02530,user2530@smartcart.ai,pbkdf2:sha256:600000$saltXYZ$hashedvalue,Rahul Sharma 2530,44,Other,Bangalore,Rajasthan,"Beauty,Books,Automotive,Grocery",2024-05-22,False,True
U02531,user02531,user2531@smartcart.ai,pbkdf2:sha256:600000$saltXYZ$hashedvalue,Rohit Verma 2531,54,Other,Kolkata,UP,"Fashion,Electronics",2025-10-26,False,True
U02532,user02532,user2532@smartcart.ai,pbkdf2:sha256:600000$saltXYZ$hashedvalue,Amit Patel 2532,49,Female,Ahmedabad,Punjab,"Books,Grocery,Toys,Beauty",2026-04-17,False,True
U02533,user02533,user2533@smartcart.ai,pbkdf2:sha256:600000$saltXYZ$hashedvalue,Amit Patel 2533,36,Other,Chennai,Karnataka,"Automotive,Electronics",2024-05-28,False,True
U02534,user02534,user2534@smartcart.ai,pbkdf2:sha256:600000$saltXYZ$hashedvalue,Vijay Kumar 2534,35,Male,Mumbai,Telangana,Beauty,2024-03-08,False,True
U02535,user02535,user2535@smartcart.ai,pbkdf2:sha256:600000$saltXYZ$hashedvalue,Rohit Verma 2535,46,Male,Pune,Gujarat,"Beauty,Electronics,Sports",2024-11-22,False,True
U02536,user02536,user2536@smartcart.ai,pbkdf2:sha256:600000$saltXYZ$hashedvalue,Priya Singh 2536,59,Male,Hyderabad,Rajasthan,"Sports,Home & Kitchen",2023-09-28,False,True
U02537,user02537,user2537@smartcart.ai,pbkdf2:sha256:600000$saltXYZ$hashedvalue,Vijay Kumar 2537,53,Male,Surat,Karnataka,"Beauty,Sports,Health",2025-01-13,False,True
U02538,user02538,user2538@smartcart.ai,pbkdf2:sha256:600000$saltXYZ$hashedvalue,Pooja Pillai 2538,54,Female,Bangalore,Punjab,"Grocery,Health",2024-04-14,False,True
U02539,user02539,user2539@smartcart.ai,pbkdf2:sha256:600000$saltXYZ$hashedvalue,Amit Patel 2539,20,Male,Pune,Punjab,"Health,Beauty,Automotive",2023-09-11,False,True
U02540,user02540,user2540@smartcart.ai,pbkdf2:sha256:600000$saltXYZ$hashedvalue,Sneha Gupta 2540,28,Female,Pune,Maharashtra,"Beauty,Books,Home & Kitchen,Grocery",2025-05-19,False,True
U02541,user02541,user2541@smartcart.ai,pbkdf2:sha256:600000$saltXYZ$hashedvalue,Pooja Pillai 2541,36,Other,Bangalore,Maharashtra,"Home & Kitchen,Beauty,Grocery,Toys",2023-07-08,False,True
U02542,user02542,user2542@smartcart.ai,pbkdf2:sha256:600000$saltXYZ$hashedvalue,Sneha Gupta 2542,39,Male,Hyderabad,Delhi,"Fashion,Beauty",2024-01-22,False,True
U02543,user02543,user2543@smartcart.ai,pbkdf2:sha256:600000$saltXYZ$hashedvalue,Deepika Nair 2543,34,Female,Surat,Delhi,"Toys,Books,Grocery,Health",2025-01-19,False,True
U02544,user02544,user2544@smartcart.ai,pbkdf2:sha256:600000$saltXYZ$hashedvalue,Rohit Verma 2544,50,Other,Kolkata,Karnataka,"Automotive,Sports,Home & Kitchen",2026-04-13,False,True
U02545,user02545,user2545@smartcart.ai,pbkdf2:sha256:600000$saltXYZ$hashedvalue,Sneha Gupta 2545,34,Male,Hyderabad,Telangana,"Home & Kitchen,Fashion",2023-10-02,False,True
U02546,user02546,user2546@smartcart.ai,pbkdf2:sha256:600000$saltXYZ$hashedvalue,Vijay Kumar 2546,19,Male,Hyderabad,Gujarat,"Home & Kitchen,Health",2025-04-27,False,True
U02547,user02547,user2547@smartcart.ai,pbkdf2:sha256:600000$saltXYZ$hashedvalue,Pooja Pillai 2547,32,Other,Mumbai,Telangana,"Health,Automotive,Fashion",2025-10-11,False,True
U02548,user02548,user2548@smartcart.ai,pbkdf2:sha256:600000$saltXYZ$hashedvalue,Vijay Kumar 2548,59,Other,Ahmedabad,West Bengal,Books,2024-10-22,False,True
U02549,user02549,user2549@smartcart.ai,pbkdf2:sha256:600000$saltXYZ$hashedvalue,Priya Singh 2549,52,Female,Ahmedabad,Karnataka,"Automotive,Grocery,Home & Kitchen",2025-01-29,False,True
U02550,user02550,user2550@smartcart.ai,pbkdf2:sha256:600000$saltXYZ$hashedvalue,Ananya Joshi 2550,47,Other,Lucknow,Punjab,"Home & Kitchen,Electronics,Fashion",2024-01-11,False,True
U02551,user02551,user2551@smartcart.ai,pbkdf2:sha256:600000$saltXYZ$hashedvalue,Ananya Joshi 2551,55,Other,Delhi,Maharashtra,Toys,2024-04-21,False,True
U02552,user02552,user2552@smartcart.ai,pbkdf2:sha256:600000$saltXYZ$hashedvalue,Rohit Verma 2552,23,Female,Ahmedabad,Rajasthan,"Automotive,Grocery",2023-08-18,False,True
U02553,user02553,user2553@smartcart.ai,pbkdf2:sha256:600000$saltXYZ$hashedvalue,Pooja Pillai 2553,62,Female,Pune,Delhi,Electronics,2023-10-01,False,True
U02554,user02554,user2554@smartcart.ai,pbkdf2:sha256:600000$saltXYZ$hashedvalue,Vijay Kumar 2554,46,Male,Kolkata,Telangana,"Electronics,Books,Sports,Toys",2025-12-13,False,True
U02555,user02555,user2555@smartcart.ai,pbkdf2:sha256:600000$saltXYZ$hashedvalue,Vijay Kumar 2555,47,Other,Surat,Tamil Nadu,"Toys,Fashion,Health",2023-08-23,False,True
U02556,user02556,user2556@smartcart.ai,pbkdf2:sha256:600000$saltXYZ$hashedvalue,Ananya Joshi 2556,40,Other,Chandigarh,Telangana,"Automotive,Books,Health",2026-03-17,False,True
U02557,user02557,user2557@smartcart.ai,pbkdf2:sha256:600000$saltXYZ$hashedvalue,Priya Singh 2557,35,Male,Chennai,Delhi,"Beauty,Books,Health,Automotive",2026-04-05,False,True
U02558,user02558,user2558@smartcart.ai,pbkdf2:sha256:600000$saltXYZ$hashedvalue,Karan Mehta 2558,46,Other,Bangalore,Telangana,"Books,Sports,Grocery",2026-03-22,False,True
U02559,user02559,user2559@smartcart.ai,pbkdf2:sha256:600000$saltXYZ$hashedvalue,Karan Mehta 2559,46,Female,Ahmedabad,Delhi,"Health,Beauty,Toys,Automotive",2023-12-17,False,True
U02560,user02560,user2560@smartcart.ai,pbkdf2:sha256:600000$saltXYZ$hashedvalue,Deepika Nair 2560,47,Other,Pune,Maharashtra,"Grocery,Sports,Home & Kitchen,Toys",2025-08-13,False,True
U02561,user02561,user2561@smartcart.ai,pbkdf2:sha256:600000$saltXYZ$hashedvalue,Karan Mehta 2561,46,Male,Surat,West Bengal,"Home & Kitchen,Toys,Electronics",2025-05-16,False,True
U02562,user02562,user2562@smartcart.ai,pbkdf2:sha256:600000$saltXYZ$hashedvalue,Rahul Sharma 2562,48,Female,Chandigarh,UP,"Health,Home & Kitchen",2024-03-07,False,True
U02563,user02563,user2563@smartcart.ai,pbkdf2:sha256:600000$saltXYZ$hashedvalue,Karan Mehta 2563,24,Female,Bangalore,Telangana,"Fashion,Sports",2024-01-15,False,True
U02564,user02564,user2564@smartcart.ai,pbkdf2:sha256:600000$saltXYZ$hashedvalue,Priya Singh 2564,52,Other,Bangalore,Karnataka,"Home & Kitchen,Toys",2025-11-30,False,True
U02565,user02565,user2565@smartcart.ai,pbkdf2:sha256:600000$saltXYZ$hashedvalue,Deepika Nair 2565,45,Other,Kolkata,Maharashtra,"Health,Beauty,Home & Kitchen",2025-06-15,False,True
U02566,user02566,user2566@smartcart.ai,pbkdf2:sha256:600000$saltXYZ$hashedvalue,Priya Singh 2566,47,Other,Mumbai,Punjab,"Electronics,Automotive,Sports",2025-03-12,False,True
U02567,user02567,user2567@smartcart.ai,pbkdf2:sha256:600000$saltXYZ$hashedvalue,Sneha Gupta 2567,62,Female,Pune,Karnataka,"Fashion,Beauty",2025-03-18,False,True
U02568,user02568,user2568@smartcart.ai,pbkdf2:sha256:600000$saltXYZ$hashedvalue,Priya Singh 2568,57,Other,Bangalore,Delhi,Toys,2024-07-29,False,True
U02569,user02569,user2569@smartcart.ai,pbkdf2:sha256:600000$saltXYZ$hashedvalue,Karan Mehta 2569,39,Other,Delhi,Gujarat,Health,2023-08-16,False,True
U02570,user02570,user2570@smartcart.ai,pbkdf2:sha256:600000$saltXYZ$hashedvalue,Rohit Verma 2570,20,Female,Chandigarh,Tamil Nadu,Sports,2025-01-04,False,True
U02571,user02571,user2571@smartcart.ai,pbkdf2:sha256:600000$saltXYZ$hashedvalue,Rahul Sharma 2571,35,Male,Delhi,Punjab,"Toys,Beauty,Electronics",2024-01-27,False,True
U02572,user02572,user2572@smartcart.ai,pbkdf2:sha256:600000$saltXYZ$hashedvalue,Karan Mehta 2572,46,Female,Surat,Gujarat,"Electronics,Books,Sports,Health",2024-03-13,False,True
U02573,user02573,user2573@smartcart.ai,pbkdf2:sha256:600000$saltXYZ$hashedvalue,Deepika Nair 2573,26,Male,Delhi,Gujarat,Grocery,2024-01-11,False,True
U02574,user02574,user2574@smartcart.ai,pbkdf2:sha256:600000$saltXYZ$hashedvalue,Priya Singh 2574,64,Female,Bangalore,Telangana,Electronics,2025-05-16,False,True
U02575,user02575,user2575@smartcart.ai,pbkdf2:sha256:600000$saltXYZ$hashedvalue,Rohit Verma 2575,40,Female,Chennai,Maharashtra,"Fashion,Books,Sports,Automotive",2025-04-28,False,True
U02576,user02576,user2576@smartcart.ai,pbkdf2:sha256:600000$saltXYZ$hashedvalue,Rohit Verma 2576,21,Other,Delhi,Punjab,"Fashion,Toys,Automotive",2023-10-11,False,True
U02577,user02577,user2577@smartcart.ai,pbkdf2:sha256:600000$saltXYZ$hashedvalue,Amit Patel 2577,20,Female,Lucknow,Punjab,"Automotive,Electronics",2025-07-27,False,False
U02578,user02578,user2578@smartcart.ai,pbkdf2:sha256:600000$saltXYZ$hashedvalue,Karan Mehta 2578,23,Female,Kolkata,Delhi,Grocery,2024-03-08,False,True
U02579,user02579,user2579@smartcart.ai,pbkdf2:sha256:600000$saltXYZ$hashedvalue,Karan Mehta 2579,31,Male,Hyderabad,Telangana,"Automotive,Sports",2023-07-09,False,True
U02580,user02580,user2580@smartcart.ai,pbkdf2:sha256:600000$saltXYZ$hashedvalue,Rahul Sharma 2580,22,Male,Lucknow,Rajasthan,"Automotive,Electronics,Fashion",2024-06-11,False,True
U02581,user02581,user2581@smartcart.ai,pbkdf2:sha256:600000$saltXYZ$hashedvalue,Rohit Verma 2581,21,Male,Chennai,Tamil Nadu,"Home & Kitchen,Automotive,Electronics",2024-08-18,False,True
U02582,user02582,user2582@smartcart.ai,pbkdf2:sha256:600000$saltXYZ$hashedvalue,Rohit Verma 2582,42,Female,Chandigarh,Maharashtra,"Electronics,Beauty,Home & Kitchen",2025-04-07,False,True
U02583,user02583,user2583@smartcart.ai,pbkdf2:sha256:600000$saltXYZ$hashedvalue,Amit Patel 2583,36,Female,Chandigarh,Karnataka,"Home & Kitchen,Beauty,Health,Books",2023-08-27,False,True
U02584,user02584,user2584@smartcart.ai,pbkdf2:sha256:600000$saltXYZ$hashedvalue,Sneha Gupta 2584,37,Other,Lucknow,Punjab,Automotive,2024-02-07,False,False
U02585,user02585,user2585@smartcart.ai,pbkdf2:sha256:600000$saltXYZ$hashedvalue,Sneha Gupta 2585,49,Female,Bangalore,West Bengal,"Electronics,Fashion,Automotive,Sports",2023-10-11,False,True
U02586,user02586,user2586@smartcart.ai,pbkdf2:sha256:600000$saltXYZ$hashedvalue,Rahul Sharma 2586,46,Male,Surat,UP,Sports,2026-01-18,False,True
U02587,user02587,user2587@smartcart.ai,pbkdf2:sha256:600000$saltXYZ$hashedvalue,Sneha Gupta 2587,42,Female,Pune,Rajasthan,Grocery,2025-02-02,False,True
U02588,user02588,user2588@smartcart.ai,pbkdf2:sha256:600000$saltXYZ$hashedvalue,Pooja Pillai 2588,61,Other,Delhi,West Bengal,"Sports,Fashion,Grocery,Automotive",2025-08-12,False,True
U02589,user02589,user2589@smartcart.ai,pbkdf2:sha256:600000$saltXYZ$hashedvalue,Vijay Kumar 2589,32,Other,Lucknow,West Bengal,Electronics,2026-01-15,False,True
U02590,user02590,user2590@smartcart.ai,pbkdf2:sha256:600000$saltXYZ$hashedvalue,Rahul Sharma 2590,35,Male,Surat,Gujarat,"Fashion,Electronics",2025-12-07,False,True
U02591,user02591,user2591@smartcart.ai,pbkdf2:sha256:600000$saltXYZ$hashedvalue,Vijay Kumar 2591,53,Other,Hyderabad,Karnataka,"Toys,Electronics,Fashion",2025-03-10,False,True
U02592,user02592,user2592@smartcart.ai,pbkdf2:sha256:600000$saltXYZ$hashedvalue,Pooja Pillai 2592,30,Male,Pune,Tamil Nadu,"Fashion,Home & Kitchen,Electronics",2023-08-15,False,True
U02593,user02593,user2593@smartcart.ai,pbkdf2:sha256:600000$saltXYZ$hashedvalue,Priya Singh 2593,30,Other,Bangalore,West Bengal,"Home & Kitchen,Automotive,Toys",2024-11-25,False,True
U02594,user02594,user2594@smartcart.ai,pbkdf2:sha256:600000$saltXYZ$hashedvalue,Rahul Sharma 2594,55,Female,Bangalore,Punjab,"Health,Home & Kitchen,Electronics,Books",2025-07-17,False,True
U02595,user02595,user2595@smartcart.ai,pbkdf2:sha256:600000$saltXYZ$hashedvalue,Deepika Nair 2595,38,Male,Hyderabad,West Bengal,Books,2024-08-15,False,True
U02596,user02596,user2596@smartcart.ai,pbkdf2:sha256:600000$saltXYZ$hashedvalue,Vijay Kumar 2596,50,Female,Hyderabad,Rajasthan,"Electronics,Home & Kitchen,Beauty",2023-09-09,False,True
U02597,user02597,user2597@smartcart.ai,pbkdf2:sha256:600000$saltXYZ$hashedvalue,Karan Mehta 2597,64,Other,Mumbai,Delhi,"Toys,Home & Kitchen,Fashion",2024-08-16,False,True
U02598,user02598,user2598@smartcart.ai,pbkdf2:sha256:600000$saltXYZ$hashedvalue,Karan Mehta 2598,62,Other,Kolkata,Punjab,Beauty,2025-11-11,False,True
U02599,user02599,user2599@smartcart.ai,pbkdf2:sha256:600000$saltXYZ$hashedvalue,Rahul Sharma 2599,37,Other,Chandigarh,Karnataka,"Grocery,Beauty,Electronics,Health",2024-03-07,False,True
U02600,user02600,user2600@smartcart.ai,pbkdf2:sha256:600000$saltXYZ$hashedvalue,Vijay Kumar 2600,40,Male,Pune,Tamil Nadu,Home & Kitchen,2025-12-10,False,True
U02601,user02601,user2601@smartcart.ai,pbkdf2:sha256:600000$saltXYZ$hashedvalue,Priya Singh 2601,55,Other,Lucknow,UP,"Books,Home & Kitchen,Grocery",2025-11-01,False,True
U02602,user02602,user2602@smartcart.ai,pbkdf2:sha256:600000$saltXYZ$hashedvalue,Priya Singh 2602,42,Other,Chandigarh,Maharashtra,"Beauty,Sports,Health",2025-05-12,False,True
U02603,user02603,user2603@smartcart.ai,pbkdf2:sha256:600000$saltXYZ$hashedvalue,Rohit Verma 2603,50,Male,Jaipur,Telangana,"Grocery,Sports,Automotive,Health",2024-07-17,False,True
U02604,user02604,user2604@smartcart.ai,pbkdf2:sha256:600000$saltXYZ$hashedvalue,Vijay Kumar 2604,25,Male,Ahmedabad,UP,"Electronics,Automotive,Toys,Sports",2025-12-26,False,True
U02605,user02605,user2605@smartcart.ai,pbkdf2:sha256:600000$saltXYZ$hashedvalue,Karan Mehta 2605,65,Female,Lucknow,UP,"Books,Home & Kitchen,Electronics,Health",2024-02-20,False,True
U02606,user02606,user2606@smartcart.ai,pbkdf2:sha256:600000$saltXYZ$hashedvalue,Ananya Joshi 2606,43,Other,Mumbai,UP,"Home & Kitchen,Grocery,Beauty",2025-01-18,False,True
U02607,user02607,user2607@smartcart.ai,pbkdf2:sha256:600000$saltXYZ$hashedvalue,Karan Mehta 2607,33,Female,Pune,Punjab,Toys,2024-02-15,False,True
U02608,user02608,user2608@smartcart.ai,pbkdf2:sha256:600000$saltXYZ$hashedvalue,Pooja Pillai 2608,45,Other,Surat,Tamil Nadu,"Fashion,Electronics,Automotive,Grocery",2023-09-07,False,True
U02609,user02609,user2609@smartcart.ai,pbkdf2:sha256:600000$saltXYZ$hashedvalue,Ananya Joshi 2609,18,Female,Kolkata,Maharashtra,"Home & Kitchen,Automotive,Grocery,Health",2023-07-07,False,True
U02610,user02610,user2610@smartcart.ai,pbkdf2:sha256:600000$saltXYZ$hashedvalue,Vijay Kumar 2610,60,Other,Chennai,Maharashtra,"Sports,Books,Toys",2024-09-24,False,True
U02611,user02611,user2611@smartcart.ai,pbkdf2:sha256:600000$saltXYZ$hashedvalue,Priya Singh 2611,60,Female,Delhi,Telangana,"Beauty,Toys",2025-07-25,False,True
U02612,user02612,user2612@smartcart.ai,pbkdf2:sha256:600000$saltXYZ$hashedvalue,Rahul Sharma 2612,56,Male,Hyderabad,Telangana,"Toys,Fashion",2023-08-03,False,True
U02613,user02613,user2613@smartcart.ai,pbkdf2:sha256:600000$saltXYZ$hashedvalue,Vijay Kumar 2613,26,Other,Jaipur,Karnataka,"Toys,Fashion,Books,Electronics",2023-10-07,False,True
U02614,user02614,user2614@smartcart.ai,pbkdf2:sha256:600000$saltXYZ$hashedvalue,Rahul Sharma 2614,58,Other,Lucknow,Maharashtra,Electronics,2024-01-28,False,False
U02615,user02615,user2615@smartcart.ai,pbkdf2:sha256:600000$saltXYZ$hashedvalue,Ananya Joshi 2615,20,Male,Lucknow,Karnataka,"Health,Sports,Books,Fashion",2025-10-23,False,True
U02616,user02616,user2616@smartcart.ai,pbkdf2:sha256:600000$saltXYZ$hashedvalue,Amit Patel 2616,39,Female,Ahmedabad,Maharashtra,"Beauty,Electronics,Sports,Toys",2026-04-10,False,True
U02617,user02617,user2617@smartcart.ai,pbkdf2:sha256:600000$saltXYZ$hashedvalue,Vijay Kumar 2617,59,Other,Surat,Rajasthan,"Grocery,Home & Kitchen,Toys",2024-07-23,False,True
U02618,user02618,user2618@smartcart.ai,pbkdf2:sha256:600000$saltXYZ$hashedvalue,Rohit Verma 2618,61,Male,Jaipur,Tamil Nadu,Books,2025-01-24,False,True
U02619,user02619,user2619@smartcart.ai,pbkdf2:sha256:600000$saltXYZ$hashedvalue,Pooja Pillai 2619,29,Female,Delhi,Punjab,Grocery,2024-07-08,False,True
U02620,user02620,user2620@smartcart.ai,pbkdf2:sha256:600000$saltXYZ$hashedvalue,Vijay Kumar 2620,61,Male,Lucknow,Delhi,"Home & Kitchen,Sports,Health,Fashion",2023-05-09,False,True
U02621,user02621,user2621@smartcart.ai,pbkdf2:sha256:600000$saltXYZ$hashedvalue,Vijay Kumar 2621,32,Male,Chandigarh,West Bengal,"Toys,Books",2025-07-29,False,True
U02622,user02622,user2622@smartcart.ai,pbkdf2:sha256:600000$saltXYZ$hashedvalue,Vijay Kumar 2622,54,Male,Chandigarh,Tamil Nadu,"Sports,Home & Kitchen",2024-06-11,False,True
U02623,user02623,user2623@smartcart.ai,pbkdf2:sha256:600000$saltXYZ$hashedvalue,Rohit Verma 2623,50,Female,Chandigarh,Maharashtra,Sports,2026-04-20,False,True
U02624,user02624,user2624@smartcart.ai,pbkdf2:sha256:600000$saltXYZ$hashedvalue,Sneha Gupta 2624,53,Other,Ahmedabad,West Bengal,Health,2023-11-03,False,True
U02625,user02625,user2625@smartcart.ai,pbkdf2:sha256:600000$saltXYZ$hashedvalue,Sneha Gupta 2625,62,Male,Ahmedabad,Telangana,"Health,Fashion,Sports,Grocery",2024-02-18,False,True
U02626,user02626,user2626@smartcart.ai,pbkdf2:sha256:600000$saltXYZ$hashedvalue,Karan Mehta 2626,20,Male,Ahmedabad,Delhi,"Toys,Fashion,Grocery",2025-03-11,False,True
U02627,user02627,user2627@smartcart.ai,pbkdf2:sha256:600000$saltXYZ$hashedvalue,Karan Mehta 2627,57,Other,Ahmedabad,Punjab,"Toys,Sports,Fashion,Health",2025-05-06,False,True
U02628,user02628,user2628@smartcart.ai,pbkdf2:sha256:600000$saltXYZ$hashedvalue,Rahul Sharma 2628,60,Female,Hyderabad,Tamil Nadu,"Beauty,Toys",2024-10-28,False,True
U02629,user02629,user2629@smartcart.ai,pbkdf2:sha256:600000$saltXYZ$hashedvalue,Deepika Nair 2629,19,Male,Jaipur,West Bengal,"Beauty,Automotive,Electronics,Grocery",2025-10-02,False,True
U02630,user02630,user2630@smartcart.ai,pbkdf2:sha256:600000$saltXYZ$hashedvalue,Deepika Nair 2630,45,Male,Lucknow,Karnataka,"Automotive,Fashion",2025-01-19,False,True
U02631,user02631,user2631@smartcart.ai,pbkdf2:sha256:600000$saltXYZ$hashedvalue,Karan Mehta 2631,40,Male,Jaipur,Telangana,Fashion,2023-05-31,False,True
U02632,user02632,user2632@smartcart.ai,pbkdf2:sha256:600000$saltXYZ$hashedvalue,Pooja Pillai 2632,37,Female,Surat,Maharashtra,"Beauty,Toys",2025-06-24,False,True
U02633,user02633,user2633@smartcart.ai,pbkdf2:sha256:600000$saltXYZ$hashedvalue,Ananya Joshi 2633,36,Male,Kolkata,Gujarat,"Toys,Books",2023-10-24,False,True
U02634,user02634,user2634@smartcart.ai,pbkdf2:sha256:600000$saltXYZ$hashedvalue,Ananya Joshi 2634,29,Female,Chennai,Telangana,"Books,Sports",2023-08-05,False,True
U02635,user02635,user2635@smartcart.ai,pbkdf2:sha256:600000$saltXYZ$hashedvalue,Amit Patel 2635,41,Female,Kolkata,Maharashtra,"Electronics,Home & Kitchen",2026-04-19,False,True
U02636,user02636,user2636@smartcart.ai,pbkdf2:sha256:600000$saltXYZ$hashedvalue,Ananya Joshi 2636,43,Other,Mumbai,Karnataka,"Books,Sports,Grocery",2025-09-10,False,True
U02637,user02637,user2637@smartcart.ai,pbkdf2:sha256:600000$saltXYZ$hashedvalue,Vijay Kumar 2637,36,Female,Surat,Delhi,"Automotive,Beauty",2026-02-18,False,True
U02638,user02638,user2638@smartcart.ai,pbkdf2:sha256:600000$saltXYZ$hashedvalue,Rahul Sharma 2638,44,Other,Delhi,West Bengal,Sports,2023-09-11,False,True
U02639,user02639,user2639@smartcart.ai,pbkdf2:sha256:600000$saltXYZ$hashedvalue,Rohit Verma 2639,43,Male,Pune,UP,"Sports,Health",2025-06-13,False,True
U02640,user02640,user2640@smartcart.ai,pbkdf2:sha256:600000$saltXYZ$hashedvalue,Vijay Kumar 2640,19,Female,Mumbai,Telangana,"Grocery,Automotive",2025-06-28,False,True
U02641,user02641,user2641@smartcart.ai,pbkdf2:sha256:600000$saltXYZ$hashedvalue,Amit Patel 2641,24,Female,Lucknow,Delhi,"Home & Kitchen,Fashion,Books,Electronics",2024-04-16,False,True
U02642,user02642,user2642@smartcart.ai,pbkdf2:sha256:600000$saltXYZ$hashedvalue,Rahul Sharma 2642,43,Female,Pune,Punjab,"Beauty,Toys",2023-11-18,False,True
U02643,user02643,user2643@smartcart.ai,pbkdf2:sha256:600000$saltXYZ$hashedvalue,Sneha Gupta 2643,36,Other,Chandigarh,Maharashtra,Electronics,2024-10-02,False,True
U02644,user02644,user2644@smartcart.ai,pbkdf2:sha256:600000$saltXYZ$hashedvalue,Deepika Nair 2644,55,Female,Chandigarh,Delhi,"Health,Toys,Grocery,Books",2023-10-07,False,True
U02645,user02645,user2645@smartcart.ai,pbkdf2:sha256:600000$saltXYZ$hashedvalue,Deepika Nair 2645,45,Female,Hyderabad,Punjab,"Toys,Grocery,Automotive,Books",2023-06-23,False,True
U02646,user02646,user2646@smartcart.ai,pbkdf2:sha256:600000$saltXYZ$hashedvalue,Vijay Kumar 2646,62,Male,Kolkata,Gujarat,"Toys,Books",2025-03-22,False,True
U02647,user02647,user2647@smartcart.ai,pbkdf2:sha256:600000$saltXYZ$hashedvalue,Vijay Kumar 2647,22,Other,Surat,Karnataka,Health,2025-11-24,False,True
U02648,user02648,user2648@smartcart.ai,pbkdf2:sha256:600000$saltXYZ$hashedvalue,Vijay Kumar 2648,52,Other,Surat,UP,"Health,Automotive,Grocery",2025-09-02,False,True
U02649,user02649,user2649@smartcart.ai,pbkdf2:sha256:600000$saltXYZ$hashedvalue,Vijay Kumar 2649,21,Male,Mumbai,Karnataka,"Beauty,Sports,Fashion,Toys",2023-07-15,False,True
U02650,user02650,user2650@smartcart.ai,pbkdf2:sha256:600000$saltXYZ$hashedvalue,Rohit Verma 2650,39,Female,Lucknow,West Bengal,"Toys,Beauty,Home & Kitchen",2023-05-30,False,True
U02651,user02651,user2651@smartcart.ai,pbkdf2:sha256:600000$saltXYZ$hashedvalue,Priya Singh 2651,39,Other,Hyderabad,Delhi,"Beauty,Fashion,Health",2025-10-03,False,True
U02652,user02652,user2652@smartcart.ai,pbkdf2:sha256:600000$saltXYZ$hashedvalue,Amit Patel 2652,18,Male,Chennai,Rajasthan,"Electronics,Automotive",2025-12-21,False,True
U02653,user02653,user2653@smartcart.ai,pbkdf2:sha256:600000$saltXYZ$hashedvalue,Priya Singh 2653,33,Male,Chennai,Maharashtra,"Toys,Home & Kitchen,Health",2023-12-02,False,True
U02654,user02654,user2654@smartcart.ai,pbkdf2:sha256:600000$saltXYZ$hashedvalue,Rahul Sharma 2654,25,Male,Mumbai,Karnataka,"Beauty,Electronics",2025-09-03,False,True
U02655,user02655,user2655@smartcart.ai,pbkdf2:sha256:600000$saltXYZ$hashedvalue,Rahul Sharma 2655,38,Female,Surat,Punjab,"Health,Grocery,Books,Toys",2023-08-28,False,True
U02656,user02656,user2656@smartcart.ai,pbkdf2:sha256:600000$saltXYZ$hashedvalue,Amit Patel 2656,18,Female,Ahmedabad,Tamil Nadu,"Fashion,Home & Kitchen,Grocery",2023-12-24,False,True
U02657,user02657,user2657@smartcart.ai,pbkdf2:sha256:600000$saltXYZ$hashedvalue,Amit Patel 2657,50,Female,Chennai,Rajasthan,Toys,2025-09-09,False,True
U02658,user02658,user2658@smartcart.ai,pbkdf2:sha256:600000$saltXYZ$hashedvalue,Vijay Kumar 2658,62,Male,Pune,Rajasthan,"Automotive,Sports,Home & Kitchen,Health",2024-03-08,False,True
U02659,user02659,user2659@smartcart.ai,pbkdf2:sha256:600000$saltXYZ$hashedvalue,Rohit Verma 2659,33,Female,Pune,Rajasthan,"Beauty,Books,Health",2024-05-01,False,True
U02660,user02660,user2660@smartcart.ai,pbkdf2:sha256:600000$saltXYZ$hashedvalue,Karan Mehta 2660,55,Other,Ahmedabad,Gujarat,"Books,Home & Kitchen",2024-02-18,False,True
U02661,user02661,user2661@smartcart.ai,pbkdf2:sha256:600000$saltXYZ$hashedvalue,Rohit Verma 2661,60,Male,Jaipur,Tamil Nadu,"Grocery,Electronics,Automotive",2025-08-10,False,True
U02662,user02662,user2662@smartcart.ai,pbkdf2:sha256:600000$saltXYZ$hashedvalue,Sneha Gupta 2662,55,Female,Lucknow,UP,"Health,Toys,Electronics",2024-07-02,False,True
U02663,user02663,user2663@smartcart.ai,pbkdf2:sha256:600000$saltXYZ$hashedvalue,Rohit Verma 2663,46,Female,Bangalore,Karnataka,"Home & Kitchen,Automotive,Sports",2026-02-23,False,True
U02664,user02664,user2664@smartcart.ai,pbkdf2:sha256:600000$saltXYZ$hashedvalue,Rohit Verma 2664,19,Male,Kolkata,Telangana,"Toys,Fashion,Beauty,Health",2026-01-23,False,True
U02665,user02665,user2665@smartcart.ai,pbkdf2:sha256:600000$saltXYZ$hashedvalue,Ananya Joshi 2665,50,Other,Ahmedabad,Gujarat,"Electronics,Sports,Books",2023-12-10,False,True
U02666,user02666,user2666@smartcart.ai,pbkdf2:sha256:600000$saltXYZ$hashedvalue,Vijay Kumar 2666,59,Female,Mumbai,Tamil Nadu,Fashion,2023-05-10,False,True
U02667,user02667,user2667@smartcart.ai,pbkdf2:sha256:600000$saltXYZ$hashedvalue,Rahul Sharma 2667,57,Other,Delhi,West Bengal,"Beauty,Fashion,Sports",2025-02-11,False,False
U02668,user02668,user2668@smartcart.ai,pbkdf2:sha256:600000$saltXYZ$hashedvalue,Pooja Pillai 2668,22,Male,Lucknow,West Bengal,"Health,Home & Kitchen,Grocery,Toys",2024-02-15,False,True
U02669,user02669,user2669@smartcart.ai,pbkdf2:sha256:600000$saltXYZ$hashedvalue,Priya Singh 2669,34,Female,Chennai,Rajasthan,Beauty,2024-06-06,False,True
U02670,user02670,user2670@smartcart.ai,pbkdf2:sha256:600000$saltXYZ$hashedvalue,Rahul Sharma 2670,35,Male,Hyderabad,UP,Grocery,2023-05-30,False,True
U02671,user02671,user2671@smartcart.ai,pbkdf2:sha256:600000$saltXYZ$hashedvalue,Pooja Pillai 2671,43,Male,Bangalore,UP,"Toys,Books,Health,Beauty",2024-01-14,False,True
U02672,user02672,user2672@smartcart.ai,pbkdf2:sha256:600000$saltXYZ$hashedvalue,Sneha Gupta 2672,48,Female,Ahmedabad,West Bengal,"Books,Home & Kitchen,Grocery",2025-07-07,False,True
U02673,user02673,user2673@smartcart.ai,pbkdf2:sha256:600000$saltXYZ$hashedvalue,Rahul Sharma 2673,25,Female,Surat,West Bengal,Home & Kitchen,2026-04-11,False,True
U02674,user02674,user2674@smartcart.ai,pbkdf2:sha256:600000$saltXYZ$hashedvalue,Sneha Gupta 2674,59,Female,Pune,Telangana,"Beauty,Fashion",2024-05-24,False,True
U02675,user02675,user2675@smartcart.ai,pbkdf2:sha256:600000$saltXYZ$hashedvalue,Karan Mehta 2675,33,Male,Jaipur,Punjab,"Grocery,Automotive,Health",2025-12-10,False,True
U02676,user02676,user2676@smartcart.ai,pbkdf2:sha256:600000$saltXYZ$hashedvalue,Ananya Joshi 2676,60,Other,Mumbai,Rajasthan,"Home & Kitchen,Electronics,Grocery",2026-02-17,False,True
U02677,user02677,user2677@smartcart.ai,pbkdf2:sha256:600000$saltXYZ$hashedvalue,Rahul Sharma 2677,19,Other,Lucknow,Rajasthan,"Automotive,Books,Electronics",2024-12-14,False,True
U02678,user02678,user2678@smartcart.ai,pbkdf2:sha256:600000$saltXYZ$hashedvalue,Rahul Sharma 2678,62,Female,Bangalore,Tamil Nadu,"Toys,Books",2024-04-19,False,True
U02679,user02679,user2679@smartcart.ai,pbkdf2:sha256:600000$saltXYZ$hashedvalue,Vijay Kumar 2679,33,Male,Kolkata,Gujarat,Electronics,2025-09-23,False,True
U02680,user02680,user2680@smartcart.ai,pbkdf2:sha256:600000$saltXYZ$hashedvalue,Ananya Joshi 2680,61,Male,Hyderabad,Delhi,"Automotive,Fashion,Home & Kitchen",2024-10-10,False,True
U02681,user02681,user2681@smartcart.ai,pbkdf2:sha256:600000$saltXYZ$hashedvalue,Priya Singh 2681,26,Female,Pune,Rajasthan,"Beauty,Toys,Grocery,Health",2024-12-16,False,True
U02682,user02682,user2682@smartcart.ai,pbkdf2:sha256:600000$saltXYZ$hashedvalue,Deepika Nair 2682,21,Female,Lucknow,UP,"Fashion,Home & Kitchen,Grocery,Sports",2023-11-08,False,True
U02683,user02683,user2683@smartcart.ai,pbkdf2:sha256:600000$saltXYZ$hashedvalue,Pooja Pillai 2683,56,Female,Chennai,Tamil Nadu,"Sports,Beauty,Automotive",2024-06-23,False,True
U02684,user02684,user2684@smartcart.ai,pbkdf2:sha256:600000$saltXYZ$hashedvalue,Pooja Pillai 2684,45,Female,Lucknow,Delhi,"Health,Sports,Toys",2023-04-29,False,False
U02685,user02685,user2685@smartcart.ai,pbkdf2:sha256:600000$saltXYZ$hashedvalue,Priya Singh 2685,18,Female,Kolkata,Gujarat,"Beauty,Grocery,Automotive",2025-11-16,False,True
U02686,user02686,user2686@smartcart.ai,pbkdf2:sha256:600000$saltXYZ$hashedvalue,Priya Singh 2686,59,Other,Chennai,Tamil Nadu,"Fashion,Automotive",2024-12-23,False,True
U02687,user02687,user2687@smartcart.ai,pbkdf2:sha256:600000$saltXYZ$hashedvalue,Rohit Verma 2687,52,Female,Jaipur,UP,"Books,Automotive,Fashion,Home & Kitchen",2026-04-14,False,True
U02688,user02688,user2688@smartcart.ai,pbkdf2:sha256:600000$saltXYZ$hashedvalue,Rohit Verma 2688,39,Other,Jaipur,Rajasthan,"Books,Automotive,Sports,Home & Kitchen",2024-09-01,False,True
U02689,user02689,user2689@smartcart.ai,pbkdf2:sha256:600000$saltXYZ$hashedvalue,Rahul Sharma 2689,41,Female,Kolkata,UP,"Sports,Home & Kitchen",2025-07-09,False,True
U02690,user02690,user2690@smartcart.ai,pbkdf2:sha256:600000$saltXYZ$hashedvalue,Vijay Kumar 2690,22,Other,Ahmedabad,UP,"Electronics,Automotive",2025-12-08,False,True
U02691,user02691,user2691@smartcart.ai,pbkdf2:sha256:600000$saltXYZ$hashedvalue,Amit Patel 2691,19,Other,Pune,Gujarat,"Sports,Home & Kitchen,Automotive",2025-08-02,False,True
U02692,user02692,user2692@smartcart.ai,pbkdf2:sha256:600000$saltXYZ$hashedvalue,Amit Patel 2692,40,Male,Delhi,Tamil Nadu,"Health,Automotive,Grocery",2024-01-11,False,True
U02693,user02693,user2693@smartcart.ai,pbkdf2:sha256:600000$saltXYZ$hashedvalue,Sneha Gupta 2693,28,Male,Jaipur,UP,"Home & Kitchen,Electronics,Sports",2025-08-29,False,True
U02694,user02694,user2694@smartcart.ai,pbkdf2:sha256:600000$saltXYZ$hashedvalue,Rohit Verma 2694,49,Female,Surat,Rajasthan,Books,2026-04-06,False,True
U02695,user02695,user2695@smartcart.ai,pbkdf2:sha256:600000$saltXYZ$hashedvalue,Ananya Joshi 2695,59,Other,Delhi,Maharashtra,"Electronics,Sports,Grocery",2023-11-05,False,True
U02696,user02696,user2696@smartcart.ai,pbkdf2:sha256:600000$saltXYZ$hashedvalue,Ananya Joshi 2696,37,Other,Mumbai,Karnataka,"Health,Books",2023-05-29,False,True
U02697,user02697,user2697@smartcart.ai,pbkdf2:sha256:600000$saltXYZ$hashedvalue,Amit Patel 2697,33,Male,Mumbai,Telangana,Sports,2024-05-24,False,True
U02698,user02698,user2698@smartcart.ai,pbkdf2:sha256:600000$saltXYZ$hashedvalue,Rahul Sharma 2698,26,Female,Hyderabad,West Bengal,"Beauty,Home & Kitchen,Sports,Fashion",2023-12-16,False,True
U02699,user02699,user2699@smartcart.ai,pbkdf2:sha256:600000$saltXYZ$hashedvalue,Karan Mehta 2699,57,Female,Kolkata,Karnataka,Toys,2023-11-22,False,True
U02700,user02700,user2700@smartcart.ai,pbkdf2:sha256:600000$saltXYZ$hashedvalue,Sneha Gupta 2700,23,Male,Mumbai,Punjab,"Automotive,Toys,Home & Kitchen,Beauty",2023-10-23,False,True
U02701,user02701,user2701@smartcart.ai,pbkdf2:sha256:600000$saltXYZ$hashedvalue,Pooja Pillai 2701,26,Male,Delhi,Tamil Nadu,Fashion,2023-08-30,False,True
U02702,user02702,user2702@smartcart.ai,pbkdf2:sha256:600000$saltXYZ$hashedvalue,Deepika Nair 2702,59,Male,Surat,Telangana,"Sports,Home & Kitchen",2025-09-24,False,True
U02703,user02703,user2703@smartcart.ai,pbkdf2:sha256:600000$saltXYZ$hashedvalue,Rahul Sharma 2703,45,Male,Lucknow,Rajasthan,"Home & Kitchen,Automotive,Electronics",2025-09-22,False,True
U02704,user02704,user2704@smartcart.ai,pbkdf2:sha256:600000$saltXYZ$hashedvalue,Rohit Verma 2704,29,Male,Ahmedabad,Delhi,Health,2026-03-07,False,True
U02705,user02705,user2705@smartcart.ai,pbkdf2:sha256:600000$saltXYZ$hashedvalue,Ananya Joshi 2705,62,Female,Hyderabad,Punjab,Sports,2025-09-10,False,True
U02706,user02706,user2706@smartcart.ai,pbkdf2:sha256:600000$saltXYZ$hashedvalue,Deepika Nair 2706,54,Other,Chennai,Gujarat,"Home & Kitchen,Grocery,Fashion",2024-06-19,False,True
U02707,user02707,user2707@smartcart.ai,pbkdf2:sha256:600000$saltXYZ$hashedvalue,Sneha Gupta 2707,38,Male,Mumbai,Tamil Nadu,"Sports,Toys",2023-11-13,False,True
U02708,user02708,user2708@smartcart.ai,pbkdf2:sha256:600000$saltXYZ$hashedvalue,Rohit Verma 2708,49,Female,Kolkata,UP,"Beauty,Health",2023-11-21,False,True
U02709,user02709,user2709@smartcart.ai,pbkdf2:sha256:600000$saltXYZ$hashedvalue,Rohit Verma 2709,18,Male,Delhi,Rajasthan,"Health,Electronics",2024-10-25,False,True
U02710,user02710,user2710@smartcart.ai,pbkdf2:sha256:600000$saltXYZ$hashedvalue,Pooja Pillai 2710,63,Other,Bangalore,Gujarat,"Automotive,Books",2025-08-17,False,True
U02711,user02711,user2711@smartcart.ai,pbkdf2:sha256:600000$saltXYZ$hashedvalue,Rahul Sharma 2711,28,Other,Hyderabad,Telangana,"Sports,Fashion,Automotive,Electronics",2024-01-09,False,True
U02712,user02712,user2712@smartcart.ai,pbkdf2:sha256:600000$saltXYZ$hashedvalue,Pooja Pillai 2712,62,Female,Pune,Karnataka,"Books,Home & Kitchen,Toys",2024-07-03,False,True
U02713,user02713,user2713@smartcart.ai,pbkdf2:sha256:600000$saltXYZ$hashedvalue,Sneha Gupta 2713,36,Female,Ahmedabad,Telangana,Fashion,2025-02-11,False,True
U02714,user02714,user2714@smartcart.ai,pbkdf2:sha256:600000$saltXYZ$hashedvalue,Rohit Verma 2714,49,Male,Chandigarh,Karnataka,Home & Kitchen,2025-05-08,False,True
U02715,user02715,user2715@smartcart.ai,pbkdf2:sha256:600000$saltXYZ$hashedvalue,Priya Singh 2715,26,Male,Jaipur,Telangana,"Toys,Electronics,Fashion,Grocery",2023-08-01,False,True
U02716,user02716,user2716@smartcart.ai,pbkdf2:sha256:600000$saltXYZ$hashedvalue,Pooja Pillai 2716,33,Male,Hyderabad,Tamil Nadu,"Home & Kitchen,Books,Sports",2024-01-29,False,True
U02717,user02717,user2717@smartcart.ai,pbkdf2:sha256:600000$saltXYZ$hashedvalue,Pooja Pillai 2717,65,Female,Ahmedabad,Tamil Nadu,"Grocery,Sports,Home & Kitchen",2023-05-26,False,True
U02718,user02718,user2718@smartcart.ai,pbkdf2:sha256:600000$saltXYZ$hashedvalue,Rahul Sharma 2718,44,Male,Kolkata,Maharashtra,"Automotive,Books,Home & Kitchen,Toys",2026-01-05,False,True
U02719,user02719,user2719@smartcart.ai,pbkdf2:sha256:600000$saltXYZ$hashedvalue,Sneha Gupta 2719,29,Male,Kolkata,Rajasthan,"Grocery,Toys,Electronics,Books",2023-11-20,False,True
U02720,user02720,user2720@smartcart.ai,pbkdf2:sha256:600000$saltXYZ$hashedvalue,Rohit Verma 2720,46,Male,Chennai,Telangana,"Health,Fashion",2025-01-22,False,True
U02721,user02721,user2721@smartcart.ai,pbkdf2:sha256:600000$saltXYZ$hashedvalue,Pooja Pillai 2721,37,Male,Surat,Punjab,"Home & Kitchen,Automotive,Grocery",2026-02-22,False,True
U02722,user02722,user2722@smartcart.ai,pbkdf2:sha256:600000$saltXYZ$hashedvalue,Karan Mehta 2722,50,Female,Lucknow,Rajasthan,"Grocery,Electronics,Fashion",2023-08-09,False,True
U02723,user02723,user2723@smartcart.ai,pbkdf2:sha256:600000$saltXYZ$hashedvalue,Priya Singh 2723,58,Other,Kolkata,Delhi,"Electronics,Sports,Beauty",2026-01-30,False,True
U02724,user02724,user2724@smartcart.ai,pbkdf2:sha256:600000$saltXYZ$hashedvalue,Rohit Verma 2724,47,Male,Hyderabad,Gujarat,"Sports,Automotive,Home & Kitchen",2026-02-25,False,True
U02725,user02725,user2725@smartcart.ai,pbkdf2:sha256:600000$saltXYZ$hashedvalue,Amit Patel 2725,62,Female,Chennai,Karnataka,"Electronics,Grocery,Sports",2025-02-26,False,True
U02726,user02726,user2726@smartcart.ai,pbkdf2:sha256:600000$saltXYZ$hashedvalue,Ananya Joshi 2726,50,Female,Pune,UP,"Toys,Books,Grocery",2025-11-08,False,True
U02727,user02727,user2727@smartcart.ai,pbkdf2:sha256:600000$saltXYZ$hashedvalue,Amit Patel 2727,42,Other,Ahmedabad,West Bengal,"Electronics,Toys,Grocery,Automotive",2025-12-26,False,True
U02728,user02728,user2728@smartcart.ai,pbkdf2:sha256:600000$saltXYZ$hashedvalue,Rahul Sharma 2728,32,Other,Surat,Tamil Nadu,Toys,2023-11-28,False,True
U02729,user02729,user2729@smartcart.ai,pbkdf2:sha256:600000$saltXYZ$hashedvalue,Deepika Nair 2729,34,Other,Ahmedabad,UP,"Grocery,Sports,Fashion",2025-08-27,False,True
U02730,user02730,user2730@smartcart.ai,pbkdf2:sha256:600000$saltXYZ$hashedvalue,Rahul Sharma 2730,64,Male,Mumbai,West Bengal,"Fashion,Books,Automotive,Health",2024-12-07,False,True
U02731,user02731,user2731@smartcart.ai,pbkdf2:sha256:600000$saltXYZ$hashedvalue,Deepika Nair 2731,60,Other,Bangalore,Rajasthan,Books,2025-12-21,False,True
U02732,user02732,user2732@smartcart.ai,pbkdf2:sha256:600000$saltXYZ$hashedvalue,Sneha Gupta 2732,46,Male,Pune,Gujarat,"Electronics,Health,Home & Kitchen",2024-02-12,False,True
U02733,user02733,user2733@smartcart.ai,pbkdf2:sha256:600000$saltXYZ$hashedvalue,Rohit Verma 2733,58,Male,Mumbai,Delhi,Books,2023-08-10,False,True
U02734,user02734,user2734@smartcart.ai,pbkdf2:sha256:600000$saltXYZ$hashedvalue,Rahul Sharma 2734,49,Other,Lucknow,West Bengal,Health,2026-03-10,False,True
U02735,user02735,user2735@smartcart.ai,pbkdf2:sha256:600000$saltXYZ$hashedvalue,Rahul Sharma 2735,25,Female,Bangalore,Telangana,"Fashion,Toys",2025-01-23,False,True
U02736,user02736,user2736@smartcart.ai,pbkdf2:sha256:600000$saltXYZ$hashedvalue,Rohit Verma 2736,54,Other,Delhi,Punjab,"Sports,Beauty,Fashion,Health",2024-04-11,False,True
U02737,user02737,user2737@smartcart.ai,pbkdf2:sha256:600000$saltXYZ$hashedvalue,Vijay Kumar 2737,58,Female,Jaipur,Karnataka,Sports,2023-08-11,False,True
U02738,user02738,user2738@smartcart.ai,pbkdf2:sha256:600000$saltXYZ$hashedvalue,Rohit Verma 2738,34,Male,Bangalore,Tamil Nadu,Sports,2025-04-16,False,True
U02739,user02739,user2739@smartcart.ai,pbkdf2:sha256:600000$saltXYZ$hashedvalue,Amit Patel 2739,21,Female,Mumbai,Punjab,Sports,2025-07-11,False,True
U02740,user02740,user2740@smartcart.ai,pbkdf2:sha256:600000$saltXYZ$hashedvalue,Karan Mehta 2740,24,Female,Chennai,UP,"Books,Beauty,Fashion",2024-03-24,False,True
U02741,user02741,user2741@smartcart.ai,pbkdf2:sha256:600000$saltXYZ$hashedvalue,Pooja Pillai 2741,29,Male,Delhi,Delhi,"Home & Kitchen,Electronics,Health",2023-09-23,False,True
U02742,user02742,user2742@smartcart.ai,pbkdf2:sha256:600000$saltXYZ$hashedvalue,Rohit Verma 2742,23,Male,Hyderabad,Telangana,"Electronics,Sports",2023-08-23,False,True
U02743,user02743,user2743@smartcart.ai,pbkdf2:sha256:600000$saltXYZ$hashedvalue,Ananya Joshi 2743,22,Other,Jaipur,Telangana,"Home & Kitchen,Beauty,Sports",2025-07-08,False,True
U02744,user02744,user2744@smartcart.ai,pbkdf2:sha256:600000$saltXYZ$hashedvalue,Deepika Nair 2744,38,Other,Delhi,Telangana,Fashion,2023-08-16,False,True
U02745,user02745,user2745@smartcart.ai,pbkdf2:sha256:600000$saltXYZ$hashedvalue,Priya Singh 2745,38,Other,Lucknow,Punjab,"Automotive,Health",2023-06-29,False,True
U02746,user02746,user2746@smartcart.ai,pbkdf2:sha256:600000$saltXYZ$hashedvalue,Karan Mehta 2746,43,Male,Kolkata,UP,"Books,Automotive",2024-05-13,False,True
U02747,user02747,user2747@smartcart.ai,pbkdf2:sha256:600000$saltXYZ$hashedvalue,Vijay Kumar 2747,20,Male,Delhi,West Bengal,"Books,Grocery,Toys,Fashion",2024-06-20,False,False
U02748,user02748,user2748@smartcart.ai,pbkdf2:sha256:600000$saltXYZ$hashedvalue,Amit Patel 2748,33,Female,Delhi,Gujarat,"Fashion,Grocery",2024-09-15,False,True
U02749,user02749,user2749@smartcart.ai,pbkdf2:sha256:600000$saltXYZ$hashedvalue,Sneha Gupta 2749,24,Female,Pune,Tamil Nadu,"Fashion,Beauty",2026-01-30,False,True
U02750,user02750,user2750@smartcart.ai,pbkdf2:sha256:600000$saltXYZ$hashedvalue,Vijay Kumar 2750,52,Male,Bangalore,Maharashtra,"Health,Toys",2023-09-06,False,True
U02751,user02751,user2751@smartcart.ai,pbkdf2:sha256:600000$saltXYZ$hashedvalue,Amit Patel 2751,44,Male,Surat,Maharashtra,"Home & Kitchen,Electronics,Fashion,Toys",2025-01-13,False,True
U02752,user02752,user2752@smartcart.ai,pbkdf2:sha256:600000$saltXYZ$hashedvalue,Ananya Joshi 2752,46,Female,Pune,Maharashtra,Toys,2024-09-10,False,True
U02753,user02753,user2753@smartcart.ai,pbkdf2:sha256:600000$saltXYZ$hashedvalue,Pooja Pillai 2753,33,Female,Surat,Tamil Nadu,"Toys,Automotive",2024-06-11,False,True
U02754,user02754,user2754@smartcart.ai,pbkdf2:sha256:600000$saltXYZ$hashedvalue,Amit Patel 2754,30,Female,Chennai,Maharashtra,Automotive,2023-09-25,False,True
U02755,user02755,user2755@smartcart.ai,pbkdf2:sha256:600000$saltXYZ$hashedvalue,Sneha Gupta 2755,22,Other,Bangalore,West Bengal,Grocery,2025-06-27,False,True
U02756,user02756,user2756@smartcart.ai,pbkdf2:sha256:600000$saltXYZ$hashedvalue,Priya Singh 2756,45,Other,Chennai,Rajasthan,Home & Kitchen,2023-09-09,False,True
U02757,user02757,user2757@smartcart.ai,pbkdf2:sha256:600000$saltXYZ$hashedvalue,Deepika Nair 2757,23,Female,Chandigarh,Telangana,"Beauty,Health,Electronics",2024-03-30,False,True
U02758,user02758,user2758@smartcart.ai,pbkdf2:sha256:600000$saltXYZ$hashedvalue,Priya Singh 2758,48,Male,Pune,UP,"Electronics,Toys,Home & Kitchen",2023-06-26,False,True
U02759,user02759,user2759@smartcart.ai,pbkdf2:sha256:600000$saltXYZ$hashedvalue,Deepika Nair 2759,20,Male,Kolkata,Karnataka,"Books,Beauty,Toys,Electronics",2025-10-09,False,True
U02760,user02760,user2760@smartcart.ai,pbkdf2:sha256:600000$saltXYZ$hashedvalue,Rahul Sharma 2760,54,Other,Chandigarh,UP,"Toys,Grocery,Automotive",2024-09-01,False,True
U02761,user02761,user2761@smartcart.ai,pbkdf2:sha256:600000$saltXYZ$hashedvalue,Vijay Kumar 2761,28,Female,Bangalore,Rajasthan,"Sports,Automotive",2024-02-11,False,True
U02762,user02762,user2762@smartcart.ai,pbkdf2:sha256:600000$saltXYZ$hashedvalue,Pooja Pillai 2762,58,Female,Jaipur,Delhi,Automotive,2023-08-07,False,True
U02763,user02763,user2763@smartcart.ai,pbkdf2:sha256:600000$saltXYZ$hashedvalue,Rohit Verma 2763,25,Other,Kolkata,Gujarat,"Health,Beauty,Fashion,Grocery",2025-03-21,False,True
U02764,user02764,user2764@smartcart.ai,pbkdf2:sha256:600000$saltXYZ$hashedvalue,Ananya Joshi 2764,31,Other,Chandigarh,Rajasthan,"Books,Home & Kitchen",2025-10-21,False,True
U02765,user02765,user2765@smartcart.ai,pbkdf2:sha256:600000$saltXYZ$hashedvalue,Priya Singh 2765,58,Other,Surat,West Bengal,Books,2024-05-28,False,True
U02766,user02766,user2766@smartcart.ai,pbkdf2:sha256:600000$saltXYZ$hashedvalue,Ananya Joshi 2766,22,Male,Kolkata,Maharashtra,"Toys,Sports,Grocery,Electronics",2023-10-19,False,True
U02767,user02767,user2767@smartcart.ai,pbkdf2:sha256:600000$saltXYZ$hashedvalue,Amit Patel 2767,33,Female,Jaipur,Rajasthan,Beauty,2025-10-30,False,True
U02768,user02768,user2768@smartcart.ai,pbkdf2:sha256:600000$saltXYZ$hashedvalue,Pooja Pillai 2768,60,Male,Mumbai,Delhi,Sports,2025-09-03,False,True
U02769,user02769,user2769@smartcart.ai,pbkdf2:sha256:600000$saltXYZ$hashedvalue,Priya Singh 2769,21,Female,Hyderabad,Gujarat,"Automotive,Books,Beauty,Grocery",2026-01-04,False,True
U02770,user02770,user2770@smartcart.ai,pbkdf2:sha256:600000$saltXYZ$hashedvalue,Ananya Joshi 2770,54,Male,Surat,Tamil Nadu,"Sports,Home & Kitchen",2023-08-21,False,True
U02771,user02771,user2771@smartcart.ai,pbkdf2:sha256:600000$saltXYZ$hashedvalue,Ananya Joshi 2771,21,Other,Mumbai,West Bengal,"Fashion,Grocery,Health,Automotive",2024-06-17,False,True
U02772,user02772,user2772@smartcart.ai,pbkdf2:sha256:600000$saltXYZ$hashedvalue,Amit Patel 2772,49,Female,Hyderabad,Karnataka,"Books,Fashion,Toys",2024-11-30,False,True
U02773,user02773,user2773@smartcart.ai,pbkdf2:sha256:600000$saltXYZ$hashedvalue,Vijay Kumar 2773,65,Male,Hyderabad,Tamil Nadu,"Beauty,Fashion,Automotive,Health",2025-05-22,False,True
U02774,user02774,user2774@smartcart.ai,pbkdf2:sha256:600000$saltXYZ$hashedvalue,Deepika Nair 2774,20,Male,Pune,Maharashtra,"Sports,Books",2024-08-26,False,True
U02775,user02775,user2775@smartcart.ai,pbkdf2:sha256:600000$saltXYZ$hashedvalue,Karan Mehta 2775,46,Female,Surat,Delhi,"Sports,Books,Fashion",2025-11-25,False,True
U02776,user02776,user2776@smartcart.ai,pbkdf2:sha256:600000$saltXYZ$hashedvalue,Ananya Joshi 2776,19,Female,Hyderabad,Karnataka,Health,2025-11-29,False,True
U02777,user02777,user2777@smartcart.ai,pbkdf2:sha256:600000$saltXYZ$hashedvalue,Rohit Verma 2777,55,Female,Pune,Karnataka,"Toys,Health",2024-12-23,False,False
U02778,user02778,user2778@smartcart.ai,pbkdf2:sha256:600000$saltXYZ$hashedvalue,Vijay Kumar 2778,46,Female,Chennai,Tamil Nadu,"Automotive,Books,Sports",2026-03-12,False,True
U02779,user02779,user2779@smartcart.ai,pbkdf2:sha256:600000$saltXYZ$hashedvalue,Karan Mehta 2779,42,Male,Chennai,Delhi,"Grocery,Automotive",2024-08-08,False,True
U02780,user02780,user2780@smartcart.ai,pbkdf2:sha256:600000$saltXYZ$hashedvalue,Karan Mehta 2780,21,Male,Chennai,Telangana,"Health,Home & Kitchen",2024-02-13,False,True
U02781,user02781,user2781@smartcart.ai,pbkdf2:sha256:600000$saltXYZ$hashedvalue,Pooja Pillai 2781,28,Other,Delhi,Gujarat,"Home & Kitchen,Automotive,Toys",2024-01-31,False,True
U02782,user02782,user2782@smartcart.ai,pbkdf2:sha256:600000$saltXYZ$hashedvalue,Rohit Verma 2782,64,Female,Chandigarh,Maharashtra,"Automotive,Health",2023-10-29,False,False
U02783,user02783,user2783@smartcart.ai,pbkdf2:sha256:600000$saltXYZ$hashedvalue,Sneha Gupta 2783,49,Male,Kolkata,Tamil Nadu,"Beauty,Home & Kitchen,Health,Sports",2024-09-21,False,True
U02784,user02784,user2784@smartcart.ai,pbkdf2:sha256:600000$saltXYZ$hashedvalue,Pooja Pillai 2784,45,Male,Chennai,Tamil Nadu,Sports,2026-01-15,False,True
U02785,user02785,user2785@smartcart.ai,pbkdf2:sha256:600000$saltXYZ$hashedvalue,Vijay Kumar 2785,58,Female,Mumbai,Tamil Nadu,"Automotive,Sports,Fashion,Health",2025-05-04,False,True
U02786,user02786,user2786@smartcart.ai,pbkdf2:sha256:600000$saltXYZ$hashedvalue,Sneha Gupta 2786,52,Female,Kolkata,Tamil Nadu,Grocery,2024-06-16,False,True
U02787,user02787,user2787@smartcart.ai,pbkdf2:sha256:600000$saltXYZ$hashedvalue,Amit Patel 2787,38,Male,Lucknow,Tamil Nadu,"Grocery,Health,Toys,Automotive",2024-06-12,False,True
U02788,user02788,user2788@smartcart.ai,pbkdf2:sha256:600000$saltXYZ$hashedvalue,Rahul Sharma 2788,59,Male,Chennai,UP,"Toys,Beauty,Books,Health",2023-04-29,False,True
U02789,user02789,user2789@smartcart.ai,pbkdf2:sha256:600000$saltXYZ$hashedvalue,Vijay Kumar 2789,35,Male,Lucknow,UP,"Fashion,Beauty",2024-10-04,False,True
U02790,user02790,user2790@smartcart.ai,pbkdf2:sha256:600000$saltXYZ$hashedvalue,Rohit Verma 2790,39,Male,Mumbai,Telangana,Automotive,2023-07-01,False,True
U02791,user02791,user2791@smartcart.ai,pbkdf2:sha256:600000$saltXYZ$hashedvalue,Priya Singh 2791,25,Other,Ahmedabad,Maharashtra,"Books,Health",2025-05-05,False,True
U02792,user02792,user2792@smartcart.ai,pbkdf2:sha256:600000$saltXYZ$hashedvalue,Ananya Joshi 2792,31,Female,Chandigarh,Maharashtra,"Electronics,Grocery",2024-08-21,False,True
U02793,user02793,user2793@smartcart.ai,pbkdf2:sha256:600000$saltXYZ$hashedvalue,Deepika Nair 2793,29,Other,Lucknow,Karnataka,Health,2024-01-16,False,True
U02794,user02794,user2794@smartcart.ai,pbkdf2:sha256:600000$saltXYZ$hashedvalue,Rohit Verma 2794,64,Male,Ahmedabad,Rajasthan,"Automotive,Books",2025-08-09,False,True
U02795,user02795,user2795@smartcart.ai,pbkdf2:sha256:600000$saltXYZ$hashedvalue,Amit Patel 2795,39,Male,Lucknow,Tamil Nadu,"Automotive,Home & Kitchen,Grocery,Books",2026-03-14,False,True
U02796,user02796,user2796@smartcart.ai,pbkdf2:sha256:600000$saltXYZ$hashedvalue,Pooja Pillai 2796,50,Male,Chennai,Telangana,"Home & Kitchen,Electronics,Beauty",2023-09-22,False,True
U02797,user02797,user2797@smartcart.ai,pbkdf2:sha256:600000$saltXYZ$hashedvalue,Karan Mehta 2797,35,Female,Ahmedabad,Delhi,"Electronics,Home & Kitchen,Grocery",2025-01-25,False,True
U02798,user02798,user2798@smartcart.ai,pbkdf2:sha256:600000$saltXYZ$hashedvalue,Amit Patel 2798,28,Female,Chennai,Maharashtra,"Beauty,Automotive,Fashion",2026-03-21,False,True
U02799,user02799,user2799@smartcart.ai,pbkdf2:sha256:600000$saltXYZ$hashedvalue,Rohit Verma 2799,40,Other,Pune,West Bengal,"Beauty,Books",2024-10-23,False,True
U02800,user02800,user2800@smartcart.ai,pbkdf2:sha256:600000$saltXYZ$hashedvalue,Rohit Verma 2800,53,Male,Jaipur,Telangana,"Automotive,Sports,Books,Beauty",2024-03-05,False,True
U02801,user02801,user2801@smartcart.ai,pbkdf2:sha256:600000$saltXYZ$hashedvalue,Rohit Verma 2801,31,Female,Kolkata,Karnataka,"Beauty,Electronics,Grocery,Books",2024-11-03,False,True
U02802,user02802,user2802@smartcart.ai,pbkdf2:sha256:600000$saltXYZ$hashedvalue,Pooja Pillai 2802,49,Other,Bangalore,Tamil Nadu,Home & Kitchen,2023-08-17,False,False
U02803,user02803,user2803@smartcart.ai,pbkdf2:sha256:600000$saltXYZ$hashedvalue,Pooja Pillai 2803,62,Female,Jaipur,Rajasthan,"Beauty,Sports,Fashion",2024-10-31,False,True
U02804,user02804,user2804@smartcart.ai,pbkdf2:sha256:600000$saltXYZ$hashedvalue,Priya Singh 2804,43,Other,Surat,Gujarat,"Automotive,Books,Electronics,Home & Kitchen",2026-04-18,False,True
U02805,user02805,user2805@smartcart.ai,pbkdf2:sha256:600000$saltXYZ$hashedvalue,Pooja Pillai 2805,40,Other,Pune,West Bengal,"Fashion,Home & Kitchen",2025-07-11,False,True
U02806,user02806,user2806@smartcart.ai,pbkdf2:sha256:600000$saltXYZ$hashedvalue,Sneha Gupta 2806,19,Male,Surat,Telangana,"Grocery,Automotive,Sports",2024-12-16,False,True
U02807,user02807,user2807@smartcart.ai,pbkdf2:sha256:600000$saltXYZ$hashedvalue,Pooja Pillai 2807,35,Male,Delhi,UP,"Health,Books,Fashion",2024-04-08,False,True
U02808,user02808,user2808@smartcart.ai,pbkdf2:sha256:600000$saltXYZ$hashedvalue,Sneha Gupta 2808,56,Other,Mumbai,Maharashtra,Automotive,2025-11-03,False,True
U02809,user02809,user2809@smartcart.ai,pbkdf2:sha256:600000$saltXYZ$hashedvalue,Pooja Pillai 2809,65,Female,Ahmedabad,UP,"Electronics,Grocery,Fashion",2023-09-09,False,True
U02810,user02810,user2810@smartcart.ai,pbkdf2:sha256:600000$saltXYZ$hashedvalue,Karan Mehta 2810,59,Male,Surat,Telangana,"Health,Home & Kitchen",2025-11-03,False,True
U02811,user02811,user2811@smartcart.ai,pbkdf2:sha256:600000$saltXYZ$hashedvalue,Deepika Nair 2811,38,Other,Mumbai,Tamil Nadu,Fashion,2025-02-03,False,True
U02812,user02812,user2812@smartcart.ai,pbkdf2:sha256:600000$saltXYZ$hashedvalue,Vijay Kumar 2812,59,Male,Bangalore,West Bengal,"Beauty,Books,Grocery",2024-12-09,False,True
U02813,user02813,user2813@smartcart.ai,pbkdf2:sha256:600000$saltXYZ$hashedvalue,Karan Mehta 2813,30,Female,Ahmedabad,Tamil Nadu,"Books,Electronics,Health",2024-06-03,False,True
U02814,user02814,user2814@smartcart.ai,pbkdf2:sha256:600000$saltXYZ$hashedvalue,Vijay Kumar 2814,30,Female,Ahmedabad,Rajasthan,"Sports,Books,Grocery",2026-03-19,False,True
U02815,user02815,user2815@smartcart.ai,pbkdf2:sha256:600000$saltXYZ$hashedvalue,Ananya Joshi 2815,58,Female,Pune,Punjab,"Health,Toys,Fashion",2025-08-23,False,True
U02816,user02816,user2816@smartcart.ai,pbkdf2:sha256:600000$saltXYZ$hashedvalue,Vijay Kumar 2816,57,Other,Surat,Rajasthan,Electronics,2024-02-07,False,False
U02817,user02817,user2817@smartcart.ai,pbkdf2:sha256:600000$saltXYZ$hashedvalue,Rahul Sharma 2817,28,Male,Pune,West Bengal,"Toys,Health,Sports",2024-01-02,False,False
U02818,user02818,user2818@smartcart.ai,pbkdf2:sha256:600000$saltXYZ$hashedvalue,Sneha Gupta 2818,27,Other,Ahmedabad,Gujarat,Beauty,2023-12-25,False,True
U02819,user02819,user2819@smartcart.ai,pbkdf2:sha256:600000$saltXYZ$hashedvalue,Vijay Kumar 2819,60,Female,Bangalore,Punjab,"Grocery,Automotive,Home & Kitchen,Health",2024-10-20,False,True
U02820,user02820,user2820@smartcart.ai,pbkdf2:sha256:600000$saltXYZ$hashedvalue,Vijay Kumar 2820,52,Other,Delhi,UP,"Home & Kitchen,Automotive,Electronics",2023-09-23,False,True
U02821,user02821,user2821@smartcart.ai,pbkdf2:sha256:600000$saltXYZ$hashedvalue,Vijay Kumar 2821,38,Other,Delhi,Tamil Nadu,Home & Kitchen,2024-06-24,False,True
U02822,user02822,user2822@smartcart.ai,pbkdf2:sha256:600000$saltXYZ$hashedvalue,Karan Mehta 2822,20,Other,Chennai,Rajasthan,"Health,Sports",2024-11-09,False,False
U02823,user02823,user2823@smartcart.ai,pbkdf2:sha256:600000$saltXYZ$hashedvalue,Deepika Nair 2823,27,Female,Surat,Telangana,"Automotive,Sports,Beauty,Fashion",2025-04-04,False,True
U02824,user02824,user2824@smartcart.ai,pbkdf2:sha256:600000$saltXYZ$hashedvalue,Rahul Sharma 2824,38,Male,Kolkata,West Bengal,"Toys,Fashion",2024-01-26,False,True
U02825,user02825,user2825@smartcart.ai,pbkdf2:sha256:600000$saltXYZ$hashedvalue,Pooja Pillai 2825,33,Male,Bangalore,Gujarat,"Grocery,Health,Beauty,Books",2024-01-16,False,True
U02826,user02826,user2826@smartcart.ai,pbkdf2:sha256:600000$saltXYZ$hashedvalue,Karan Mehta 2826,58,Male,Delhi,West Bengal,"Home & Kitchen,Automotive,Fashion,Grocery",2024-01-01,False,True
U02827,user02827,user2827@smartcart.ai,pbkdf2:sha256:600000$saltXYZ$hashedvalue,Ananya Joshi 2827,47,Other,Surat,Punjab,"Sports,Electronics,Automotive,Books",2024-12-26,False,True
U02828,user02828,user2828@smartcart.ai,pbkdf2:sha256:600000$saltXYZ$hashedvalue,Ananya Joshi 2828,41,Female,Jaipur,Rajasthan,Books,2024-08-12,False,True
U02829,user02829,user2829@smartcart.ai,pbkdf2:sha256:600000$saltXYZ$hashedvalue,Pooja Pillai 2829,62,Other,Delhi,Karnataka,"Fashion,Electronics,Home & Kitchen,Grocery",2024-10-10,False,True
U02830,user02830,user2830@smartcart.ai,pbkdf2:sha256:600000$saltXYZ$hashedvalue,Rohit Verma 2830,41,Female,Pune,Karnataka,"Grocery,Fashion",2023-04-24,False,True
U02831,user02831,user2831@smartcart.ai,pbkdf2:sha256:600000$saltXYZ$hashedvalue,Priya Singh 2831,62,Other,Jaipur,UP,Health,2024-03-17,False,True
U02832,user02832,user2832@smartcart.ai,pbkdf2:sha256:600000$saltXYZ$hashedvalue,Deepika Nair 2832,25,Other,Hyderabad,Delhi,"Grocery,Sports,Beauty",2024-12-04,False,True
U02833,user02833,user2833@smartcart.ai,pbkdf2:sha256:600000$saltXYZ$hashedvalue,Priya Singh 2833,26,Male,Mumbai,Karnataka,"Fashion,Beauty",2025-09-01,False,True
U02834,user02834,user2834@smartcart.ai,pbkdf2:sha256:600000$saltXYZ$hashedvalue,Ananya Joshi 2834,25,Male,Pune,Punjab,"Sports,Toys",2025-09-23,False,True
U02835,user02835,user2835@smartcart.ai,pbkdf2:sha256:600000$saltXYZ$hashedvalue,Rahul Sharma 2835,55,Female,Bangalore,Maharashtra,"Health,Fashion,Grocery",2023-07-03,False,True
U02836,user02836,user2836@smartcart.ai,pbkdf2:sha256:600000$saltXYZ$hashedvalue,Amit Patel 2836,53,Other,Chandigarh,Telangana,"Health,Toys,Beauty,Home & Kitchen",2024-03-17,False,True
U02837,user02837,user2837@smartcart.ai,pbkdf2:sha256:600000$saltXYZ$hashedvalue,Deepika Nair 2837,25,Male,Chennai,UP,Books,2025-10-20,False,True
U02838,user02838,user2838@smartcart.ai,pbkdf2:sha256:600000$saltXYZ$hashedvalue,Ananya Joshi 2838,41,Female,Kolkata,Tamil Nadu,Toys,2024-06-04,False,True
U02839,user02839,user2839@smartcart.ai,pbkdf2:sha256:600000$saltXYZ$hashedvalue,Rahul Sharma 2839,31,Male,Lucknow,UP,Health,2023-06-29,False,True
U02840,user02840,user2840@smartcart.ai,pbkdf2:sha256:600000$saltXYZ$hashedvalue,Karan Mehta 2840,46,Male,Jaipur,UP,"Health,Books,Home & Kitchen,Automotive",2025-08-01,False,True
U02841,user02841,user2841@smartcart.ai,pbkdf2:sha256:600000$saltXYZ$hashedvalue,Rahul Sharma 2841,49,Male,Bangalore,Karnataka,Home & Kitchen,2024-09-21,False,True
U02842,user02842,user2842@smartcart.ai,pbkdf2:sha256:600000$saltXYZ$hashedvalue,Rohit Verma 2842,56,Female,Hyderabad,Maharashtra,"Books,Beauty,Health",2023-12-10,False,True
U02843,user02843,user2843@smartcart.ai,pbkdf2:sha256:600000$saltXYZ$hashedvalue,Rohit Verma 2843,39,Female,Kolkata,Gujarat,"Health,Beauty",2025-01-17,False,True
U02844,user02844,user2844@smartcart.ai,pbkdf2:sha256:600000$saltXYZ$hashedvalue,Vijay Kumar 2844,61,Female,Hyderabad,Telangana,Fashion,2025-03-22,False,True
U02845,user02845,user2845@smartcart.ai,pbkdf2:sha256:600000$saltXYZ$hashedvalue,Sneha Gupta 2845,57,Other,Ahmedabad,Tamil Nadu,"Health,Fashion,Automotive,Beauty",2023-09-22,False,True
U02846,user02846,user2846@smartcart.ai,pbkdf2:sha256:600000$saltXYZ$hashedvalue,Ananya Joshi 2846,47,Other,Chandigarh,Telangana,"Fashion,Grocery",2025-01-23,False,True
U02847,user02847,user2847@smartcart.ai,pbkdf2:sha256:600000$saltXYZ$hashedvalue,Rohit Verma 2847,18,Female,Jaipur,UP,"Electronics,Books,Beauty",2023-12-20,False,True
U02848,user02848,user2848@smartcart.ai,pbkdf2:sha256:600000$saltXYZ$hashedvalue,Sneha Gupta 2848,20,Other,Ahmedabad,Gujarat,"Health,Home & Kitchen",2024-08-01,False,True
U02849,user02849,user2849@smartcart.ai,pbkdf2:sha256:600000$saltXYZ$hashedvalue,Deepika Nair 2849,43,Female,Bangalore,Rajasthan,"Automotive,Toys",2025-03-20,False,True
U02850,user02850,user2850@smartcart.ai,pbkdf2:sha256:600000$saltXYZ$hashedvalue,Karan Mehta 2850,31,Male,Pune,Tamil Nadu,"Fashion,Electronics",2025-09-20,False,True
U02851,user02851,user2851@smartcart.ai,pbkdf2:sha256:600000$saltXYZ$hashedvalue,Deepika Nair 2851,33,Other,Ahmedabad,Punjab,Beauty,2023-09-25,False,True
U02852,user02852,user2852@smartcart.ai,pbkdf2:sha256:600000$saltXYZ$hashedvalue,Rohit Verma 2852,59,Other,Chandigarh,Karnataka,"Health,Books,Toys",2025-03-02,False,True
U02853,user02853,user2853@smartcart.ai,pbkdf2:sha256:600000$saltXYZ$hashedvalue,Rohit Verma 2853,18,Female,Lucknow,Karnataka,"Grocery,Home & Kitchen,Automotive",2025-03-13,False,True
U02854,user02854,user2854@smartcart.ai,pbkdf2:sha256:600000$saltXYZ$hashedvalue,Priya Singh 2854,33,Male,Jaipur,Punjab,"Books,Health,Grocery",2024-03-09,False,True
U02855,user02855,user2855@smartcart.ai,pbkdf2:sha256:600000$saltXYZ$hashedvalue,Deepika Nair 2855,47,Other,Delhi,Karnataka,"Grocery,Home & Kitchen,Books,Fashion",2025-03-17,False,True
U02856,user02856,user2856@smartcart.ai,pbkdf2:sha256:600000$saltXYZ$hashedvalue,Karan Mehta 2856,65,Female,Jaipur,Gujarat,"Toys,Electronics,Home & Kitchen,Health",2025-12-10,False,True
U02857,user02857,user2857@smartcart.ai,pbkdf2:sha256:600000$saltXYZ$hashedvalue,Deepika Nair 2857,35,Female,Hyderabad,Delhi,"Books,Beauty,Fashion",2023-10-31,False,True
U02858,user02858,user2858@smartcart.ai,pbkdf2:sha256:600000$saltXYZ$hashedvalue,Vijay Kumar 2858,45,Male,Chandigarh,Gujarat,"Health,Electronics",2025-05-17,False,True
U02859,user02859,user2859@smartcart.ai,pbkdf2:sha256:600000$saltXYZ$hashedvalue,Rahul Sharma 2859,59,Male,Kolkata,Rajasthan,"Toys,Fashion",2026-03-25,False,True
U02860,user02860,user2860@smartcart.ai,pbkdf2:sha256:600000$saltXYZ$hashedvalue,Karan Mehta 2860,43,Male,Jaipur,Tamil Nadu,Grocery,2025-02-09,False,True
U02861,user02861,user2861@smartcart.ai,pbkdf2:sha256:600000$saltXYZ$hashedvalue,Vijay Kumar 2861,47,Other,Pune,West Bengal,"Electronics,Toys,Fashion",2023-04-28,False,True
U02862,user02862,user2862@smartcart.ai,pbkdf2:sha256:600000$saltXYZ$hashedvalue,Amit Patel 2862,53,Male,Lucknow,Karnataka,"Home & Kitchen,Automotive,Health",2025-08-19,False,True
U02863,user02863,user2863@smartcart.ai,pbkdf2:sha256:600000$saltXYZ$hashedvalue,Rohit Verma 2863,30,Other,Delhi,Maharashtra,"Sports,Home & Kitchen,Books",2024-05-01,False,True
U02864,user02864,user2864@smartcart.ai,pbkdf2:sha256:600000$saltXYZ$hashedvalue,Priya Singh 2864,35,Other,Hyderabad,Maharashtra,"Beauty,Electronics,Books,Health",2024-11-02,False,True
U02865,user02865,user2865@smartcart.ai,pbkdf2:sha256:600000$saltXYZ$hashedvalue,Karan Mehta 2865,46,Male,Delhi,Karnataka,"Automotive,Health,Grocery",2026-04-21,False,True
U02866,user02866,user2866@smartcart.ai,pbkdf2:sha256:600000$saltXYZ$hashedvalue,Priya Singh 2866,36,Male,Jaipur,Rajasthan,"Fashion,Beauty,Toys,Sports",2023-04-26,False,True
U02867,user02867,user2867@smartcart.ai,pbkdf2:sha256:600000$saltXYZ$hashedvalue,Vijay Kumar 2867,61,Other,Delhi,Karnataka,Sports,2025-03-05,False,True
U02868,user02868,user2868@smartcart.ai,pbkdf2:sha256:600000$saltXYZ$hashedvalue,Rohit Verma 2868,19,Other,Surat,Tamil Nadu,"Beauty,Automotive,Health,Home & Kitchen",2025-07-17,False,True
U02869,user02869,user2869@smartcart.ai,pbkdf2:sha256:600000$saltXYZ$hashedvalue,Deepika Nair 2869,59,Male,Kolkata,Delhi,Home & Kitchen,2024-09-25,False,True
U02870,user02870,user2870@smartcart.ai,pbkdf2:sha256:600000$saltXYZ$hashedvalue,Amit Patel 2870,56,Other,Mumbai,Tamil Nadu,"Home & Kitchen,Books,Health,Electronics",2026-01-26,False,True
U02871,user02871,user2871@smartcart.ai,pbkdf2:sha256:600000$saltXYZ$hashedvalue,Priya Singh 2871,25,Other,Chennai,Punjab,"Beauty,Home & Kitchen,Toys",2024-04-15,False,True
U02872,user02872,user2872@smartcart.ai,pbkdf2:sha256:600000$saltXYZ$hashedvalue,Ananya Joshi 2872,38,Male,Jaipur,Gujarat,"Grocery,Books",2024-09-02,False,True
U02873,user02873,user2873@smartcart.ai,pbkdf2:sha256:600000$saltXYZ$hashedvalue,Rohit Verma 2873,65,Female,Chennai,Maharashtra,"Fashion,Home & Kitchen",2025-07-25,False,True
U02874,user02874,user2874@smartcart.ai,pbkdf2:sha256:600000$saltXYZ$hashedvalue,Amit Patel 2874,63,Other,Pune,Gujarat,"Beauty,Health,Home & Kitchen",2025-09-10,False,True
U02875,user02875,user2875@smartcart.ai,pbkdf2:sha256:600000$saltXYZ$hashedvalue,Pooja Pillai 2875,46,Other,Chennai,West Bengal,"Beauty,Health,Electronics",2024-02-12,False,True
U02876,user02876,user2876@smartcart.ai,pbkdf2:sha256:600000$saltXYZ$hashedvalue,Karan Mehta 2876,46,Other,Kolkata,Punjab,"Fashion,Health,Books",2025-01-19,False,True
U02877,user02877,user2877@smartcart.ai,pbkdf2:sha256:600000$saltXYZ$hashedvalue,Pooja Pillai 2877,30,Other,Delhi,Tamil Nadu,Home & Kitchen,2025-05-30,False,False
U02878,user02878,user2878@smartcart.ai,pbkdf2:sha256:600000$saltXYZ$hashedvalue,Vijay Kumar 2878,54,Male,Bangalore,Maharashtra,Beauty,2024-12-16,False,True
U02879,user02879,user2879@smartcart.ai,pbkdf2:sha256:600000$saltXYZ$hashedvalue,Priya Singh 2879,37,Other,Jaipur,Telangana,"Home & Kitchen,Automotive",2025-11-14,False,True
U02880,user02880,user2880@smartcart.ai,pbkdf2:sha256:600000$saltXYZ$hashedvalue,Pooja Pillai 2880,25,Male,Chandigarh,Karnataka,Grocery,2025-12-30,False,True
U02881,user02881,user2881@smartcart.ai,pbkdf2:sha256:600000$saltXYZ$hashedvalue,Rohit Verma 2881,31,Female,Ahmedabad,Tamil Nadu,"Sports,Toys,Home & Kitchen,Grocery",2023-07-20,False,True
U02882,user02882,user2882@smartcart.ai,pbkdf2:sha256:600000$saltXYZ$hashedvalue,Sneha Gupta 2882,61,Male,Bangalore,Karnataka,Grocery,2024-10-04,False,True
U02883,user02883,user2883@smartcart.ai,pbkdf2:sha256:600000$saltXYZ$hashedvalue,Amit Patel 2883,59,Male,Hyderabad,UP,"Home & Kitchen,Toys,Fashion",2025-02-17,False,True
U02884,user02884,user2884@smartcart.ai,pbkdf2:sha256:600000$saltXYZ$hashedvalue,Vijay Kumar 2884,42,Other,Ahmedabad,Telangana,"Automotive,Sports,Beauty,Home & Kitchen",2023-06-19,False,True
U02885,user02885,user2885@smartcart.ai,pbkdf2:sha256:600000$saltXYZ$hashedvalue,Rohit Verma 2885,34,Other,Ahmedabad,Maharashtra,Home & Kitchen,2024-04-29,False,True
U02886,user02886,user2886@smartcart.ai,pbkdf2:sha256:600000$saltXYZ$hashedvalue,Karan Mehta 2886,46,Female,Chandigarh,Gujarat,"Fashion,Books",2025-01-08,False,True
U02887,user02887,user2887@smartcart.ai,pbkdf2:sha256:600000$saltXYZ$hashedvalue,Pooja Pillai 2887,63,Male,Ahmedabad,Delhi,"Home & Kitchen,Books,Automotive",2023-12-12,False,True
U02888,user02888,user2888@smartcart.ai,pbkdf2:sha256:600000$saltXYZ$hashedvalue,Pooja Pillai 2888,31,Female,Jaipur,Delhi,"Beauty,Sports,Fashion",2025-07-28,False,True
U02889,user02889,user2889@smartcart.ai,pbkdf2:sha256:600000$saltXYZ$hashedvalue,Sneha Gupta 2889,33,Female,Lucknow,Gujarat,"Fashion,Home & Kitchen,Automotive,Books",2024-04-07,False,True
U02890,user02890,user2890@smartcart.ai,pbkdf2:sha256:600000$saltXYZ$hashedvalue,Vijay Kumar 2890,38,Male,Chandigarh,Telangana,Sports,2023-06-27,False,True
U02891,user02891,user2891@smartcart.ai,pbkdf2:sha256:600000$saltXYZ$hashedvalue,Karan Mehta 2891,22,Other,Pune,Rajasthan,Health,2023-07-09,False,True
U02892,user02892,user2892@smartcart.ai,pbkdf2:sha256:600000$saltXYZ$hashedvalue,Priya Singh 2892,29,Other,Chandigarh,West Bengal,"Books,Grocery,Health",2025-07-12,False,True
U02893,user02893,user2893@smartcart.ai,pbkdf2:sha256:600000$saltXYZ$hashedvalue,Ananya Joshi 2893,48,Male,Kolkata,Karnataka,Toys,2023-05-13,False,True
U02894,user02894,user2894@smartcart.ai,pbkdf2:sha256:600000$saltXYZ$hashedvalue,Karan Mehta 2894,20,Other,Hyderabad,Tamil Nadu,Grocery,2025-12-28,False,True
U02895,user02895,user2895@smartcart.ai,pbkdf2:sha256:600000$saltXYZ$hashedvalue,Karan Mehta 2895,42,Female,Chandigarh,Karnataka,Home & Kitchen,2024-01-29,False,True
U02896,user02896,user2896@smartcart.ai,pbkdf2:sha256:600000$saltXYZ$hashedvalue,Deepika Nair 2896,55,Male,Chandigarh,Gujarat,"Grocery,Fashion",2025-06-13,False,True
U02897,user02897,user2897@smartcart.ai,pbkdf2:sha256:600000$saltXYZ$hashedvalue,Sneha Gupta 2897,56,Male,Chandigarh,Tamil Nadu,Sports,2024-12-11,False,True
U02898,user02898,user2898@smartcart.ai,pbkdf2:sha256:600000$saltXYZ$hashedvalue,Priya Singh 2898,26,Male,Lucknow,Punjab,Automotive,2024-07-22,False,True
U02899,user02899,user2899@smartcart.ai,pbkdf2:sha256:600000$saltXYZ$hashedvalue,Rohit Verma 2899,33,Female,Pune,Delhi,"Books,Grocery,Automotive",2023-09-22,False,True
U02900,user02900,user2900@smartcart.ai,pbkdf2:sha256:600000$saltXYZ$hashedvalue,Rohit Verma 2900,30,Other,Delhi,UP,"Electronics,Grocery,Sports",2024-08-16,False,True
U02901,user02901,user2901@smartcart.ai,pbkdf2:sha256:600000$saltXYZ$hashedvalue,Karan Mehta 2901,65,Male,Chandigarh,Gujarat,Fashion,2025-07-03,False,True
U02902,user02902,user2902@smartcart.ai,pbkdf2:sha256:600000$saltXYZ$hashedvalue,Rohit Verma 2902,58,Male,Kolkata,Delhi,"Books,Toys",2024-04-04,False,True
U02903,user02903,user2903@smartcart.ai,pbkdf2:sha256:600000$saltXYZ$hashedvalue,Rahul Sharma 2903,48,Female,Delhi,UP,Sports,2025-01-13,False,True
U02904,user02904,user2904@smartcart.ai,pbkdf2:sha256:600000$saltXYZ$hashedvalue,Ananya Joshi 2904,31,Male,Jaipur,Tamil Nadu,"Beauty,Grocery",2025-12-29,False,True
U02905,user02905,user2905@smartcart.ai,pbkdf2:sha256:600000$saltXYZ$hashedvalue,Karan Mehta 2905,55,Other,Bangalore,Tamil Nadu,"Health,Fashion,Toys",2023-09-10,False,True
U02906,user02906,user2906@smartcart.ai,pbkdf2:sha256:600000$saltXYZ$hashedvalue,Pooja Pillai 2906,50,Other,Jaipur,Rajasthan,"Beauty,Toys,Home & Kitchen,Sports",2025-06-28,False,True
U02907,user02907,user2907@smartcart.ai,pbkdf2:sha256:600000$saltXYZ$hashedvalue,Priya Singh 2907,22,Male,Chennai,Delhi,"Sports,Automotive,Electronics",2024-10-19,False,True
U02908,user02908,user2908@smartcart.ai,pbkdf2:sha256:600000$saltXYZ$hashedvalue,Karan Mehta 2908,32,Female,Jaipur,Delhi,"Home & Kitchen,Fashion,Automotive",2024-11-28,False,True
U02909,user02909,user2909@smartcart.ai,pbkdf2:sha256:600000$saltXYZ$hashedvalue,Sneha Gupta 2909,33,Other,Hyderabad,UP,Health,2025-11-27,False,True
U02910,user02910,user2910@smartcart.ai,pbkdf2:sha256:600000$saltXYZ$hashedvalue,Rohit Verma 2910,64,Other,Lucknow,West Bengal,Health,2024-02-09,False,True
U02911,user02911,user2911@smartcart.ai,pbkdf2:sha256:600000$saltXYZ$hashedvalue,Rohit Verma 2911,22,Male,Mumbai,Maharashtra,Books,2025-02-05,False,True
U02912,user02912,user2912@smartcart.ai,pbkdf2:sha256:600000$saltXYZ$hashedvalue,Sneha Gupta 2912,61,Male,Mumbai,UP,Automotive,2023-08-24,False,True
U02913,user02913,user2913@smartcart.ai,pbkdf2:sha256:600000$saltXYZ$hashedvalue,Amit Patel 2913,32,Male,Delhi,Telangana,Automotive,2025-07-25,False,True
U02914,user02914,user2914@smartcart.ai,pbkdf2:sha256:600000$saltXYZ$hashedvalue,Rahul Sharma 2914,22,Other,Jaipur,Delhi,"Toys,Health,Beauty",2024-08-31,False,True
U02915,user02915,user2915@smartcart.ai,pbkdf2:sha256:600000$saltXYZ$hashedvalue,Pooja Pillai 2915,49,Other,Pune,Punjab,"Automotive,Beauty",2025-09-29,False,True
U02916,user02916,user2916@smartcart.ai,pbkdf2:sha256:600000$saltXYZ$hashedvalue,Rohit Verma 2916,42,Male,Pune,Delhi,Home & Kitchen,2025-05-20,False,True
U02917,user02917,user2917@smartcart.ai,pbkdf2:sha256:600000$saltXYZ$hashedvalue,Rahul Sharma 2917,39,Female,Jaipur,Rajasthan,"Automotive,Books,Health,Home & Kitchen",2025-05-30,False,True
U02918,user02918,user2918@smartcart.ai,pbkdf2:sha256:600000$saltXYZ$hashedvalue,Rahul Sharma 2918,35,Female,Pune,Gujarat,"Home & Kitchen,Fashion,Grocery",2025-02-17,False,True
U02919,user02919,user2919@smartcart.ai,pbkdf2:sha256:600000$saltXYZ$hashedvalue,Vijay Kumar 2919,25,Male,Delhi,Punjab,"Beauty,Home & Kitchen,Electronics,Books",2023-09-05,False,True
U02920,user02920,user2920@smartcart.ai,pbkdf2:sha256:600000$saltXYZ$hashedvalue,Rahul Sharma 2920,25,Other,Delhi,Gujarat,"Books,Electronics,Automotive",2023-05-07,False,True
U02921,user02921,user2921@smartcart.ai,pbkdf2:sha256:600000$saltXYZ$hashedvalue,Vijay Kumar 2921,61,Female,Chennai,UP,"Beauty,Automotive,Health",2026-02-14,False,True
U02922,user02922,user2922@smartcart.ai,pbkdf2:sha256:600000$saltXYZ$hashedvalue,Amit Patel 2922,37,Female,Kolkata,Tamil Nadu,"Automotive,Books",2023-11-25,False,True
U02923,user02923,user2923@smartcart.ai,pbkdf2:sha256:600000$saltXYZ$hashedvalue,Sneha Gupta 2923,37,Female,Chennai,West Bengal,"Sports,Books,Automotive",2024-10-29,False,True
U02924,user02924,user2924@smartcart.ai,pbkdf2:sha256:600000$saltXYZ$hashedvalue,Rohit Verma 2924,27,Other,Chennai,Rajasthan,"Beauty,Toys,Home & Kitchen,Grocery",2024-08-02,False,True
U02925,user02925,user2925@smartcart.ai,pbkdf2:sha256:600000$saltXYZ$hashedvalue,Sneha Gupta 2925,35,Male,Mumbai,Maharashtra,"Automotive,Home & Kitchen,Sports,Beauty",2026-02-06,False,True
U02926,user02926,user2926@smartcart.ai,pbkdf2:sha256:600000$saltXYZ$hashedvalue,Priya Singh 2926,29,Female,Chandigarh,West Bengal,Electronics,2023-09-02,False,True
U02927,user02927,user2927@smartcart.ai,pbkdf2:sha256:600000$saltXYZ$hashedvalue,Karan Mehta 2927,26,Female,Lucknow,Rajasthan,"Sports,Health",2026-02-19,False,True
U02928,user02928,user2928@smartcart.ai,pbkdf2:sha256:600000$saltXYZ$hashedvalue,Deepika Nair 2928,61,Other,Ahmedabad,Punjab,Home & Kitchen,2025-11-16,False,True
U02929,user02929,user2929@smartcart.ai,pbkdf2:sha256:600000$saltXYZ$hashedvalue,Vijay Kumar 2929,28,Male,Pune,Delhi,"Home & Kitchen,Sports,Automotive,Books",2025-07-09,False,True
U02930,user02930,user2930@smartcart.ai,pbkdf2:sha256:600000$saltXYZ$hashedvalue,Amit Patel 2930,49,Female,Lucknow,Telangana,"Books,Beauty,Electronics",2025-08-27,False,True
U02931,user02931,user2931@smartcart.ai,pbkdf2:sha256:600000$saltXYZ$hashedvalue,Karan Mehta 2931,24,Other,Delhi,Delhi,Automotive,2023-11-21,False,True
U02932,user02932,user2932@smartcart.ai,pbkdf2:sha256:600000$saltXYZ$hashedvalue,Rahul Sharma 2932,60,Female,Ahmedabad,Punjab,"Home & Kitchen,Automotive",2025-12-11,False,True
U02933,user02933,user2933@smartcart.ai,pbkdf2:sha256:600000$saltXYZ$hashedvalue,Karan Mehta 2933,53,Other,Chennai,Maharashtra,"Electronics,Books,Toys,Home & Kitchen",2025-01-20,False,True
U02934,user02934,user2934@smartcart.ai,pbkdf2:sha256:600000$saltXYZ$hashedvalue,Karan Mehta 2934,62,Female,Jaipur,Rajasthan,"Home & Kitchen,Health,Electronics,Toys",2023-07-01,False,True
U02935,user02935,user2935@smartcart.ai,pbkdf2:sha256:600000$saltXYZ$hashedvalue,Rahul Sharma 2935,55,Other,Pune,Rajasthan,"Health,Sports,Toys,Automotive",2023-12-11,False,False
U02936,user02936,user2936@smartcart.ai,pbkdf2:sha256:600000$saltXYZ$hashedvalue,Ananya Joshi 2936,44,Female,Bangalore,Karnataka,"Sports,Grocery",2023-07-01,False,True
U02937,user02937,user2937@smartcart.ai,pbkdf2:sha256:600000$saltXYZ$hashedvalue,Ananya Joshi 2937,29,Female,Jaipur,Maharashtra,Fashion,2025-11-26,False,True
U02938,user02938,user2938@smartcart.ai,pbkdf2:sha256:600000$saltXYZ$hashedvalue,Ananya Joshi 2938,25,Other,Mumbai,Karnataka,"Toys,Health",2025-09-16,False,True
U02939,user02939,user2939@smartcart.ai,pbkdf2:sha256:600000$saltXYZ$hashedvalue,Rahul Sharma 2939,21,Female,Kolkata,Maharashtra,Books,2025-08-27,False,True
U02940,user02940,user2940@smartcart.ai,pbkdf2:sha256:600000$saltXYZ$hashedvalue,Deepika Nair 2940,60,Other,Ahmedabad,Rajasthan,"Automotive,Books",2023-07-19,False,True
U02941,user02941,user2941@smartcart.ai,pbkdf2:sha256:600000$saltXYZ$hashedvalue,Amit Patel 2941,55,Female,Lucknow,UP,Home & Kitchen,2025-04-28,False,True
U02942,user02942,user2942@smartcart.ai,pbkdf2:sha256:600000$saltXYZ$hashedvalue,Vijay Kumar 2942,19,Female,Jaipur,Tamil Nadu,"Fashion,Beauty",2025-04-10,False,True
U02943,user02943,user2943@smartcart.ai,pbkdf2:sha256:600000$saltXYZ$hashedvalue,Vijay Kumar 2943,60,Other,Chandigarh,Rajasthan,"Beauty,Toys,Automotive",2024-03-19,False,True
U02944,user02944,user2944@smartcart.ai,pbkdf2:sha256:600000$saltXYZ$hashedvalue,Priya Singh 2944,62,Other,Bangalore,Maharashtra,Toys,2024-12-26,False,True
U02945,user02945,user2945@smartcart.ai,pbkdf2:sha256:600000$saltXYZ$hashedvalue,Sneha Gupta 2945,61,Other,Chennai,Rajasthan,"Books,Sports,Beauty,Automotive",2025-11-17,False,True
U02946,user02946,user2946@smartcart.ai,pbkdf2:sha256:600000$saltXYZ$hashedvalue,Karan Mehta 2946,60,Other,Delhi,Gujarat,"Fashion,Electronics,Grocery",2024-09-15,False,True
U02947,user02947,user2947@smartcart.ai,pbkdf2:sha256:600000$saltXYZ$hashedvalue,Rahul Sharma 2947,39,Male,Chandigarh,Delhi,Sports,2023-06-26,False,True
U02948,user02948,user2948@smartcart.ai,pbkdf2:sha256:600000$saltXYZ$hashedvalue,Amit Patel 2948,53,Female,Chandigarh,Gujarat,Sports,2024-09-27,False,True
U02949,user02949,user2949@smartcart.ai,pbkdf2:sha256:600000$saltXYZ$hashedvalue,Deepika Nair 2949,19,Other,Chandigarh,Rajasthan,Automotive,2024-11-17,False,True
U02950,user02950,user2950@smartcart.ai,pbkdf2:sha256:600000$saltXYZ$hashedvalue,Karan Mehta 2950,21,Female,Chennai,Maharashtra,Electronics,2025-03-05,False,True
U02951,user02951,user2951@smartcart.ai,pbkdf2:sha256:600000$saltXYZ$hashedvalue,Priya Singh 2951,37,Other,Pune,Karnataka,"Sports,Health",2025-11-10,False,True
U02952,user02952,user2952@smartcart.ai,pbkdf2:sha256:600000$saltXYZ$hashedvalue,Amit Patel 2952,39,Other,Pune,Delhi,"Books,Automotive,Toys",2024-04-02,False,True
U02953,user02953,user2953@smartcart.ai,pbkdf2:sha256:600000$saltXYZ$hashedvalue,Priya Singh 2953,31,Female,Pune,UP,"Toys,Health,Automotive,Books",2026-03-04,False,True
U02954,user02954,user2954@smartcart.ai,pbkdf2:sha256:600000$saltXYZ$hashedvalue,Rahul Sharma 2954,41,Other,Hyderabad,UP,"Fashion,Automotive",2024-08-14,False,True
U02955,user02955,user2955@smartcart.ai,pbkdf2:sha256:600000$saltXYZ$hashedvalue,Rahul Sharma 2955,35,Female,Hyderabad,UP,"Fashion,Toys,Health",2023-07-13,False,True
U02956,user02956,user2956@smartcart.ai,pbkdf2:sha256:600000$saltXYZ$hashedvalue,Karan Mehta 2956,27,Male,Ahmedabad,Telangana,Home & Kitchen,2024-12-12,False,False
U02957,user02957,user2957@smartcart.ai,pbkdf2:sha256:600000$saltXYZ$hashedvalue,Amit Patel 2957,35,Other,Ahmedabad,Gujarat,Sports,2025-08-21,False,True
U02958,user02958,user2958@smartcart.ai,pbkdf2:sha256:600000$saltXYZ$hashedvalue,Priya Singh 2958,57,Other,Jaipur,Gujarat,Grocery,2025-04-15,False,True
U02959,user02959,user2959@smartcart.ai,pbkdf2:sha256:600000$saltXYZ$hashedvalue,Amit Patel 2959,24,Male,Jaipur,West Bengal,Sports,2023-05-30,False,True
U02960,user02960,user2960@smartcart.ai,pbkdf2:sha256:600000$saltXYZ$hashedvalue,Ananya Joshi 2960,60,Other,Surat,West Bengal,"Fashion,Grocery",2025-08-12,False,True
U02961,user02961,user2961@smartcart.ai,pbkdf2:sha256:600000$saltXYZ$hashedvalue,Deepika Nair 2961,58,Female,Chandigarh,Telangana,"Books,Electronics,Automotive",2024-04-29,False,True
U02962,user02962,user2962@smartcart.ai,pbkdf2:sha256:600000$saltXYZ$hashedvalue,Amit Patel 2962,56,Male,Bangalore,UP,"Beauty,Automotive,Fashion",2025-09-16,False,True
U02963,user02963,user2963@smartcart.ai,pbkdf2:sha256:600000$saltXYZ$hashedvalue,Pooja Pillai 2963,27,Male,Jaipur,Gujarat,"Home & Kitchen,Fashion",2025-03-22,False,True
U02964,user02964,user2964@smartcart.ai,pbkdf2:sha256:600000$saltXYZ$hashedvalue,Amit Patel 2964,45,Female,Delhi,Rajasthan,"Beauty,Health",2025-07-13,False,True
U02965,user02965,user2965@smartcart.ai,pbkdf2:sha256:600000$saltXYZ$hashedvalue,Priya Singh 2965,30,Other,Surat,UP,"Beauty,Health",2025-11-28,False,True
U02966,user02966,user2966@smartcart.ai,pbkdf2:sha256:600000$saltXYZ$hashedvalue,Vijay Kumar 2966,23,Other,Pune,Karnataka,"Home & Kitchen,Automotive,Health",2023-12-19,False,True
U02967,user02967,user2967@smartcart.ai,pbkdf2:sha256:600000$saltXYZ$hashedvalue,Rohit Verma 2967,30,Male,Pune,Tamil Nadu,"Fashion,Home & Kitchen,Books,Beauty",2024-08-18,False,True
U02968,user02968,user2968@smartcart.ai,pbkdf2:sha256:600000$saltXYZ$hashedvalue,Ananya Joshi 2968,40,Other,Hyderabad,Maharashtra,"Fashion,Home & Kitchen,Automotive",2024-12-17,False,True
U02969,user02969,user2969@smartcart.ai,pbkdf2:sha256:600000$saltXYZ$hashedvalue,Pooja Pillai 2969,18,Other,Delhi,Gujarat,"Electronics,Books,Fashion",2023-12-26,False,False
U02970,user02970,user2970@smartcart.ai,pbkdf2:sha256:600000$saltXYZ$hashedvalue,Vijay Kumar 2970,50,Other,Kolkata,Telangana,"Toys,Beauty,Grocery,Fashion",2024-06-17,False,True
U02971,user02971,user2971@smartcart.ai,pbkdf2:sha256:600000$saltXYZ$hashedvalue,Deepika Nair 2971,52,Male,Surat,Delhi,Fashion,2023-05-18,False,True
U02972,user02972,user2972@smartcart.ai,pbkdf2:sha256:600000$saltXYZ$hashedvalue,Priya Singh 2972,45,Male,Kolkata,West Bengal,"Automotive,Home & Kitchen,Beauty",2026-03-21,False,True
U02973,user02973,user2973@smartcart.ai,pbkdf2:sha256:600000$saltXYZ$hashedvalue,Ananya Joshi 2973,21,Other,Chandigarh,Telangana,"Grocery,Fashion,Health",2025-12-01,False,True
U02974,user02974,user2974@smartcart.ai,pbkdf2:sha256:600000$saltXYZ$hashedvalue,Deepika Nair 2974,47,Male,Ahmedabad,Telangana,Grocery,2025-07-27,False,False
U02975,user02975,user2975@smartcart.ai,pbkdf2:sha256:600000$saltXYZ$hashedvalue,Rahul Sharma 2975,55,Male,Bangalore,Maharashtra,Fashion,2025-05-14,False,True
U02976,user02976,user2976@smartcart.ai,pbkdf2:sha256:600000$saltXYZ$hashedvalue,Amit Patel 2976,52,Female,Jaipur,Gujarat,"Grocery,Electronics,Books",2025-02-22,False,True
U02977,user02977,user2977@smartcart.ai,pbkdf2:sha256:600000$saltXYZ$hashedvalue,Rahul Sharma 2977,28,Other,Ahmedabad,West Bengal,"Health,Home & Kitchen,Sports,Grocery",2023-10-18,False,True
U02978,user02978,user2978@smartcart.ai,pbkdf2:sha256:600000$saltXYZ$hashedvalue,Karan Mehta 2978,32,Other,Delhi,West Bengal,"Health,Grocery",2025-02-19,False,True
U02979,user02979,user2979@smartcart.ai,pbkdf2:sha256:600000$saltXYZ$hashedvalue,Karan Mehta 2979,30,Female,Chandigarh,Tamil Nadu,Beauty,2024-09-12,False,True
U02980,user02980,user2980@smartcart.ai,pbkdf2:sha256:600000$saltXYZ$hashedvalue,Sneha Gupta 2980,19,Female,Surat,UP,"Toys,Beauty,Home & Kitchen,Grocery",2023-12-23,False,True
U02981,user02981,user2981@smartcart.ai,pbkdf2:sha256:600000$saltXYZ$hashedvalue,Rahul Sharma 2981,59,Other,Surat,Karnataka,Home & Kitchen,2025-07-09,False,False
U02982,user02982,user2982@smartcart.ai,pbkdf2:sha256:600000$saltXYZ$hashedvalue,Amit Patel 2982,61,Female,Pune,West Bengal,"Automotive,Toys,Beauty,Electronics",2025-01-11,False,True
U02983,user02983,user2983@smartcart.ai,pbkdf2:sha256:600000$saltXYZ$hashedvalue,Amit Patel 2983,61,Female,Hyderabad,Punjab,"Grocery,Home & Kitchen,Toys,Sports",2023-09-15,False,True
U02984,user02984,user2984@smartcart.ai,pbkdf2:sha256:600000$saltXYZ$hashedvalue,Rahul Sharma 2984,42,Other,Ahmedabad,UP,"Grocery,Beauty",2024-05-06,False,True
U02985,user02985,user2985@smartcart.ai,pbkdf2:sha256:600000$saltXYZ$hashedvalue,Rohit Verma 2985,41,Other,Bangalore,Telangana,"Toys,Automotive,Sports,Fashion",2023-06-27,False,False
U02986,user02986,user2986@smartcart.ai,pbkdf2:sha256:600000$saltXYZ$hashedvalue,Rohit Verma 2986,54,Female,Ahmedabad,Karnataka,Books,2024-01-16,False,True
U02987,user02987,user2987@smartcart.ai,pbkdf2:sha256:600000$saltXYZ$hashedvalue,Amit Patel 2987,54,Female,Surat,Rajasthan,Sports,2025-12-12,False,True
U02988,user02988,user2988@smartcart.ai,pbkdf2:sha256:600000$saltXYZ$hashedvalue,Karan Mehta 2988,61,Male,Chennai,Gujarat,"Automotive,Beauty,Books,Toys",2025-02-22,False,True
U02989,user02989,user2989@smartcart.ai,pbkdf2:sha256:600000$saltXYZ$hashedvalue,Vijay Kumar 2989,30,Female,Mumbai,Telangana,Books,2026-02-10,False,True
U02990,user02990,user2990@smartcart.ai,pbkdf2:sha256:600000$saltXYZ$hashedvalue,Vijay Kumar 2990,64,Male,Kolkata,Punjab,"Home & Kitchen,Fashion,Automotive",2024-04-26,False,True
U02991,user02991,user2991@smartcart.ai,pbkdf2:sha256:600000$saltXYZ$hashedvalue,Rohit Verma 2991,56,Female,Mumbai,West Bengal,Health,2023-11-18,False,True
U02992,user02992,user2992@smartcart.ai,pbkdf2:sha256:600000$saltXYZ$hashedvalue,Deepika Nair 2992,42,Male,Kolkata,Tamil Nadu,"Home & Kitchen,Beauty,Fashion,Automotive",2024-02-18,False,True
U02993,user02993,user2993@smartcart.ai,pbkdf2:sha256:600000$saltXYZ$hashedvalue,Rahul Sharma 2993,45,Female,Bangalore,Punjab,"Grocery,Books",2025-06-03,False,True
U02994,user02994,user2994@smartcart.ai,pbkdf2:sha256:600000$saltXYZ$hashedvalue,Karan Mehta 2994,29,Other,Ahmedabad,West Bengal,"Home & Kitchen,Electronics,Grocery",2024-02-29,False,True
U02995,user02995,user2995@smartcart.ai,pbkdf2:sha256:600000$saltXYZ$hashedvalue,Amit Patel 2995,54,Male,Mumbai,Punjab,Fashion,2024-12-09,False,True
U02996,user02996,user2996@smartcart.ai,pbkdf2:sha256:600000$saltXYZ$hashedvalue,Sneha Gupta 2996,34,Other,Ahmedabad,UP,"Toys,Grocery,Home & Kitchen,Beauty",2023-06-22,False,True
U02997,user02997,user2997@smartcart.ai,pbkdf2:sha256:600000$saltXYZ$hashedvalue,Pooja Pillai 2997,34,Other,Hyderabad,Gujarat,Sports,2024-11-15,False,True
U02998,user02998,user2998@smartcart.ai,pbkdf2:sha256:600000$saltXYZ$hashedvalue,Rohit Verma 2998,19,Other,Ahmedabad,Tamil Nadu,"Home & Kitchen,Health,Electronics,Toys",2025-09-27,False,True
U02999,user02999,user2999@smartcart.ai,pbkdf2:sha256:600000$saltXYZ$hashedvalue,Vijay Kumar 2999,48,Female,Chandigarh,Tamil Nadu,"Health,Automotive",2023-12-18,False,True
U03000,user03000,user3000@smartcart.ai,pbkdf2:sha256:600000$saltXYZ$hashedvalue,Priya Singh 3000,28,Other,Mumbai,West Bengal,"Electronics,Books",2023-09-20,False,False
U03001,user03001,user3001@smartcart.ai,pbkdf2:sha256:600000$saltXYZ$hashedvalue,Rahul Sharma 3001,58,Other,Pune,UP,"Books,Health,Home & Kitchen",2023-05-10,False,True
U03002,user03002,user3002@smartcart.ai,pbkdf2:sha256:600000$saltXYZ$hashedvalue,Amit Patel 3002,28,Other,Bangalore,Delhi,"Home & Kitchen,Fashion,Electronics,Health",2025-12-15,False,False
U03003,user03003,user3003@smartcart.ai,pbkdf2:sha256:600000$saltXYZ$hashedvalue,Amit Patel 3003,31,Other,Chandigarh,Delhi,"Beauty,Toys",2025-12-17,False,True
U03004,user03004,user3004@smartcart.ai,pbkdf2:sha256:600000$saltXYZ$hashedvalue,Deepika Nair 3004,64,Male,Lucknow,Maharashtra,"Books,Automotive,Home & Kitchen",2025-12-30,False,True
U03005,user03005,user3005@smartcart.ai,pbkdf2:sha256:600000$saltXYZ$hashedvalue,Amit Patel 3005,46,Other,Surat,Telangana,"Home & Kitchen,Toys,Grocery,Fashion",2025-03-26,False,True
U03006,user03006,user3006@smartcart.ai,pbkdf2:sha256:600000$saltXYZ$hashedvalue,Sneha Gupta 3006,45,Female,Surat,Karnataka,"Health,Automotive",2025-09-08,False,True
U03007,user03007,user3007@smartcart.ai,pbkdf2:sha256:600000$saltXYZ$hashedvalue,Amit Patel 3007,63,Male,Lucknow,West Bengal,Grocery,2024-08-21,False,True
U03008,user03008,user3008@smartcart.ai,pbkdf2:sha256:600000$saltXYZ$hashedvalue,Rahul Sharma 3008,62,Male,Mumbai,Punjab,"Home & Kitchen,Beauty,Sports",2023-06-11,False,True
U03009,user03009,user3009@smartcart.ai,pbkdf2:sha256:600000$saltXYZ$hashedvalue,Rahul Sharma 3009,39,Female,Bangalore,Telangana,"Electronics,Automotive,Home & Kitchen,Books",2024-02-25,False,True
U03010,user03010,user3010@smartcart.ai,pbkdf2:sha256:600000$saltXYZ$hashedvalue,Rohit Verma 3010,45,Male,Chandigarh,Delhi,"Electronics,Books,Health",2025-11-24,False,True
U03011,user03011,user3011@smartcart.ai,pbkdf2:sha256:600000$saltXYZ$hashedvalue,Karan Mehta 3011,30,Other,Pune,Rajasthan,"Automotive,Sports,Grocery",2023-12-14,False,True
U03012,user03012,user3012@smartcart.ai,pbkdf2:sha256:600000$saltXYZ$hashedvalue,Vijay Kumar 3012,25,Female,Pune,Gujarat,Fashion,2025-06-28,False,True
U03013,user03013,user3013@smartcart.ai,pbkdf2:sha256:600000$saltXYZ$hashedvalue,Karan Mehta 3013,21,Other,Jaipur,Gujarat,"Electronics,Home & Kitchen,Fashion,Sports",2024-04-28,False,False
U03014,user03014,user3014@smartcart.ai,pbkdf2:sha256:600000$saltXYZ$hashedvalue,Sneha Gupta 3014,43,Female,Ahmedabad,Punjab,Grocery,2025-12-06,False,True
U03015,user03015,user3015@smartcart.ai,pbkdf2:sha256:600000$saltXYZ$hashedvalue,Priya Singh 3015,41,Male,Mumbai,Karnataka,Beauty,2023-09-18,False,True
U03016,user03016,user3016@smartcart.ai,pbkdf2:sha256:600000$saltXYZ$hashedvalue,Amit Patel 3016,53,Other,Pune,Maharashtra,Automotive,2025-04-17,False,True
U03017,user03017,user3017@smartcart.ai,pbkdf2:sha256:600000$saltXYZ$hashedvalue,Deepika Nair 3017,23,Male,Delhi,Punjab,"Sports,Home & Kitchen,Health,Automotive",2025-06-21,False,True
U03018,user03018,user3018@smartcart.ai,pbkdf2:sha256:600000$saltXYZ$hashedvalue,Ananya Joshi 3018,47,Male,Bangalore,Tamil Nadu,"Beauty,Toys,Home & Kitchen,Electronics",2025-11-08,False,True
U03019,user03019,user3019@smartcart.ai,pbkdf2:sha256:600000$saltXYZ$hashedvalue,Sneha Gupta 3019,50,Female,Delhi,West Bengal,"Grocery,Automotive",2025-12-12,False,True
U03020,user03020,user3020@smartcart.ai,pbkdf2:sha256:600000$saltXYZ$hashedvalue,Karan Mehta 3020,39,Other,Pune,Delhi,"Sports,Health,Books,Beauty",2024-10-19,False,True
U03021,user03021,user3021@smartcart.ai,pbkdf2:sha256:600000$saltXYZ$hashedvalue,Vijay Kumar 3021,54,Female,Chandigarh,Delhi,"Toys,Grocery,Books",2024-09-03,False,True
U03022,user03022,user3022@smartcart.ai,pbkdf2:sha256:600000$saltXYZ$hashedvalue,Deepika Nair 3022,48,Male,Chennai,Karnataka,"Books,Home & Kitchen,Electronics",2025-04-02,False,True
U03023,user03023,user3023@smartcart.ai,pbkdf2:sha256:600000$saltXYZ$hashedvalue,Vijay Kumar 3023,53,Other,Hyderabad,Delhi,"Toys,Sports,Health",2025-07-10,False,True
U03024,user03024,user3024@smartcart.ai,pbkdf2:sha256:600000$saltXYZ$hashedvalue,Vijay Kumar 3024,62,Male,Kolkata,Karnataka,"Books,Automotive,Home & Kitchen",2025-12-26,False,True
U03025,user03025,user3025@smartcart.ai,pbkdf2:sha256:600000$saltXYZ$hashedvalue,Amit Patel 3025,63,Other,Bangalore,Telangana,"Sports,Books",2024-05-31,False,True
U03026,user03026,user3026@smartcart.ai,pbkdf2:sha256:600000$saltXYZ$hashedvalue,Karan Mehta 3026,38,Male,Bangalore,West Bengal,"Health,Home & Kitchen,Grocery",2025-04-25,False,True
U03027,user03027,user3027@smartcart.ai,pbkdf2:sha256:600000$saltXYZ$hashedvalue,Pooja Pillai 3027,43,Female,Bangalore,Telangana,"Toys,Electronics,Automotive",2024-09-10,False,True
U03028,user03028,user3028@smartcart.ai,pbkdf2:sha256:600000$saltXYZ$hashedvalue,Ananya Joshi 3028,50,Other,Surat,Punjab,"Sports,Grocery,Electronics,Health",2025-10-29,False,True
U03029,user03029,user3029@smartcart.ai,pbkdf2:sha256:600000$saltXYZ$hashedvalue,Deepika Nair 3029,20,Male,Ahmedabad,Telangana,Fashion,2024-06-21,False,True
U03030,user03030,user3030@smartcart.ai,pbkdf2:sha256:600000$saltXYZ$hashedvalue,Rahul Sharma 3030,60,Other,Kolkata,Karnataka,Toys,2025-08-22,False,True
U03031,user03031,user3031@smartcart.ai,pbkdf2:sha256:600000$saltXYZ$hashedvalue,Ananya Joshi 3031,22,Female,Chandigarh,Tamil Nadu,"Electronics,Grocery",2025-02-02,False,True
U03032,user03032,user3032@smartcart.ai,pbkdf2:sha256:600000$saltXYZ$hashedvalue,Amit Patel 3032,26,Female,Chennai,UP,"Home & Kitchen,Electronics,Grocery",2025-03-16,False,True
U03033,user03033,user3033@smartcart.ai,pbkdf2:sha256:600000$saltXYZ$hashedvalue,Sneha Gupta 3033,50,Female,Kolkata,UP,"Automotive,Sports,Books,Grocery",2024-12-07,False,False
U03034,user03034,user3034@smartcart.ai,pbkdf2:sha256:600000$saltXYZ$hashedvalue,Rahul Sharma 3034,19,Female,Surat,Delhi,"Automotive,Electronics,Beauty,Sports",2023-12-29,False,True
U03035,user03035,user3035@smartcart.ai,pbkdf2:sha256:600000$saltXYZ$hashedvalue,Karan Mehta 3035,54,Female,Bangalore,Delhi,Grocery,2025-06-26,False,True
U03036,user03036,user3036@smartcart.ai,pbkdf2:sha256:600000$saltXYZ$hashedvalue,Ananya Joshi 3036,24,Female,Ahmedabad,UP,"Books,Beauty,Automotive",2024-09-11,False,True
U03037,user03037,user3037@smartcart.ai,pbkdf2:sha256:600000$saltXYZ$hashedvalue,Karan Mehta 3037,64,Female,Mumbai,Delhi,Toys,2025-02-13,False,True
U03038,user03038,user3038@smartcart.ai,pbkdf2:sha256:600000$saltXYZ$hashedvalue,Rohit Verma 3038,27,Other,Chennai,Telangana,"Fashion,Books,Sports",2024-12-27,False,True
U03039,user03039,user3039@smartcart.ai,pbkdf2:sha256:600000$saltXYZ$hashedvalue,Ananya Joshi 3039,18,Other,Mumbai,Delhi,Automotive,2026-04-05,False,True
U03040,user03040,user3040@smartcart.ai,pbkdf2:sha256:600000$saltXYZ$hashedvalue,Ananya Joshi 3040,57,Male,Mumbai,Gujarat,Home & Kitchen,2024-12-02,False,True
U03041,user03041,user3041@smartcart.ai,pbkdf2:sha256:600000$saltXYZ$hashedvalue,Rohit Verma 3041,38,Female,Hyderabad,Tamil Nadu,"Beauty,Home & Kitchen,Toys,Electronics",2025-09-12,False,True
U03042,user03042,user3042@smartcart.ai,pbkdf2:sha256:600000$saltXYZ$hashedvalue,Pooja Pillai 3042,61,Male,Mumbai,Tamil Nadu,Electronics,2025-06-13,False,True
U03043,user03043,user3043@smartcart.ai,pbkdf2:sha256:600000$saltXYZ$hashedvalue,Pooja Pillai 3043,49,Female,Pune,Punjab,"Books,Electronics",2024-11-29,False,True
U03044,user03044,user3044@smartcart.ai,pbkdf2:sha256:600000$saltXYZ$hashedvalue,Priya Singh 3044,51,Male,Pune,Karnataka,"Sports,Health,Toys,Home & Kitchen",2025-09-07,False,True
U03045,user03045,user3045@smartcart.ai,pbkdf2:sha256:600000$saltXYZ$hashedvalue,Deepika Nair 3045,49,Other,Chennai,Punjab,"Electronics,Sports",2025-01-10,False,True
U03046,user03046,user3046@smartcart.ai,pbkdf2:sha256:600000$saltXYZ$hashedvalue,Vijay Kumar 3046,62,Female,Mumbai,Telangana,"Home & Kitchen,Beauty",2023-11-03,False,True
U03047,user03047,user3047@smartcart.ai,pbkdf2:sha256:600000$saltXYZ$hashedvalue,Rohit Verma 3047,22,Female,Mumbai,Karnataka,Home & Kitchen,2025-09-27,False,True
U03048,user03048,user3048@smartcart.ai,pbkdf2:sha256:600000$saltXYZ$hashedvalue,Karan Mehta 3048,64,Male,Mumbai,Delhi,"Health,Toys,Grocery,Automotive",2024-06-14,False,True
U03049,user03049,user3049@smartcart.ai,pbkdf2:sha256:600000$saltXYZ$hashedvalue,Vijay Kumar 3049,34,Female,Pune,UP,Health,2024-06-14,False,True
U03050,user03050,user3050@smartcart.ai,pbkdf2:sha256:600000$saltXYZ$hashedvalue,Priya Singh 3050,49,Male,Chennai,UP,Sports,2023-12-29,False,True
U03051,user03051,user3051@smartcart.ai,pbkdf2:sha256:600000$saltXYZ$hashedvalue,Sneha Gupta 3051,51,Other,Bangalore,Maharashtra,"Health,Home & Kitchen",2025-04-04,False,True
U03052,user03052,user3052@smartcart.ai,pbkdf2:sha256:600000$saltXYZ$hashedvalue,Rohit Verma 3052,25,Female,Mumbai,Telangana,Health,2023-12-06,False,True
U03053,user03053,user3053@smartcart.ai,pbkdf2:sha256:600000$saltXYZ$hashedvalue,Rohit Verma 3053,50,Male,Mumbai,Maharashtra,"Automotive,Beauty",2023-10-06,False,True
U03054,user03054,user3054@smartcart.ai,pbkdf2:sha256:600000$saltXYZ$hashedvalue,Deepika Nair 3054,41,Male,Ahmedabad,UP,"Sports,Automotive",2024-01-12,False,True
U03055,user03055,user3055@smartcart.ai,pbkdf2:sha256:600000$saltXYZ$hashedvalue,Rohit Verma 3055,19,Male,Bangalore,Gujarat,"Grocery,Sports,Automotive,Home & Kitchen",2023-08-15,False,True
U03056,user03056,user3056@smartcart.ai,pbkdf2:sha256:600000$saltXYZ$hashedvalue,Amit Patel 3056,49,Male,Delhi,Tamil Nadu,Books,2023-08-05,False,True
U03057,user03057,user3057@smartcart.ai,pbkdf2:sha256:600000$saltXYZ$hashedvalue,Ananya Joshi 3057,64,Female,Chennai,Punjab,Fashion,2024-06-12,False,True
U03058,user03058,user3058@smartcart.ai,pbkdf2:sha256:600000$saltXYZ$hashedvalue,Pooja Pillai 3058,20,Other,Ahmedabad,Telangana,Fashion,2023-11-28,False,True
U03059,user03059,user3059@smartcart.ai,pbkdf2:sha256:600000$saltXYZ$hashedvalue,Sneha Gupta 3059,37,Female,Kolkata,Maharashtra,"Fashion,Grocery",2025-10-10,False,True
U03060,user03060,user3060@smartcart.ai,pbkdf2:sha256:600000$saltXYZ$hashedvalue,Deepika Nair 3060,43,Male,Bangalore,Karnataka,Home & Kitchen,2024-10-07,False,False
U03061,user03061,user3061@smartcart.ai,pbkdf2:sha256:600000$saltXYZ$hashedvalue,Karan Mehta 3061,37,Other,Kolkata,Telangana,"Books,Health",2023-06-23,False,True
U03062,user03062,user3062@smartcart.ai,pbkdf2:sha256:600000$saltXYZ$hashedvalue,Pooja Pillai 3062,57,Female,Lucknow,Rajasthan,"Grocery,Automotive",2025-03-04,False,True
U03063,user03063,user3063@smartcart.ai,pbkdf2:sha256:600000$saltXYZ$hashedvalue,Amit Patel 3063,65,Male,Chandigarh,Telangana,"Fashion,Automotive,Toys",2024-04-12,False,True
U03064,user03064,user3064@smartcart.ai,pbkdf2:sha256:600000$saltXYZ$hashedvalue,Sneha Gupta 3064,41,Other,Bangalore,Maharashtra,"Toys,Home & Kitchen,Books",2025-03-28,False,False
U03065,user03065,user3065@smartcart.ai,pbkdf2:sha256:600000$saltXYZ$hashedvalue,Vijay Kumar 3065,28,Male,Mumbai,Gujarat,"Sports,Automotive,Health",2025-03-08,False,True
U03066,user03066,user3066@smartcart.ai,pbkdf2:sha256:600000$saltXYZ$hashedvalue,Deepika Nair 3066,57,Male,Lucknow,West Bengal,"Home & Kitchen,Books,Sports,Health",2024-04-10,False,True
U03067,user03067,user3067@smartcart.ai,pbkdf2:sha256:600000$saltXYZ$hashedvalue,Deepika Nair 3067,41,Other,Hyderabad,Delhi,"Health,Beauty,Toys,Automotive",2025-08-18,False,True
U03068,user03068,user3068@smartcart.ai,pbkdf2:sha256:600000$saltXYZ$hashedvalue,Rahul Sharma 3068,63,Male,Mumbai,Gujarat,"Sports,Automotive,Electronics,Fashion",2025-08-25,False,True
U03069,user03069,user3069@smartcart.ai,pbkdf2:sha256:600000$saltXYZ$hashedvalue,Rohit Verma 3069,32,Female,Pune,Delhi,Automotive,2025-02-28,False,True
U03070,user03070,user3070@smartcart.ai,pbkdf2:sha256:600000$saltXYZ$hashedvalue,Deepika Nair 3070,40,Male,Bangalore,Karnataka,"Electronics,Sports,Toys",2025-02-02,False,True
U03071,user03071,user3071@smartcart.ai,pbkdf2:sha256:600000$saltXYZ$hashedvalue,Vijay Kumar 3071,48,Female,Hyderabad,Tamil Nadu,"Grocery,Fashion,Automotive,Electronics",2023-07-22,False,True
U03072,user03072,user3072@smartcart.ai,pbkdf2:sha256:600000$saltXYZ$hashedvalue,Rahul Sharma 3072,29,Male,Ahmedabad,Maharashtra,"Electronics,Health,Grocery,Home & Kitchen",2025-05-29,False,True
U03073,user03073,user3073@smartcart.ai,pbkdf2:sha256:600000$saltXYZ$hashedvalue,Rohit Verma 3073,37,Male,Jaipur,Rajasthan,"Automotive,Grocery,Fashion",2024-02-09,False,True
U03074,user03074,user3074@smartcart.ai,pbkdf2:sha256:600000$saltXYZ$hashedvalue,Priya Singh 3074,21,Female,Delhi,Karnataka,"Home & Kitchen,Sports,Fashion",2023-10-01,False,True
U03075,user03075,user3075@smartcart.ai,pbkdf2:sha256:600000$saltXYZ$hashedvalue,Ananya Joshi 3075,21,Female,Chennai,Punjab,"Health,Fashion,Sports",2025-04-20,False,True
U03076,user03076,user3076@smartcart.ai,pbkdf2:sha256:600000$saltXYZ$hashedvalue,Priya Singh 3076,45,Female,Lucknow,Tamil Nadu,"Sports,Health",2024-08-27,False,True
U03077,user03077,user3077@smartcart.ai,pbkdf2:sha256:600000$saltXYZ$hashedvalue,Ananya Joshi 3077,18,Other,Pune,Punjab,"Toys,Fashion,Health,Grocery",2026-02-27,False,True
U03078,user03078,user3078@smartcart.ai,pbkdf2:sha256:600000$saltXYZ$hashedvalue,Karan Mehta 3078,47,Male,Bangalore,West Bengal,"Sports,Toys,Fashion",2026-03-25,False,True
U03079,user03079,user3079@smartcart.ai,pbkdf2:sha256:600000$saltXYZ$hashedvalue,Karan Mehta 3079,20,Female,Bangalore,UP,"Electronics,Toys",2023-05-02,False,True
U03080,user03080,user3080@smartcart.ai,pbkdf2:sha256:600000$saltXYZ$hashedvalue,Ananya Joshi 3080,24,Male,Lucknow,Telangana,"Automotive,Sports,Grocery,Toys",2025-02-20,False,True
U03081,user03081,user3081@smartcart.ai,pbkdf2:sha256:600000$saltXYZ$hashedvalue,Rahul Sharma 3081,60,Female,Lucknow,West Bengal,Grocery,2025-03-21,False,True
U03082,user03082,user3082@smartcart.ai,pbkdf2:sha256:600000$saltXYZ$hashedvalue,Amit Patel 3082,33,Female,Lucknow,Maharashtra,"Fashion,Health",2026-02-19,False,True
U03083,user03083,user3083@smartcart.ai,pbkdf2:sha256:600000$saltXYZ$hashedvalue,Amit Patel 3083,18,Other,Ahmedabad,Telangana,Toys,2023-10-10,False,True
U03084,user03084,user3084@smartcart.ai,pbkdf2:sha256:600000$saltXYZ$hashedvalue,Karan Mehta 3084,30,Other,Jaipur,Delhi,"Fashion,Automotive",2025-07-08,False,True
U03085,user03085,user3085@smartcart.ai,pbkdf2:sha256:600000$saltXYZ$hashedvalue,Priya Singh 3085,59,Female,Surat,Tamil Nadu,"Grocery,Electronics,Home & Kitchen,Automotive",2025-01-28,False,True
U03086,user03086,user3086@smartcart.ai,pbkdf2:sha256:600000$saltXYZ$hashedvalue,Karan Mehta 3086,32,Other,Lucknow,Gujarat,Beauty,2025-07-09,False,True
U03087,user03087,user3087@smartcart.ai,pbkdf2:sha256:600000$saltXYZ$hashedvalue,Rohit Verma 3087,63,Female,Ahmedabad,Maharashtra,Grocery,2025-03-22,False,True
U03088,user03088,user3088@smartcart.ai,pbkdf2:sha256:600000$saltXYZ$hashedvalue,Vijay Kumar 3088,45,Other,Chandigarh,Karnataka,Grocery,2025-09-05,False,True
U03089,user03089,user3089@smartcart.ai,pbkdf2:sha256:600000$saltXYZ$hashedvalue,Ananya Joshi 3089,43,Male,Chandigarh,Gujarat,"Health,Toys",2024-10-05,False,True
U03090,user03090,user3090@smartcart.ai,pbkdf2:sha256:600000$saltXYZ$hashedvalue,Ananya Joshi 3090,63,Female,Chandigarh,Gujarat,Health,2025-01-25,False,True
U03091,user03091,user3091@smartcart.ai,pbkdf2:sha256:600000$saltXYZ$hashedvalue,Sneha Gupta 3091,59,Male,Chandigarh,Punjab,Electronics,2024-09-23,False,True
U03092,user03092,user3092@smartcart.ai,pbkdf2:sha256:600000$saltXYZ$hashedvalue,Karan Mehta 3092,54,Female,Pune,Rajasthan,"Electronics,Health,Toys",2023-09-07,False,True
U03093,user03093,user3093@smartcart.ai,pbkdf2:sha256:600000$saltXYZ$hashedvalue,Priya Singh 3093,64,Other,Surat,UP,"Toys,Sports,Beauty,Fashion",2024-04-29,False,True
U03094,user03094,user3094@smartcart.ai,pbkdf2:sha256:600000$saltXYZ$hashedvalue,Sneha Gupta 3094,32,Other,Delhi,Delhi,"Toys,Sports,Beauty,Grocery",2023-08-27,False,True
U03095,user03095,user3095@smartcart.ai,pbkdf2:sha256:600000$saltXYZ$hashedvalue,Amit Patel 3095,62,Other,Pune,Karnataka,"Electronics,Fashion",2025-01-03,False,True
U03096,user03096,user3096@smartcart.ai,pbkdf2:sha256:600000$saltXYZ$hashedvalue,Amit Patel 3096,48,Male,Mumbai,Gujarat,"Fashion,Grocery",2024-04-07,False,True
U03097,user03097,user3097@smartcart.ai,pbkdf2:sha256:600000$saltXYZ$hashedvalue,Vijay Kumar 3097,27,Female,Pune,Punjab,Home & Kitchen,2024-10-13,False,True
U03098,user03098,user3098@smartcart.ai,pbkdf2:sha256:600000$saltXYZ$hashedvalue,Rahul Sharma 3098,29,Male,Chennai,Tamil Nadu,"Books,Toys,Home & Kitchen",2023-05-19,False,True
U03099,user03099,user3099@smartcart.ai,pbkdf2:sha256:600000$saltXYZ$hashedvalue,Sneha Gupta 3099,35,Other,Bangalore,Telangana,"Beauty,Health,Fashion",2025-04-11,False,True
U03100,user03100,user3100@smartcart.ai,pbkdf2:sha256:600000$saltXYZ$hashedvalue,Vijay Kumar 3100,51,Other,Kolkata,Delhi,Toys,2025-11-28,False,True
U03101,user03101,user3101@smartcart.ai,pbkdf2:sha256:600000$saltXYZ$hashedvalue,Karan Mehta 3101,43,Female,Delhi,Maharashtra,"Toys,Electronics",2026-01-28,False,True
U03102,user03102,user3102@smartcart.ai,pbkdf2:sha256:600000$saltXYZ$hashedvalue,Priya Singh 3102,41,Female,Jaipur,Telangana,Sports,2024-07-14,False,True
U03103,user03103,user3103@smartcart.ai,pbkdf2:sha256:600000$saltXYZ$hashedvalue,Priya Singh 3103,52,Other,Chandigarh,Telangana,"Sports,Beauty,Fashion,Books",2024-02-03,False,True
U03104,user03104,user3104@smartcart.ai,pbkdf2:sha256:600000$saltXYZ$hashedvalue,Pooja Pillai 3104,52,Female,Jaipur,Rajasthan,"Electronics,Automotive,Grocery,Toys",2026-02-15,False,True
U03105,user03105,user3105@smartcart.ai,pbkdf2:sha256:600000$saltXYZ$hashedvalue,Deepika Nair 3105,56,Male,Ahmedabad,Maharashtra,"Electronics,Automotive",2024-10-22,False,True
U03106,user03106,user3106@smartcart.ai,pbkdf2:sha256:600000$saltXYZ$hashedvalue,Rahul Sharma 3106,54,Female,Kolkata,Maharashtra,"Electronics,Home & Kitchen,Toys",2025-01-03,False,True
U03107,user03107,user3107@smartcart.ai,pbkdf2:sha256:600000$saltXYZ$hashedvalue,Karan Mehta 3107,61,Other,Chennai,Tamil Nadu,"Toys,Automotive,Books",2025-01-24,False,True
U03108,user03108,user3108@smartcart.ai,pbkdf2:sha256:600000$saltXYZ$hashedvalue,Vijay Kumar 3108,65,Female,Bangalore,Tamil Nadu,"Toys,Beauty,Sports",2023-07-06,False,True
U03109,user03109,user3109@smartcart.ai,pbkdf2:sha256:600000$saltXYZ$hashedvalue,Pooja Pillai 3109,64,Other,Chandigarh,Gujarat,"Automotive,Health,Sports",2024-12-22,False,True
U03110,user03110,user3110@smartcart.ai,pbkdf2:sha256:600000$saltXYZ$hashedvalue,Pooja Pillai 3110,48,Male,Jaipur,Karnataka,"Automotive,Grocery,Health,Books",2025-06-29,False,True
U03111,user03111,user3111@smartcart.ai,pbkdf2:sha256:600000$saltXYZ$hashedvalue,Amit Patel 3111,54,Male,Pune,Gujarat,"Books,Sports,Fashion,Electronics",2024-10-14,False,True
U03112,user03112,user3112@smartcart.ai,pbkdf2:sha256:600000$saltXYZ$hashedvalue,Vijay Kumar 3112,26,Female,Ahmedabad,Tamil Nadu,Sports,2025-09-10,False,True
U03113,user03113,user3113@smartcart.ai,pbkdf2:sha256:600000$saltXYZ$hashedvalue,Deepika Nair 3113,35,Other,Ahmedabad,Gujarat,"Beauty,Toys",2024-03-14,False,True
U03114,user03114,user3114@smartcart.ai,pbkdf2:sha256:600000$saltXYZ$hashedvalue,Priya Singh 3114,48,Other,Mumbai,Tamil Nadu,"Automotive,Grocery,Beauty,Home & Kitchen",2024-03-09,False,True
U03115,user03115,user3115@smartcart.ai,pbkdf2:sha256:600000$saltXYZ$hashedvalue,Rohit Verma 3115,63,Male,Hyderabad,Delhi,"Sports,Fashion,Electronics,Beauty",2025-09-22,False,True
U03116,user03116,user3116@smartcart.ai,pbkdf2:sha256:600000$saltXYZ$hashedvalue,Rohit Verma 3116,37,Female,Hyderabad,Punjab,"Fashion,Automotive",2024-01-07,False,True
U03117,user03117,user3117@smartcart.ai,pbkdf2:sha256:600000$saltXYZ$hashedvalue,Sneha Gupta 3117,21,Other,Bangalore,Delhi,Sports,2023-12-13,False,True
U03118,user03118,user3118@smartcart.ai,pbkdf2:sha256:600000$saltXYZ$hashedvalue,Karan Mehta 3118,42,Other,Ahmedabad,Telangana,"Fashion,Grocery,Toys,Automotive",2026-02-17,False,True
U03119,user03119,user3119@smartcart.ai,pbkdf2:sha256:600000$saltXYZ$hashedvalue,Ananya Joshi 3119,20,Male,Jaipur,West Bengal,Home & Kitchen,2025-02-20,False,True
U03120,user03120,user3120@smartcart.ai,pbkdf2:sha256:600000$saltXYZ$hashedvalue,Ananya Joshi 3120,55,Female,Chennai,UP,"Automotive,Grocery,Beauty,Home & Kitchen",2024-04-22,False,True
U03121,user03121,user3121@smartcart.ai,pbkdf2:sha256:600000$saltXYZ$hashedvalue,Priya Singh 3121,20,Other,Lucknow,Punjab,"Grocery,Books",2025-07-10,False,True
U03122,user03122,user3122@smartcart.ai,pbkdf2:sha256:600000$saltXYZ$hashedvalue,Rohit Verma 3122,58,Male,Hyderabad,Karnataka,"Fashion,Toys,Books",2024-09-21,False,True
U03123,user03123,user3123@smartcart.ai,pbkdf2:sha256:600000$saltXYZ$hashedvalue,Vijay Kumar 3123,41,Female,Lucknow,Gujarat,"Toys,Books,Fashion",2025-09-19,False,True
U03124,user03124,user3124@smartcart.ai,pbkdf2:sha256:600000$saltXYZ$hashedvalue,Rahul Sharma 3124,27,Female,Pune,Telangana,"Sports,Toys,Beauty,Electronics",2025-02-14,False,True
U03125,user03125,user3125@smartcart.ai,pbkdf2:sha256:600000$saltXYZ$hashedvalue,Amit Patel 3125,60,Female,Jaipur,Delhi,"Electronics,Books",2023-09-29,False,True
U03126,user03126,user3126@smartcart.ai,pbkdf2:sha256:600000$saltXYZ$hashedvalue,Ananya Joshi 3126,34,Male,Mumbai,Rajasthan,"Books,Beauty,Home & Kitchen",2023-08-01,False,True
U03127,user03127,user3127@smartcart.ai,pbkdf2:sha256:600000$saltXYZ$hashedvalue,Pooja Pillai 3127,27,Other,Chandigarh,Punjab,"Beauty,Electronics,Books,Fashion",2024-10-05,False,True
U03128,user03128,user3128@smartcart.ai,pbkdf2:sha256:600000$saltXYZ$hashedvalue,Deepika Nair 3128,40,Other,Delhi,UP,"Electronics,Health",2025-02-26,False,True
U03129,user03129,user3129@smartcart.ai,pbkdf2:sha256:600000$saltXYZ$hashedvalue,Rohit Verma 3129,37,Male,Bangalore,Karnataka,"Beauty,Sports",2025-07-24,False,True
U03130,user03130,user3130@smartcart.ai,pbkdf2:sha256:600000$saltXYZ$hashedvalue,Rahul Sharma 3130,50,Male,Chandigarh,West Bengal,"Health,Books",2023-05-07,False,True
U03131,user03131,user3131@smartcart.ai,pbkdf2:sha256:600000$saltXYZ$hashedvalue,Rahul Sharma 3131,29,Female,Delhi,Punjab,"Home & Kitchen,Fashion,Books,Toys",2026-03-22,False,True
U03132,user03132,user3132@smartcart.ai,pbkdf2:sha256:600000$saltXYZ$hashedvalue,Karan Mehta 3132,58,Male,Delhi,Telangana,"Electronics,Beauty",2024-09-12,False,True
U03133,user03133,user3133@smartcart.ai,pbkdf2:sha256:600000$saltXYZ$hashedvalue,Ananya Joshi 3133,57,Male,Jaipur,Telangana,"Health,Electronics,Automotive,Toys",2023-12-30,False,True
U03134,user03134,user3134@smartcart.ai,pbkdf2:sha256:600000$saltXYZ$hashedvalue,Amit Patel 3134,57,Male,Hyderabad,UP,"Books,Toys,Electronics",2026-03-24,False,True
U03135,user03135,user3135@smartcart.ai,pbkdf2:sha256:600000$saltXYZ$hashedvalue,Vijay Kumar 3135,60,Female,Kolkata,Karnataka,Fashion,2024-12-30,False,True
U03136,user03136,user3136@smartcart.ai,pbkdf2:sha256:600000$saltXYZ$hashedvalue,Karan Mehta 3136,25,Male,Delhi,Rajasthan,"Home & Kitchen,Electronics,Sports",2024-09-03,False,True
U03137,user03137,user3137@smartcart.ai,pbkdf2:sha256:600000$saltXYZ$hashedvalue,Vijay Kumar 3137,63,Male,Chennai,Delhi,"Toys,Electronics,Fashion",2025-02-10,False,True
U03138,user03138,user3138@smartcart.ai,pbkdf2:sha256:600000$saltXYZ$hashedvalue,Rohit Verma 3138,29,Female,Chandigarh,Rajasthan,Fashion,2026-02-03,False,True
U03139,user03139,user3139@smartcart.ai,pbkdf2:sha256:600000$saltXYZ$hashedvalue,Pooja Pillai 3139,57,Other,Pune,Delhi,Home & Kitchen,2025-11-22,False,True
U03140,user03140,user3140@smartcart.ai,pbkdf2:sha256:600000$saltXYZ$hashedvalue,Amit Patel 3140,22,Female,Mumbai,West Bengal,"Health,Toys,Electronics,Fashion",2025-05-31,False,True
U03141,user03141,user3141@smartcart.ai,pbkdf2:sha256:600000$saltXYZ$hashedvalue,Amit Patel 3141,42,Other,Jaipur,West Bengal,"Fashion,Beauty",2024-08-21,False,True
U03142,user03142,user3142@smartcart.ai,pbkdf2:sha256:600000$saltXYZ$hashedvalue,Sneha Gupta 3142,46,Female,Chennai,Karnataka,"Sports,Fashion,Books,Home & Kitchen",2024-03-11,False,True
U03143,user03143,user3143@smartcart.ai,pbkdf2:sha256:600000$saltXYZ$hashedvalue,Rahul Sharma 3143,35,Male,Pune,Karnataka,"Books,Fashion,Beauty,Toys",2024-01-01,False,True
U03144,user03144,user3144@smartcart.ai,pbkdf2:sha256:600000$saltXYZ$hashedvalue,Priya Singh 3144,54,Male,Hyderabad,Rajasthan,"Books,Toys",2024-03-28,False,True
U03145,user03145,user3145@smartcart.ai,pbkdf2:sha256:600000$saltXYZ$hashedvalue,Deepika Nair 3145,51,Male,Surat,Telangana,"Sports,Health,Grocery,Fashion",2025-01-26,False,True
U03146,user03146,user3146@smartcart.ai,pbkdf2:sha256:600000$saltXYZ$hashedvalue,Sneha Gupta 3146,39,Other,Ahmedabad,Karnataka,Health,2024-08-17,False,True
U03147,user03147,user3147@smartcart.ai,pbkdf2:sha256:600000$saltXYZ$hashedvalue,Pooja Pillai 3147,34,Male,Surat,Telangana,"Home & Kitchen,Toys",2025-11-13,False,True
U03148,user03148,user3148@smartcart.ai,pbkdf2:sha256:600000$saltXYZ$hashedvalue,Priya Singh 3148,23,Male,Chennai,Gujarat,"Health,Home & Kitchen,Books,Sports",2026-03-05,False,True
U03149,user03149,user3149@smartcart.ai,pbkdf2:sha256:600000$saltXYZ$hashedvalue,Vijay Kumar 3149,55,Other,Mumbai,Rajasthan,"Fashion,Electronics,Home & Kitchen",2023-05-30,False,True
U03150,user03150,user3150@smartcart.ai,pbkdf2:sha256:600000$saltXYZ$hashedvalue,Amit Patel 3150,42,Male,Bangalore,West Bengal,Automotive,2024-04-07,False,True
U03151,user03151,user3151@smartcart.ai,pbkdf2:sha256:600000$saltXYZ$hashedvalue,Ananya Joshi 3151,40,Other,Delhi,Punjab,"Fashion,Grocery,Automotive,Beauty",2025-04-04,False,True
U03152,user03152,user3152@smartcart.ai,pbkdf2:sha256:600000$saltXYZ$hashedvalue,Ananya Joshi 3152,23,Female,Kolkata,UP,"Home & Kitchen,Sports",2023-10-22,False,True
U03153,user03153,user3153@smartcart.ai,pbkdf2:sha256:600000$saltXYZ$hashedvalue,Amit Patel 3153,42,Other,Pune,Rajasthan,"Home & Kitchen,Automotive",2024-08-17,False,True
U03154,user03154,user3154@smartcart.ai,pbkdf2:sha256:600000$saltXYZ$hashedvalue,Deepika Nair 3154,27,Other,Chennai,Punjab,"Automotive,Electronics,Books,Home & Kitchen",2024-10-01,False,True
U03155,user03155,user3155@smartcart.ai,pbkdf2:sha256:600000$saltXYZ$hashedvalue,Rohit Verma 3155,42,Other,Surat,Tamil Nadu,"Toys,Automotive",2024-06-26,False,True
U03156,user03156,user3156@smartcart.ai,pbkdf2:sha256:600000$saltXYZ$hashedvalue,Priya Singh 3156,36,Male,Mumbai,Rajasthan,"Books,Sports",2025-12-29,False,True
U03157,user03157,user3157@smartcart.ai,pbkdf2:sha256:600000$saltXYZ$hashedvalue,Karan Mehta 3157,50,Male,Surat,Tamil Nadu,"Health,Automotive",2025-02-25,False,True
U03158,user03158,user3158@smartcart.ai,pbkdf2:sha256:600000$saltXYZ$hashedvalue,Ananya Joshi 3158,60,Female,Pune,Maharashtra,Books,2025-03-26,False,True
U03159,user03159,user3159@smartcart.ai,pbkdf2:sha256:600000$saltXYZ$hashedvalue,Amit Patel 3159,49,Male,Chandigarh,Punjab,"Health,Toys,Beauty",2024-06-30,False,True
U03160,user03160,user3160@smartcart.ai,pbkdf2:sha256:600000$saltXYZ$hashedvalue,Deepika Nair 3160,22,Male,Chandigarh,UP,"Books,Electronics,Fashion",2024-03-24,False,False
U03161,user03161,user3161@smartcart.ai,pbkdf2:sha256:600000$saltXYZ$hashedvalue,Sneha Gupta 3161,35,Male,Delhi,Telangana,"Health,Beauty",2023-11-21,False,True
U03162,user03162,user3162@smartcart.ai,pbkdf2:sha256:600000$saltXYZ$hashedvalue,Ananya Joshi 3162,56,Other,Ahmedabad,Tamil Nadu,"Beauty,Home & Kitchen,Toys",2025-07-06,False,True
U03163,user03163,user3163@smartcart.ai,pbkdf2:sha256:600000$saltXYZ$hashedvalue,Priya Singh 3163,20,Female,Chandigarh,Tamil Nadu,Grocery,2025-11-01,False,True
U03164,user03164,user3164@smartcart.ai,pbkdf2:sha256:600000$saltXYZ$hashedvalue,Ananya Joshi 3164,37,Other,Ahmedabad,UP,"Toys,Sports",2024-07-29,False,True
U03165,user03165,user3165@smartcart.ai,pbkdf2:sha256:600000$saltXYZ$hashedvalue,Deepika Nair 3165,45,Other,Lucknow,Gujarat,"Grocery,Beauty,Toys",2023-07-17,False,True
U03166,user03166,user3166@smartcart.ai,pbkdf2:sha256:600000$saltXYZ$hashedvalue,Karan Mehta 3166,55,Female,Jaipur,Punjab,Electronics,2024-10-24,False,True
U03167,user03167,user3167@smartcart.ai,pbkdf2:sha256:600000$saltXYZ$hashedvalue,Deepika Nair 3167,34,Other,Chandigarh,Gujarat,"Grocery,Automotive",2025-10-03,False,True
U03168,user03168,user3168@smartcart.ai,pbkdf2:sha256:600000$saltXYZ$hashedvalue,Sneha Gupta 3168,62,Other,Jaipur,Maharashtra,"Fashion,Grocery",2023-09-24,False,True
U03169,user03169,user3169@smartcart.ai,pbkdf2:sha256:600000$saltXYZ$hashedvalue,Vijay Kumar 3169,36,Female,Hyderabad,UP,Books,2023-11-04,False,True
U03170,user03170,user3170@smartcart.ai,pbkdf2:sha256:600000$saltXYZ$hashedvalue,Ananya Joshi 3170,64,Female,Hyderabad,UP,Sports,2026-01-31,False,True
U03171,user03171,user3171@smartcart.ai,pbkdf2:sha256:600000$saltXYZ$hashedvalue,Karan Mehta 3171,58,Female,Mumbai,Telangana,"Beauty,Fashion,Sports",2023-06-23,False,True
U03172,user03172,user3172@smartcart.ai,pbkdf2:sha256:600000$saltXYZ$hashedvalue,Ananya Joshi 3172,36,Other,Kolkata,Delhi,Books,2024-01-10,False,True
U03173,user03173,user3173@smartcart.ai,pbkdf2:sha256:600000$saltXYZ$hashedvalue,Deepika Nair 3173,48,Other,Kolkata,West Bengal,"Toys,Automotive",2024-05-01,False,True
U03174,user03174,user3174@smartcart.ai,pbkdf2:sha256:600000$saltXYZ$hashedvalue,Ananya Joshi 3174,30,Male,Chandigarh,Punjab,"Automotive,Toys",2025-11-07,False,True
U03175,user03175,user3175@smartcart.ai,pbkdf2:sha256:600000$saltXYZ$hashedvalue,Priya Singh 3175,33,Female,Chennai,UP,"Automotive,Beauty",2024-02-13,False,True
U03176,user03176,user3176@smartcart.ai,pbkdf2:sha256:600000$saltXYZ$hashedvalue,Sneha Gupta 3176,64,Male,Kolkata,Tamil Nadu,"Electronics,Grocery,Sports,Automotive",2024-07-13,False,True
U03177,user03177,user3177@smartcart.ai,pbkdf2:sha256:600000$saltXYZ$hashedvalue,Sneha Gupta 3177,63,Female,Lucknow,West Bengal,Fashion,2024-06-28,False,True
U03178,user03178,user3178@smartcart.ai,pbkdf2:sha256:600000$saltXYZ$hashedvalue,Vijay Kumar 3178,20,Female,Surat,Punjab,"Fashion,Health",2023-07-24,False,True
U03179,user03179,user3179@smartcart.ai,pbkdf2:sha256:600000$saltXYZ$hashedvalue,Karan Mehta 3179,38,Female,Pune,Maharashtra,"Home & Kitchen,Health,Fashion",2024-05-02,False,True
U03180,user03180,user3180@smartcart.ai,pbkdf2:sha256:600000$saltXYZ$hashedvalue,Vijay Kumar 3180,35,Male,Delhi,Tamil Nadu,Electronics,2024-06-14,False,True
U03181,user03181,user3181@smartcart.ai,pbkdf2:sha256:600000$saltXYZ$hashedvalue,Vijay Kumar 3181,35,Other,Chennai,West Bengal,"Home & Kitchen,Sports,Grocery",2025-08-04,False,True
U03182,user03182,user3182@smartcart.ai,pbkdf2:sha256:600000$saltXYZ$hashedvalue,Deepika Nair 3182,18,Male,Delhi,Gujarat,Books,2024-05-17,False,True
U03183,user03183,user3183@smartcart.ai,pbkdf2:sha256:600000$saltXYZ$hashedvalue,Vijay Kumar 3183,52,Other,Kolkata,West Bengal,"Fashion,Sports,Electronics,Automotive",2024-02-23,False,True
U03184,user03184,user3184@smartcart.ai,pbkdf2:sha256:600000$saltXYZ$hashedvalue,Pooja Pillai 3184,41,Other,Chandigarh,Maharashtra,"Sports,Books,Health",2024-08-02,False,True
U03185,user03185,user3185@smartcart.ai,pbkdf2:sha256:600000$saltXYZ$hashedvalue,Rahul Sharma 3185,59,Other,Chennai,Rajasthan,"Automotive,Toys,Home & Kitchen",2024-06-15,False,True
U03186,user03186,user3186@smartcart.ai,pbkdf2:sha256:600000$saltXYZ$hashedvalue,Ananya Joshi 3186,29,Other,Bangalore,UP,"Toys,Fashion",2024-03-16,False,True
U03187,user03187,user3187@smartcart.ai,pbkdf2:sha256:600000$saltXYZ$hashedvalue,Pooja Pillai 3187,48,Other,Lucknow,Rajasthan,"Books,Electronics,Toys,Health",2023-12-16,False,True
U03188,user03188,user3188@smartcart.ai,pbkdf2:sha256:600000$saltXYZ$hashedvalue,Deepika Nair 3188,20,Male,Bangalore,UP,Toys,2023-08-23,False,True
U03189,user03189,user3189@smartcart.ai,pbkdf2:sha256:600000$saltXYZ$hashedvalue,Rohit Verma 3189,33,Male,Jaipur,Delhi,"Beauty,Fashion,Home & Kitchen",2024-12-20,False,True
U03190,user03190,user3190@smartcart.ai,pbkdf2:sha256:600000$saltXYZ$hashedvalue,Amit Patel 3190,45,Male,Mumbai,Maharashtra,"Automotive,Home & Kitchen",2024-06-13,False,True
U03191,user03191,user3191@smartcart.ai,pbkdf2:sha256:600000$saltXYZ$hashedvalue,Sneha Gupta 3191,18,Other,Ahmedabad,Rajasthan,Sports,2026-04-15,False,True
U03192,user03192,user3192@smartcart.ai,pbkdf2:sha256:600000$saltXYZ$hashedvalue,Sneha Gupta 3192,60,Male,Delhi,West Bengal,"Books,Fashion,Sports,Health",2025-09-16,False,True
U03193,user03193,user3193@smartcart.ai,pbkdf2:sha256:600000$saltXYZ$hashedvalue,Pooja Pillai 3193,26,Other,Kolkata,UP,Health,2026-03-05,False,True
U03194,user03194,user3194@smartcart.ai,pbkdf2:sha256:600000$saltXYZ$hashedvalue,Rahul Sharma 3194,19,Male,Chennai,Gujarat,"Automotive,Beauty",2023-09-14,False,True
U03195,user03195,user3195@smartcart.ai,pbkdf2:sha256:600000$saltXYZ$hashedvalue,Rahul Sharma 3195,28,Other,Jaipur,Maharashtra,Home & Kitchen,2025-09-19,False,True
U03196,user03196,user3196@smartcart.ai,pbkdf2:sha256:600000$saltXYZ$hashedvalue,Karan Mehta 3196,32,Other,Jaipur,West Bengal,"Automotive,Grocery,Books",2023-11-09,False,True
U03197,user03197,user3197@smartcart.ai,pbkdf2:sha256:600000$saltXYZ$hashedvalue,Amit Patel 3197,32,Female,Jaipur,Maharashtra,Toys,2025-09-11,False,True
U03198,user03198,user3198@smartcart.ai,pbkdf2:sha256:600000$saltXYZ$hashedvalue,Priya Singh 3198,44,Male,Lucknow,Delhi,Fashion,2024-06-06,False,True
U03199,user03199,user3199@smartcart.ai,pbkdf2:sha256:600000$saltXYZ$hashedvalue,Deepika Nair 3199,37,Other,Chennai,Maharashtra,"Beauty,Automotive,Fashion",2025-10-30,False,True
U03200,user03200,user3200@smartcart.ai,pbkdf2:sha256:600000$saltXYZ$hashedvalue,Vijay Kumar 3200,44,Male,Kolkata,Rajasthan,Fashion,2025-12-05,False,True
U03201,user03201,user3201@smartcart.ai,pbkdf2:sha256:600000$saltXYZ$hashedvalue,Karan Mehta 3201,64,Female,Delhi,Telangana,Books,2023-11-29,False,True
U03202,user03202,user3202@smartcart.ai,pbkdf2:sha256:600000$saltXYZ$hashedvalue,Karan Mehta 3202,29,Female,Ahmedabad,Maharashtra,"Toys,Health",2023-06-01,False,True
U03203,user03203,user3203@smartcart.ai,pbkdf2:sha256:600000$saltXYZ$hashedvalue,Sneha Gupta 3203,22,Other,Hyderabad,Punjab,"Health,Toys,Automotive",2024-05-15,False,True
U03204,user03204,user3204@smartcart.ai,pbkdf2:sha256:600000$saltXYZ$hashedvalue,Deepika Nair 3204,21,Male,Hyderabad,Karnataka,"Beauty,Automotive",2025-02-21,False,True
U03205,user03205,user3205@smartcart.ai,pbkdf2:sha256:600000$saltXYZ$hashedvalue,Rohit Verma 3205,32,Male,Hyderabad,Tamil Nadu,"Fashion,Grocery",2025-03-13,False,True
U03206,user03206,user3206@smartcart.ai,pbkdf2:sha256:600000$saltXYZ$hashedvalue,Ananya Joshi 3206,40,Other,Ahmedabad,UP,"Fashion,Books",2025-03-29,False,True
U03207,user03207,user3207@smartcart.ai,pbkdf2:sha256:600000$saltXYZ$hashedvalue,Amit Patel 3207,42,Male,Delhi,Punjab,"Beauty,Grocery,Books,Fashion",2025-06-18,False,True
U03208,user03208,user3208@smartcart.ai,pbkdf2:sha256:600000$saltXYZ$hashedvalue,Priya Singh 3208,25,Female,Kolkata,Tamil Nadu,"Sports,Grocery,Health",2023-05-16,False,True
U03209,user03209,user3209@smartcart.ai,pbkdf2:sha256:600000$saltXYZ$hashedvalue,Pooja Pillai 3209,42,Male,Lucknow,Telangana,Home & Kitchen,2026-02-14,False,True
U03210,user03210,user3210@smartcart.ai,pbkdf2:sha256:600000$saltXYZ$hashedvalue,Ananya Joshi 3210,46,Other,Jaipur,Karnataka,"Sports,Health",2023-05-07,False,True
U03211,user03211,user3211@smartcart.ai,pbkdf2:sha256:600000$saltXYZ$hashedvalue,Sneha Gupta 3211,49,Female,Chandigarh,Delhi,"Grocery,Toys,Health",2023-10-07,False,True
U03212,user03212,user3212@smartcart.ai,pbkdf2:sha256:600000$saltXYZ$hashedvalue,Vijay Kumar 3212,36,Male,Ahmedabad,Karnataka,"Automotive,Grocery,Electronics",2024-11-07,False,True
U03213,user03213,user3213@smartcart.ai,pbkdf2:sha256:600000$saltXYZ$hashedvalue,Deepika Nair 3213,25,Other,Bangalore,Telangana,"Sports,Health",2024-05-16,False,True
U03214,user03214,user3214@smartcart.ai,pbkdf2:sha256:600000$saltXYZ$hashedvalue,Priya Singh 3214,55,Female,Chennai,Rajasthan,"Automotive,Electronics,Books,Health",2026-01-27,False,True
U03215,user03215,user3215@smartcart.ai,pbkdf2:sha256:600000$saltXYZ$hashedvalue,Amit Patel 3215,28,Male,Ahmedabad,Rajasthan,"Sports,Health,Home & Kitchen",2025-12-15,False,True
U03216,user03216,user3216@smartcart.ai,pbkdf2:sha256:600000$saltXYZ$hashedvalue,Sneha Gupta 3216,60,Female,Pune,Tamil Nadu,"Beauty,Home & Kitchen,Sports",2024-01-25,False,True
U03217,user03217,user3217@smartcart.ai,pbkdf2:sha256:600000$saltXYZ$hashedvalue,Ananya Joshi 3217,38,Female,Lucknow,Delhi,Books,2023-08-31,False,True
U03218,user03218,user3218@smartcart.ai,pbkdf2:sha256:600000$saltXYZ$hashedvalue,Karan Mehta 3218,29,Other,Lucknow,Telangana,"Toys,Fashion,Beauty,Health",2026-01-19,False,True
U03219,user03219,user3219@smartcart.ai,pbkdf2:sha256:600000$saltXYZ$hashedvalue,Amit Patel 3219,34,Female,Pune,UP,"Automotive,Books",2023-08-20,False,True
U03220,user03220,user3220@smartcart.ai,pbkdf2:sha256:600000$saltXYZ$hashedvalue,Rahul Sharma 3220,42,Female,Surat,Rajasthan,Home & Kitchen,2025-06-20,False,True
U03221,user03221,user3221@smartcart.ai,pbkdf2:sha256:600000$saltXYZ$hashedvalue,Vijay Kumar 3221,65,Other,Hyderabad,Punjab,"Electronics,Toys,Books,Beauty",2024-08-05,False,True
U03222,user03222,user3222@smartcart.ai,pbkdf2:sha256:600000$saltXYZ$hashedvalue,Sneha Gupta 3222,56,Other,Jaipur,Delhi,"Health,Electronics",2026-02-26,False,True
U03223,user03223,user3223@smartcart.ai,pbkdf2:sha256:600000$saltXYZ$hashedvalue,Amit Patel 3223,55,Male,Ahmedabad,Tamil Nadu,Sports,2025-02-24,False,True
U03224,user03224,user3224@smartcart.ai,pbkdf2:sha256:600000$saltXYZ$hashedvalue,Rahul Sharma 3224,33,Female,Mumbai,Telangana,"Health,Home & Kitchen,Beauty,Fashion",2023-07-02,False,True
U03225,user03225,user3225@smartcart.ai,pbkdf2:sha256:600000$saltXYZ$hashedvalue,Karan Mehta 3225,44,Female,Pune,West Bengal,Grocery,2025-02-09,False,True
U03226,user03226,user3226@smartcart.ai,pbkdf2:sha256:600000$saltXYZ$hashedvalue,Vijay Kumar 3226,47,Female,Lucknow,Maharashtra,"Automotive,Books",2026-02-19,False,True
U03227,user03227,user3227@smartcart.ai,pbkdf2:sha256:600000$saltXYZ$hashedvalue,Karan Mehta 3227,64,Female,Lucknow,Rajasthan,"Books,Fashion",2025-10-16,False,True
U03228,user03228,user3228@smartcart.ai,pbkdf2:sha256:600000$saltXYZ$hashedvalue,Priya Singh 3228,27,Other,Bangalore,West Bengal,"Books,Home & Kitchen,Electronics",2025-09-25,False,True
U03229,user03229,user3229@smartcart.ai,pbkdf2:sha256:600000$saltXYZ$hashedvalue,Sneha Gupta 3229,23,Female,Chennai,Punjab,"Beauty,Fashion,Electronics,Toys",2024-09-25,False,True
U03230,user03230,user3230@smartcart.ai,pbkdf2:sha256:600000$saltXYZ$hashedvalue,Amit Patel 3230,23,Male,Delhi,Telangana,Toys,2023-09-29,False,True
U03231,user03231,user3231@smartcart.ai,pbkdf2:sha256:600000$saltXYZ$hashedvalue,Rahul Sharma 3231,50,Other,Lucknow,Rajasthan,"Beauty,Electronics,Grocery",2026-03-02,False,True
U03232,user03232,user3232@smartcart.ai,pbkdf2:sha256:600000$saltXYZ$hashedvalue,Pooja Pillai 3232,49,Male,Chandigarh,Gujarat,Home & Kitchen,2024-12-02,False,True
U03233,user03233,user3233@smartcart.ai,pbkdf2:sha256:600000$saltXYZ$hashedvalue,Rahul Sharma 3233,32,Other,Surat,UP,"Toys,Fashion",2026-02-19,False,True
U03234,user03234,user3234@smartcart.ai,pbkdf2:sha256:600000$saltXYZ$hashedvalue,Sneha Gupta 3234,65,Female,Delhi,UP,"Grocery,Beauty,Automotive,Toys",2025-02-14,False,True
U03235,user03235,user3235@smartcart.ai,pbkdf2:sha256:600000$saltXYZ$hashedvalue,Sneha Gupta 3235,58,Male,Chandigarh,Karnataka,"Grocery,Fashion",2024-07-12,False,True
U03236,user03236,user3236@smartcart.ai,pbkdf2:sha256:600000$saltXYZ$hashedvalue,Amit Patel 3236,42,Other,Lucknow,Gujarat,Beauty,2025-12-05,False,True
U03237,user03237,user3237@smartcart.ai,pbkdf2:sha256:600000$saltXYZ$hashedvalue,Sneha Gupta 3237,35,Female,Kolkata,Tamil Nadu,"Books,Automotive",2024-05-14,False,False
U03238,user03238,user3238@smartcart.ai,pbkdf2:sha256:600000$saltXYZ$hashedvalue,Pooja Pillai 3238,56,Female,Hyderabad,Karnataka,Automotive,2024-03-24,False,True
U03239,user03239,user3239@smartcart.ai,pbkdf2:sha256:600000$saltXYZ$hashedvalue,Priya Singh 3239,42,Other,Ahmedabad,Karnataka,"Health,Books,Automotive",2024-12-27,False,True
U03240,user03240,user3240@smartcart.ai,pbkdf2:sha256:600000$saltXYZ$hashedvalue,Karan Mehta 3240,50,Male,Jaipur,Tamil Nadu,"Beauty,Grocery,Electronics",2025-02-08,False,True
U03241,user03241,user3241@smartcart.ai,pbkdf2:sha256:600000$saltXYZ$hashedvalue,Deepika Nair 3241,32,Other,Pune,Karnataka,Books,2023-06-29,False,True
U03242,user03242,user3242@smartcart.ai,pbkdf2:sha256:600000$saltXYZ$hashedvalue,Priya Singh 3242,48,Male,Pune,Gujarat,"Electronics,Home & Kitchen",2023-07-22,False,True
U03243,user03243,user3243@smartcart.ai,pbkdf2:sha256:600000$saltXYZ$hashedvalue,Rahul Sharma 3243,58,Other,Kolkata,West Bengal,"Books,Grocery",2023-07-04,False,True
U03244,user03244,user3244@smartcart.ai,pbkdf2:sha256:600000$saltXYZ$hashedvalue,Deepika Nair 3244,49,Male,Chennai,Rajasthan,Beauty,2024-02-24,False,True
U03245,user03245,user3245@smartcart.ai,pbkdf2:sha256:600000$saltXYZ$hashedvalue,Vijay Kumar 3245,43,Female,Hyderabad,West Bengal,"Electronics,Fashion,Grocery,Toys",2026-03-13,False,True
U03246,user03246,user3246@smartcart.ai,pbkdf2:sha256:600000$saltXYZ$hashedvalue,Sneha Gupta 3246,21,Other,Surat,Tamil Nadu,"Electronics,Sports,Toys,Health",2025-08-25,False,True
U03247,user03247,user3247@smartcart.ai,pbkdf2:sha256:600000$saltXYZ$hashedvalue,Amit Patel 3247,23,Other,Ahmedabad,Telangana,"Health,Grocery,Beauty",2024-08-24,False,True
U03248,user03248,user3248@smartcart.ai,pbkdf2:sha256:600000$saltXYZ$hashedvalue,Rahul Sharma 3248,38,Male,Bangalore,Tamil Nadu,Books,2024-12-09,False,True
U03249,user03249,user3249@smartcart.ai,pbkdf2:sha256:600000$saltXYZ$hashedvalue,Amit Patel 3249,38,Male,Delhi,Telangana,"Beauty,Electronics,Books",2025-03-18,False,True
U03250,user03250,user3250@smartcart.ai,pbkdf2:sha256:600000$saltXYZ$hashedvalue,Ananya Joshi 3250,60,Other,Bangalore,Telangana,"Automotive,Beauty,Toys",2024-08-10,False,False
U03251,user03251,user3251@smartcart.ai,pbkdf2:sha256:600000$saltXYZ$hashedvalue,Priya Singh 3251,36,Male,Jaipur,Rajasthan,"Fashion,Beauty,Grocery,Electronics",2025-11-10,False,True
U03252,user03252,user3252@smartcart.ai,pbkdf2:sha256:600000$saltXYZ$hashedvalue,Priya Singh 3252,31,Male,Surat,Punjab,"Electronics,Automotive",2025-07-30,False,True
U03253,user03253,user3253@smartcart.ai,pbkdf2:sha256:600000$saltXYZ$hashedvalue,Deepika Nair 3253,26,Male,Chennai,Tamil Nadu,Books,2024-07-02,False,True
U03254,user03254,user3254@smartcart.ai,pbkdf2:sha256:600000$saltXYZ$hashedvalue,Amit Patel 3254,36,Female,Surat,UP,"Grocery,Beauty,Books",2026-02-20,False,True
U03255,user03255,user3255@smartcart.ai,pbkdf2:sha256:600000$saltXYZ$hashedvalue,Rahul Sharma 3255,60,Male,Hyderabad,Delhi,"Toys,Grocery,Electronics",2025-09-24,False,False
U03256,user03256,user3256@smartcart.ai,pbkdf2:sha256:600000$saltXYZ$hashedvalue,Rahul Sharma 3256,65,Male,Kolkata,Maharashtra,"Beauty,Fashion",2024-06-01,False,True
U03257,user03257,user3257@smartcart.ai,pbkdf2:sha256:600000$saltXYZ$hashedvalue,Rohit Verma 3257,48,Female,Mumbai,Telangana,"Health,Fashion",2024-08-03,False,True
U03258,user03258,user3258@smartcart.ai,pbkdf2:sha256:600000$saltXYZ$hashedvalue,Vijay Kumar 3258,45,Female,Bangalore,Gujarat,"Electronics,Health,Home & Kitchen,Fashion",2026-02-07,False,True
U03259,user03259,user3259@smartcart.ai,pbkdf2:sha256:600000$saltXYZ$hashedvalue,Karan Mehta 3259,40,Male,Surat,Tamil Nadu,"Home & Kitchen,Sports,Health,Grocery",2023-12-27,False,True
U03260,user03260,user3260@smartcart.ai,pbkdf2:sha256:600000$saltXYZ$hashedvalue,Vijay Kumar 3260,28,Female,Jaipur,Gujarat,"Grocery,Health,Beauty",2024-04-23,False,True
U03261,user03261,user3261@smartcart.ai,pbkdf2:sha256:600000$saltXYZ$hashedvalue,Rohit Verma 3261,24,Female,Kolkata,Delhi,"Electronics,Sports,Beauty,Home & Kitchen",2025-02-09,False,True
U03262,user03262,user3262@smartcart.ai,pbkdf2:sha256:600000$saltXYZ$hashedvalue,Ananya Joshi 3262,65,Male,Delhi,Rajasthan,"Health,Fashion,Toys,Automotive",2023-08-17,False,True
U03263,user03263,user3263@smartcart.ai,pbkdf2:sha256:600000$saltXYZ$hashedvalue,Amit Patel 3263,59,Male,Hyderabad,Karnataka,"Automotive,Sports,Beauty",2025-06-24,False,True
U03264,user03264,user3264@smartcart.ai,pbkdf2:sha256:600000$saltXYZ$hashedvalue,Vijay Kumar 3264,55,Female,Kolkata,Gujarat,"Toys,Books",2025-06-19,False,True
U03265,user03265,user3265@smartcart.ai,pbkdf2:sha256:600000$saltXYZ$hashedvalue,Karan Mehta 3265,23,Other,Surat,Gujarat,Fashion,2025-01-01,False,True
U03266,user03266,user3266@smartcart.ai,pbkdf2:sha256:600000$saltXYZ$hashedvalue,Vijay Kumar 3266,23,Other,Kolkata,Karnataka,"Books,Fashion,Automotive,Home & Kitchen",2026-03-08,False,True
U03267,user03267,user3267@smartcart.ai,pbkdf2:sha256:600000$saltXYZ$hashedvalue,Vijay Kumar 3267,20,Male,Jaipur,Rajasthan,"Home & Kitchen,Grocery,Beauty",2024-08-15,False,True
U03268,user03268,user3268@smartcart.ai,pbkdf2:sha256:600000$saltXYZ$hashedvalue,Rahul Sharma 3268,58,Female,Chandigarh,Rajasthan,"Grocery,Toys",2025-02-14,False,False
U03269,user03269,user3269@smartcart.ai,pbkdf2:sha256:600000$saltXYZ$hashedvalue,Ananya Joshi 3269,59,Other,Delhi,Maharashtra,"Health,Automotive,Electronics,Home & Kitchen",2025-04-01,False,True
U03270,user03270,user3270@smartcart.ai,pbkdf2:sha256:600000$saltXYZ$hashedvalue,Ananya Joshi 3270,37,Other,Hyderabad,Rajasthan,"Electronics,Fashion,Grocery",2025-11-23,False,True
U03271,user03271,user3271@smartcart.ai,pbkdf2:sha256:600000$saltXYZ$hashedvalue,Deepika Nair 3271,57,Male,Jaipur,West Bengal,"Health,Grocery,Fashion",2025-05-24,False,True
U03272,user03272,user3272@smartcart.ai,pbkdf2:sha256:600000$saltXYZ$hashedvalue,Deepika Nair 3272,45,Male,Kolkata,Gujarat,Books,2023-10-23,False,True
U03273,user03273,user3273@smartcart.ai,pbkdf2:sha256:600000$saltXYZ$hashedvalue,Karan Mehta 3273,31,Female,Ahmedabad,Tamil Nadu,"Grocery,Sports,Home & Kitchen,Automotive",2024-04-29,False,False
U03274,user03274,user3274@smartcart.ai,pbkdf2:sha256:600000$saltXYZ$hashedvalue,Karan Mehta 3274,52,Other,Mumbai,UP,"Toys,Automotive,Fashion,Health",2026-03-04,False,True
U03275,user03275,user3275@smartcart.ai,pbkdf2:sha256:600000$saltXYZ$hashedvalue,Vijay Kumar 3275,38,Male,Pune,Rajasthan,"Grocery,Sports",2026-04-04,False,False
U03276,user03276,user3276@smartcart.ai,pbkdf2:sha256:600000$saltXYZ$hashedvalue,Deepika Nair 3276,43,Other,Lucknow,Rajasthan,"Sports,Fashion",2025-03-02,False,True
U03277,user03277,user3277@smartcart.ai,pbkdf2:sha256:600000$saltXYZ$hashedvalue,Sneha Gupta 3277,34,Other,Lucknow,Punjab,Home & Kitchen,2026-01-20,False,True
U03278,user03278,user3278@smartcart.ai,pbkdf2:sha256:600000$saltXYZ$hashedvalue,Deepika Nair 3278,44,Other,Lucknow,Telangana,Automotive,2025-04-28,False,True
U03279,user03279,user3279@smartcart.ai,pbkdf2:sha256:600000$saltXYZ$hashedvalue,Vijay Kumar 3279,25,Female,Delhi,Rajasthan,"Automotive,Fashion,Health,Home & Kitchen",2025-04-17,False,True
U03280,user03280,user3280@smartcart.ai,pbkdf2:sha256:600000$saltXYZ$hashedvalue,Sneha Gupta 3280,52,Other,Hyderabad,Telangana,"Automotive,Health,Toys",2024-01-25,False,True
U03281,user03281,user3281@smartcart.ai,pbkdf2:sha256:600000$saltXYZ$hashedvalue,Rahul Sharma 3281,32,Female,Lucknow,Karnataka,"Fashion,Automotive",2025-08-10,False,False
U03282,user03282,user3282@smartcart.ai,pbkdf2:sha256:600000$saltXYZ$hashedvalue,Amit Patel 3282,29,Male,Lucknow,Gujarat,Sports,2025-06-26,False,True
U03283,user03283,user3283@smartcart.ai,pbkdf2:sha256:600000$saltXYZ$hashedvalue,Deepika Nair 3283,46,Female,Jaipur,West Bengal,Toys,2025-02-18,False,True
U03284,user03284,user3284@smartcart.ai,pbkdf2:sha256:600000$saltXYZ$hashedvalue,Rahul Sharma 3284,27,Other,Ahmedabad,Tamil Nadu,"Beauty,Automotive,Health",2024-10-20,False,True
U03285,user03285,user3285@smartcart.ai,pbkdf2:sha256:600000$saltXYZ$hashedvalue,Amit Patel 3285,60,Male,Mumbai,Delhi,"Fashion,Toys,Grocery,Beauty",2024-02-17,False,True
U03286,user03286,user3286@smartcart.ai,pbkdf2:sha256:600000$saltXYZ$hashedvalue,Vijay Kumar 3286,33,Female,Chennai,Punjab,Automotive,2024-09-11,False,True
U03287,user03287,user3287@smartcart.ai,pbkdf2:sha256:600000$saltXYZ$hashedvalue,Ananya Joshi 3287,45,Other,Surat,Punjab,"Grocery,Beauty,Sports",2024-11-30,False,True
U03288,user03288,user3288@smartcart.ai,pbkdf2:sha256:600000$saltXYZ$hashedvalue,Priya Singh 3288,50,Other,Kolkata,Maharashtra,"Books,Home & Kitchen,Sports",2024-06-15,False,True
U03289,user03289,user3289@smartcart.ai,pbkdf2:sha256:600000$saltXYZ$hashedvalue,Rohit Verma 3289,28,Other,Kolkata,West Bengal,"Automotive,Electronics,Beauty",2024-09-25,False,True
U03290,user03290,user3290@smartcart.ai,pbkdf2:sha256:600000$saltXYZ$hashedvalue,Ananya Joshi 3290,64,Other,Delhi,Rajasthan,Fashion,2025-09-03,False,True
U03291,user03291,user3291@smartcart.ai,pbkdf2:sha256:600000$saltXYZ$hashedvalue,Sneha Gupta 3291,28,Female,Lucknow,Punjab,"Automotive,Home & Kitchen",2024-04-21,False,True
U03292,user03292,user3292@smartcart.ai,pbkdf2:sha256:600000$saltXYZ$hashedvalue,Ananya Joshi 3292,23,Female,Bangalore,West Bengal,"Books,Beauty",2023-07-12,False,True
U03293,user03293,user3293@smartcart.ai,pbkdf2:sha256:600000$saltXYZ$hashedvalue,Vijay Kumar 3293,29,Female,Jaipur,Gujarat,Beauty,2025-10-02,False,True
U03294,user03294,user3294@smartcart.ai,pbkdf2:sha256:600000$saltXYZ$hashedvalue,Karan Mehta 3294,64,Male,Ahmedabad,Delhi,"Automotive,Books,Grocery",2026-01-29,False,True
U03295,user03295,user3295@smartcart.ai,pbkdf2:sha256:600000$saltXYZ$hashedvalue,Sneha Gupta 3295,52,Male,Pune,UP,"Toys,Home & Kitchen",2023-12-14,False,True
U03296,user03296,user3296@smartcart.ai,pbkdf2:sha256:600000$saltXYZ$hashedvalue,Ananya Joshi 3296,54,Male,Chennai,Punjab,Books,2023-11-11,False,True
U03297,user03297,user3297@smartcart.ai,pbkdf2:sha256:600000$saltXYZ$hashedvalue,Rahul Sharma 3297,36,Other,Jaipur,Telangana,"Automotive,Grocery,Beauty",2024-06-27,False,True
U03298,user03298,user3298@smartcart.ai,pbkdf2:sha256:600000$saltXYZ$hashedvalue,Amit Patel 3298,63,Female,Kolkata,Delhi,Grocery,2023-10-25,False,True
U03299,user03299,user3299@smartcart.ai,pbkdf2:sha256:600000$saltXYZ$hashedvalue,Karan Mehta 3299,60,Other,Surat,West Bengal,"Fashion,Sports,Grocery",2024-09-12,False,True
U03300,user03300,user3300@smartcart.ai,pbkdf2:sha256:600000$saltXYZ$hashedvalue,Karan Mehta 3300,55,Male,Jaipur,Karnataka,"Electronics,Fashion",2025-04-02,False,True
U03301,user03301,user3301@smartcart.ai,pbkdf2:sha256:600000$saltXYZ$hashedvalue,Amit Patel 3301,58,Other,Ahmedabad,Gujarat,"Toys,Fashion,Electronics",2025-05-02,False,True
U03302,user03302,user3302@smartcart.ai,pbkdf2:sha256:600000$saltXYZ$hashedvalue,Deepika Nair 3302,27,Male,Hyderabad,West Bengal,"Home & Kitchen,Automotive",2023-07-07,False,True
U03303,user03303,user3303@smartcart.ai,pbkdf2:sha256:600000$saltXYZ$hashedvalue,Rahul Sharma 3303,63,Other,Chennai,Delhi,"Grocery,Fashion,Sports,Electronics",2024-12-12,False,True
U03304,user03304,user3304@smartcart.ai,pbkdf2:sha256:600000$saltXYZ$hashedvalue,Karan Mehta 3304,21,Other,Jaipur,UP,"Beauty,Books,Toys,Fashion",2025-08-12,False,False
U03305,user03305,user3305@smartcart.ai,pbkdf2:sha256:600000$saltXYZ$hashedvalue,Rohit Verma 3305,47,Male,Pune,UP,Grocery,2026-01-15,False,True
U03306,user03306,user3306@smartcart.ai,pbkdf2:sha256:600000$saltXYZ$hashedvalue,Pooja Pillai 3306,24,Female,Chennai,Telangana,"Toys,Home & Kitchen,Books,Sports",2024-07-17,False,True
U03307,user03307,user3307@smartcart.ai,pbkdf2:sha256:600000$saltXYZ$hashedvalue,Vijay Kumar 3307,56,Other,Chennai,West Bengal,"Electronics,Beauty,Fashion",2024-02-29,False,True
U03308,user03308,user3308@smartcart.ai,pbkdf2:sha256:600000$saltXYZ$hashedvalue,Vijay Kumar 3308,31,Female,Lucknow,Gujarat,"Toys,Home & Kitchen,Grocery,Electronics",2024-07-24,False,True
U03309,user03309,user3309@smartcart.ai,pbkdf2:sha256:600000$saltXYZ$hashedvalue,Karan Mehta 3309,27,Other,Chandigarh,UP,"Fashion,Toys,Automotive,Home & Kitchen",2025-03-13,False,True
U03310,user03310,user3310@smartcart.ai,pbkdf2:sha256:600000$saltXYZ$hashedvalue,Rahul Sharma 3310,19,Female,Hyderabad,Karnataka,"Books,Health",2024-03-14,False,True
U03311,user03311,user3311@smartcart.ai,pbkdf2:sha256:600000$saltXYZ$hashedvalue,Ananya Joshi 3311,33,Female,Surat,Gujarat,Beauty,2025-01-09,False,True
U03312,user03312,user3312@smartcart.ai,pbkdf2:sha256:600000$saltXYZ$hashedvalue,Amit Patel 3312,58,Other,Mumbai,Gujarat,"Books,Electronics,Beauty,Fashion",2025-05-24,False,True
U03313,user03313,user3313@smartcart.ai,pbkdf2:sha256:600000$saltXYZ$hashedvalue,Rohit Verma 3313,60,Other,Lucknow,Telangana,"Grocery,Health",2024-05-30,False,True
U03314,user03314,user3314@smartcart.ai,pbkdf2:sha256:600000$saltXYZ$hashedvalue,Ananya Joshi 3314,35,Female,Kolkata,Telangana,Sports,2024-07-26,False,True
U03315,user03315,user3315@smartcart.ai,pbkdf2:sha256:600000$saltXYZ$hashedvalue,Sneha Gupta 3315,62,Female,Surat,Karnataka,"Beauty,Grocery,Sports",2024-10-31,False,True
U03316,user03316,user3316@smartcart.ai,pbkdf2:sha256:600000$saltXYZ$hashedvalue,Rahul Sharma 3316,26,Other,Chandigarh,UP,Sports,2024-11-04,False,True
U03317,user03317,user3317@smartcart.ai,pbkdf2:sha256:600000$saltXYZ$hashedvalue,Rohit Verma 3317,24,Female,Delhi,Punjab,Books,2023-11-11,False,True
U03318,user03318,user3318@smartcart.ai,pbkdf2:sha256:600000$saltXYZ$hashedvalue,Ananya Joshi 3318,34,Other,Bangalore,Delhi,"Sports,Grocery,Electronics,Automotive",2024-09-25,False,True
U03319,user03319,user3319@smartcart.ai,pbkdf2:sha256:600000$saltXYZ$hashedvalue,Karan Mehta 3319,60,Male,Hyderabad,Tamil Nadu,"Health,Grocery",2023-06-26,False,True
U03320,user03320,user3320@smartcart.ai,pbkdf2:sha256:600000$saltXYZ$hashedvalue,Deepika Nair 3320,64,Other,Chennai,Punjab,Home & Kitchen,2023-09-16,False,True
U03321,user03321,user3321@smartcart.ai,pbkdf2:sha256:600000$saltXYZ$hashedvalue,Pooja Pillai 3321,55,Other,Chennai,Tamil Nadu,"Fashion,Beauty,Toys,Books",2025-01-25,False,True
U03322,user03322,user3322@smartcart.ai,pbkdf2:sha256:600000$saltXYZ$hashedvalue,Pooja Pillai 3322,47,Other,Ahmedabad,West Bengal,"Fashion,Beauty,Electronics,Grocery",2025-09-23,False,True
U03323,user03323,user3323@smartcart.ai,pbkdf2:sha256:600000$saltXYZ$hashedvalue,Ananya Joshi 3323,43,Male,Bangalore,West Bengal,"Health,Beauty",2024-06-23,False,True
U03324,user03324,user3324@smartcart.ai,pbkdf2:sha256:600000$saltXYZ$hashedvalue,Amit Patel 3324,24,Other,Kolkata,Punjab,Toys,2023-09-18,False,True
U03325,user03325,user3325@smartcart.ai,pbkdf2:sha256:600000$saltXYZ$hashedvalue,Priya Singh 3325,56,Female,Pune,Telangana,"Toys,Grocery,Automotive",2023-07-19,False,False
U03326,user03326,user3326@smartcart.ai,pbkdf2:sha256:600000$saltXYZ$hashedvalue,Sneha Gupta 3326,53,Male,Mumbai,Karnataka,Grocery,2025-10-12,False,True
U03327,user03327,user3327@smartcart.ai,pbkdf2:sha256:600000$saltXYZ$hashedvalue,Amit Patel 3327,40,Male,Hyderabad,Rajasthan,"Grocery,Health,Books",2023-11-30,False,False
U03328,user03328,user3328@smartcart.ai,pbkdf2:sha256:600000$saltXYZ$hashedvalue,Amit Patel 3328,39,Female,Mumbai,Maharashtra,"Home & Kitchen,Electronics,Fashion,Automotive",2024-10-26,False,True
U03329,user03329,user3329@smartcart.ai,pbkdf2:sha256:600000$saltXYZ$hashedvalue,Karan Mehta 3329,42,Male,Ahmedabad,Punjab,Toys,2024-03-18,False,False
U03330,user03330,user3330@smartcart.ai,pbkdf2:sha256:600000$saltXYZ$hashedvalue,Vijay Kumar 3330,24,Female,Delhi,UP,"Fashion,Electronics,Books",2025-03-20,False,True
U03331,user03331,user3331@smartcart.ai,pbkdf2:sha256:600000$saltXYZ$hashedvalue,Rohit Verma 3331,52,Male,Delhi,Telangana,Electronics,2024-09-20,False,True
U03332,user03332,user3332@smartcart.ai,pbkdf2:sha256:600000$saltXYZ$hashedvalue,Karan Mehta 3332,60,Female,Jaipur,Karnataka,"Electronics,Home & Kitchen",2023-10-19,False,True
U03333,user03333,user3333@smartcart.ai,pbkdf2:sha256:600000$saltXYZ$hashedvalue,Sneha Gupta 3333,46,Female,Jaipur,Maharashtra,Fashion,2023-09-15,False,True
U03334,user03334,user3334@smartcart.ai,pbkdf2:sha256:600000$saltXYZ$hashedvalue,Pooja Pillai 3334,43,Female,Jaipur,West Bengal,"Home & Kitchen,Fashion,Health,Electronics",2024-03-27,False,True
U03335,user03335,user3335@smartcart.ai,pbkdf2:sha256:600000$saltXYZ$hashedvalue,Deepika Nair 3335,30,Female,Surat,Maharashtra,Beauty,2023-12-14,False,True
U03336,user03336,user3336@smartcart.ai,pbkdf2:sha256:600000$saltXYZ$hashedvalue,Rohit Verma 3336,20,Other,Lucknow,Punjab,"Grocery,Electronics",2024-11-21,False,True
U03337,user03337,user3337@smartcart.ai,pbkdf2:sha256:600000$saltXYZ$hashedvalue,Sneha Gupta 3337,50,Female,Chennai,UP,"Grocery,Sports,Fashion",2023-10-17,False,True
U03338,user03338,user3338@smartcart.ai,pbkdf2:sha256:600000$saltXYZ$hashedvalue,Karan Mehta 3338,49,Female,Pune,Tamil Nadu,"Sports,Grocery",2025-01-31,False,True
U03339,user03339,user3339@smartcart.ai,pbkdf2:sha256:600000$saltXYZ$hashedvalue,Rahul Sharma 3339,38,Other,Kolkata,Telangana,Electronics,2025-04-12,False,True
U03340,user03340,user3340@smartcart.ai,pbkdf2:sha256:600000$saltXYZ$hashedvalue,Amit Patel 3340,46,Female,Chandigarh,Punjab,Fashion,2025-05-16,False,True
U03341,user03341,user3341@smartcart.ai,pbkdf2:sha256:600000$saltXYZ$hashedvalue,Deepika Nair 3341,42,Male,Kolkata,Rajasthan,"Toys,Books,Sports",2024-04-19,False,True
U03342,user03342,user3342@smartcart.ai,pbkdf2:sha256:600000$saltXYZ$hashedvalue,Rohit Verma 3342,34,Male,Chandigarh,Rajasthan,"Health,Toys,Beauty,Fashion",2024-02-18,False,True
U03343,user03343,user3343@smartcart.ai,pbkdf2:sha256:600000$saltXYZ$hashedvalue,Deepika Nair 3343,52,Other,Delhi,Tamil Nadu,"Automotive,Grocery",2023-07-10,False,True
U03344,user03344,user3344@smartcart.ai,pbkdf2:sha256:600000$saltXYZ$hashedvalue,Deepika Nair 3344,44,Other,Bangalore,Delhi,"Toys,Health,Electronics",2024-10-02,False,True
U03345,user03345,user3345@smartcart.ai,pbkdf2:sha256:600000$saltXYZ$hashedvalue,Rahul Sharma 3345,57,Other,Kolkata,Telangana,"Toys,Books,Health,Beauty",2023-05-25,False,True
U03346,user03346,user3346@smartcart.ai,pbkdf2:sha256:600000$saltXYZ$hashedvalue,Priya Singh 3346,53,Female,Chandigarh,Tamil Nadu,Automotive,2023-08-21,False,True
U03347,user03347,user3347@smartcart.ai,pbkdf2:sha256:600000$saltXYZ$hashedvalue,Rahul Sharma 3347,25,Male,Jaipur,UP,Books,2023-07-30,False,True
U03348,user03348,user3348@smartcart.ai,pbkdf2:sha256:600000$saltXYZ$hashedvalue,Vijay Kumar 3348,35,Male,Ahmedabad,UP,"Home & Kitchen,Toys,Automotive,Books",2025-05-06,False,True
U03349,user03349,user3349@smartcart.ai,pbkdf2:sha256:600000$saltXYZ$hashedvalue,Karan Mehta 3349,38,Male,Lucknow,Telangana,"Automotive,Toys,Health",2024-02-27,False,True
U03350,user03350,user3350@smartcart.ai,pbkdf2:sha256:600000$saltXYZ$hashedvalue,Priya Singh 3350,29,Male,Chennai,Telangana,Sports,2024-04-25,False,True
U03351,user03351,user3351@smartcart.ai,pbkdf2:sha256:600000$saltXYZ$hashedvalue,Ananya Joshi 3351,34,Female,Ahmedabad,Delhi,"Electronics,Automotive,Books",2023-11-13,False,True
U03352,user03352,user3352@smartcart.ai,pbkdf2:sha256:600000$saltXYZ$hashedvalue,Vijay Kumar 3352,59,Male,Ahmedabad,Karnataka,"Automotive,Health",2025-08-14,False,True
U03353,user03353,user3353@smartcart.ai,pbkdf2:sha256:600000$saltXYZ$hashedvalue,Vijay Kumar 3353,55,Male,Pune,Maharashtra,"Sports,Fashion",2024-11-11,False,True
U03354,user03354,user3354@smartcart.ai,pbkdf2:sha256:600000$saltXYZ$hashedvalue,Sneha Gupta 3354,63,Female,Delhi,Punjab,Automotive,2025-07-04,False,True
U03355,user03355,user3355@smartcart.ai,pbkdf2:sha256:600000$saltXYZ$hashedvalue,Rohit Verma 3355,28,Other,Mumbai,Rajasthan,"Health,Home & Kitchen,Electronics",2023-11-23,False,True
U03356,user03356,user3356@smartcart.ai,pbkdf2:sha256:600000$saltXYZ$hashedvalue,Pooja Pillai 3356,26,Male,Hyderabad,West Bengal,Electronics,2026-01-09,False,True
U03357,user03357,user3357@smartcart.ai,pbkdf2:sha256:600000$saltXYZ$hashedvalue,Sneha Gupta 3357,60,Male,Bangalore,West Bengal,"Beauty,Books,Fashion,Sports",2024-03-14,False,True
U03358,user03358,user3358@smartcart.ai,pbkdf2:sha256:600000$saltXYZ$hashedvalue,Ananya Joshi 3358,47,Male,Lucknow,Rajasthan,"Automotive,Fashion,Books",2024-07-15,False,True
U03359,user03359,user3359@smartcart.ai,pbkdf2:sha256:600000$saltXYZ$hashedvalue,Amit Patel 3359,53,Male,Chandigarh,West Bengal,Fashion,2024-11-06,False,True
U03360,user03360,user3360@smartcart.ai,pbkdf2:sha256:600000$saltXYZ$hashedvalue,Ananya Joshi 3360,25,Female,Chennai,Karnataka,"Sports,Home & Kitchen,Health",2023-11-08,False,True
U03361,user03361,user3361@smartcart.ai,pbkdf2:sha256:600000$saltXYZ$hashedvalue,Amit Patel 3361,41,Female,Surat,Karnataka,"Health,Automotive,Grocery,Electronics",2025-10-23,False,False
U03362,user03362,user3362@smartcart.ai,pbkdf2:sha256:600000$saltXYZ$hashedvalue,Vijay Kumar 3362,19,Female,Jaipur,Karnataka,Health,2024-12-05,False,True
U03363,user03363,user3363@smartcart.ai,pbkdf2:sha256:600000$saltXYZ$hashedvalue,Rahul Sharma 3363,36,Male,Pune,Karnataka,Books,2024-04-15,False,True
U03364,user03364,user3364@smartcart.ai,pbkdf2:sha256:600000$saltXYZ$hashedvalue,Ananya Joshi 3364,30,Female,Ahmedabad,Rajasthan,"Books,Grocery",2023-06-03,False,True
U03365,user03365,user3365@smartcart.ai,pbkdf2:sha256:600000$saltXYZ$hashedvalue,Sneha Gupta 3365,39,Female,Chandigarh,UP,Sports,2026-01-11,False,True
U03366,user03366,user3366@smartcart.ai,pbkdf2:sha256:600000$saltXYZ$hashedvalue,Priya Singh 3366,47,Other,Bangalore,Rajasthan,Home & Kitchen,2023-12-10,False,True
U03367,user03367,user3367@smartcart.ai,pbkdf2:sha256:600000$saltXYZ$hashedvalue,Ananya Joshi 3367,61,Male,Chennai,Rajasthan,Sports,2023-08-10,False,True
U03368,user03368,user3368@smartcart.ai,pbkdf2:sha256:600000$saltXYZ$hashedvalue,Vijay Kumar 3368,20,Other,Chennai,Maharashtra,Fashion,2025-11-11,False,True
U03369,user03369,user3369@smartcart.ai,pbkdf2:sha256:600000$saltXYZ$hashedvalue,Amit Patel 3369,36,Other,Delhi,Delhi,"Health,Sports,Home & Kitchen",2025-08-25,False,True
U03370,user03370,user3370@smartcart.ai,pbkdf2:sha256:600000$saltXYZ$hashedvalue,Ananya Joshi 3370,39,Other,Lucknow,Telangana,"Electronics,Beauty",2025-11-26,False,True
U03371,user03371,user3371@smartcart.ai,pbkdf2:sha256:600000$saltXYZ$hashedvalue,Priya Singh 3371,45,Other,Hyderabad,Delhi,"Home & Kitchen,Electronics,Toys,Fashion",2024-05-03,False,True
U03372,user03372,user3372@smartcart.ai,pbkdf2:sha256:600000$saltXYZ$hashedvalue,Priya Singh 3372,62,Other,Kolkata,Delhi,Automotive,2025-11-01,False,True
U03373,user03373,user3373@smartcart.ai,pbkdf2:sha256:600000$saltXYZ$hashedvalue,Vijay Kumar 3373,27,Male,Mumbai,Punjab,Beauty,2023-11-18,False,True
U03374,user03374,user3374@smartcart.ai,pbkdf2:sha256:600000$saltXYZ$hashedvalue,Vijay Kumar 3374,20,Male,Delhi,Punjab,"Toys,Grocery,Health",2023-05-20,False,True
U03375,user03375,user3375@smartcart.ai,pbkdf2:sha256:600000$saltXYZ$hashedvalue,Priya Singh 3375,63,Female,Mumbai,Telangana,Automotive,2026-04-13,False,True
U03376,user03376,user3376@smartcart.ai,pbkdf2:sha256:600000$saltXYZ$hashedvalue,Sneha Gupta 3376,46,Female,Chandigarh,Telangana,"Home & Kitchen,Books,Health",2025-11-28,False,True
U03377,user03377,user3377@smartcart.ai,pbkdf2:sha256:600000$saltXYZ$hashedvalue,Priya Singh 3377,59,Female,Chandigarh,Tamil Nadu,"Sports,Books",2026-03-22,False,True
U03378,user03378,user3378@smartcart.ai,pbkdf2:sha256:600000$saltXYZ$hashedvalue,Sneha Gupta 3378,38,Male,Jaipur,Telangana,Sports,2025-12-11,False,True
U03379,user03379,user3379@smartcart.ai,pbkdf2:sha256:600000$saltXYZ$hashedvalue,Sneha Gupta 3379,19,Other,Ahmedabad,West Bengal,"Electronics,Health",2025-01-23,False,True
U03380,user03380,user3380@smartcart.ai,pbkdf2:sha256:600000$saltXYZ$hashedvalue,Ananya Joshi 3380,48,Other,Delhi,Maharashtra,"Automotive,Toys",2025-11-30,False,True
U03381,user03381,user3381@smartcart.ai,pbkdf2:sha256:600000$saltXYZ$hashedvalue,Amit Patel 3381,35,Male,Kolkata,UP,Sports,2025-08-22,False,True
U03382,user03382,user3382@smartcart.ai,pbkdf2:sha256:600000$saltXYZ$hashedvalue,Rahul Sharma 3382,64,Female,Kolkata,Delhi,Grocery,2025-07-14,False,True
U03383,user03383,user3383@smartcart.ai,pbkdf2:sha256:600000$saltXYZ$hashedvalue,Pooja Pillai 3383,23,Female,Kolkata,West Bengal,Fashion,2024-03-20,False,True
U03384,user03384,user3384@smartcart.ai,pbkdf2:sha256:600000$saltXYZ$hashedvalue,Deepika Nair 3384,34,Other,Lucknow,Telangana,Grocery,2023-12-09,False,True
U03385,user03385,user3385@smartcart.ai,pbkdf2:sha256:600000$saltXYZ$hashedvalue,Priya Singh 3385,44,Female,Hyderabad,Maharashtra,"Grocery,Toys,Fashion,Home & Kitchen",2024-07-23,False,True
U03386,user03386,user3386@smartcart.ai,pbkdf2:sha256:600000$saltXYZ$hashedvalue,Sneha Gupta 3386,32,Male,Chennai,Punjab,"Books,Home & Kitchen",2025-10-20,False,True
U03387,user03387,user3387@smartcart.ai,pbkdf2:sha256:600000$saltXYZ$hashedvalue,Priya Singh 3387,48,Female,Bangalore,Telangana,Grocery,2026-01-17,False,True
U03388,user03388,user3388@smartcart.ai,pbkdf2:sha256:600000$saltXYZ$hashedvalue,Rohit Verma 3388,27,Female,Kolkata,Maharashtra,"Sports,Electronics,Automotive",2023-12-02,False,True
U03389,user03389,user3389@smartcart.ai,pbkdf2:sha256:600000$saltXYZ$hashedvalue,Deepika Nair 3389,55,Male,Bangalore,Karnataka,"Electronics,Sports,Automotive",2024-01-20,False,False
U03390,user03390,user3390@smartcart.ai,pbkdf2:sha256:600000$saltXYZ$hashedvalue,Vijay Kumar 3390,37,Male,Surat,UP,"Beauty,Automotive",2025-12-21,False,True
U03391,user03391,user3391@smartcart.ai,pbkdf2:sha256:600000$saltXYZ$hashedvalue,Ananya Joshi 3391,49,Female,Jaipur,Karnataka,"Automotive,Grocery,Home & Kitchen,Electronics",2025-05-23,False,True
U03392,user03392,user3392@smartcart.ai,pbkdf2:sha256:600000$saltXYZ$hashedvalue,Rohit Verma 3392,59,Male,Bangalore,Delhi,"Health,Beauty",2026-01-11,False,True
U03393,user03393,user3393@smartcart.ai,pbkdf2:sha256:600000$saltXYZ$hashedvalue,Rohit Verma 3393,46,Other,Kolkata,Rajasthan,"Electronics,Books",2024-08-26,False,True
U03394,user03394,user3394@smartcart.ai,pbkdf2:sha256:600000$saltXYZ$hashedvalue,Deepika Nair 3394,64,Female,Pune,Delhi,"Home & Kitchen,Books,Electronics,Toys",2024-12-26,False,False
U03395,user03395,user3395@smartcart.ai,pbkdf2:sha256:600000$saltXYZ$hashedvalue,Rohit Verma 3395,63,Male,Chennai,Gujarat,"Fashion,Automotive,Grocery,Sports",2025-08-23,False,True
U03396,user03396,user3396@smartcart.ai,pbkdf2:sha256:600000$saltXYZ$hashedvalue,Pooja Pillai 3396,36,Female,Kolkata,Telangana,"Toys,Grocery,Fashion,Health",2025-03-06,False,True
U03397,user03397,user3397@smartcart.ai,pbkdf2:sha256:600000$saltXYZ$hashedvalue,Rahul Sharma 3397,22,Male,Hyderabad,West Bengal,Sports,2025-08-13,False,True
U03398,user03398,user3398@smartcart.ai,pbkdf2:sha256:600000$saltXYZ$hashedvalue,Karan Mehta 3398,59,Male,Chennai,Gujarat,"Grocery,Beauty",2024-01-04,False,True
U03399,user03399,user3399@smartcart.ai,pbkdf2:sha256:600000$saltXYZ$hashedvalue,Rohit Verma 3399,32,Other,Delhi,Gujarat,"Home & Kitchen,Grocery",2023-07-28,False,True
U03400,user03400,user3400@smartcart.ai,pbkdf2:sha256:600000$saltXYZ$hashedvalue,Amit Patel 3400,51,Male,Pune,Telangana,"Health,Fashion,Grocery,Electronics",2026-01-24,False,True
U03401,user03401,user3401@smartcart.ai,pbkdf2:sha256:600000$saltXYZ$hashedvalue,Karan Mehta 3401,34,Female,Delhi,Tamil Nadu,Sports,2023-08-07,False,True
U03402,user03402,user3402@smartcart.ai,pbkdf2:sha256:600000$saltXYZ$hashedvalue,Deepika Nair 3402,18,Female,Kolkata,UP,"Beauty,Automotive",2024-12-15,False,True
U03403,user03403,user3403@smartcart.ai,pbkdf2:sha256:600000$saltXYZ$hashedvalue,Pooja Pillai 3403,60,Male,Mumbai,Tamil Nadu,"Beauty,Books,Health,Home & Kitchen",2025-07-22,False,True
U03404,user03404,user3404@smartcart.ai,pbkdf2:sha256:600000$saltXYZ$hashedvalue,Deepika Nair 3404,40,Male,Surat,Tamil Nadu,"Health,Home & Kitchen,Toys,Beauty",2024-10-13,False,False
U03405,user03405,user3405@smartcart.ai,pbkdf2:sha256:600000$saltXYZ$hashedvalue,Rohit Verma 3405,24,Male,Pune,Delhi,"Books,Health,Automotive",2025-11-30,False,True
U03406,user03406,user3406@smartcart.ai,pbkdf2:sha256:600000$saltXYZ$hashedvalue,Rahul Sharma 3406,55,Male,Pune,Gujarat,Electronics,2025-02-24,False,True
U03407,user03407,user3407@smartcart.ai,pbkdf2:sha256:600000$saltXYZ$hashedvalue,Rahul Sharma 3407,18,Male,Delhi,West Bengal,Grocery,2024-03-03,False,True
U03408,user03408,user3408@smartcart.ai,pbkdf2:sha256:600000$saltXYZ$hashedvalue,Amit Patel 3408,39,Male,Chandigarh,West Bengal,Beauty,2025-10-01,False,True
U03409,user03409,user3409@smartcart.ai,pbkdf2:sha256:600000$saltXYZ$hashedvalue,Rohit Verma 3409,53,Male,Surat,Maharashtra,"Grocery,Toys,Electronics,Fashion",2023-06-15,False,True
U03410,user03410,user3410@smartcart.ai,pbkdf2:sha256:600000$saltXYZ$hashedvalue,Ananya Joshi 3410,41,Other,Pune,West Bengal,Health,2025-10-15,False,True
U03411,user03411,user3411@smartcart.ai,pbkdf2:sha256:600000$saltXYZ$hashedvalue,Rohit Verma 3411,42,Male,Bangalore,Tamil Nadu,"Health,Sports",2023-12-02,False,True
U03412,user03412,user3412@smartcart.ai,pbkdf2:sha256:600000$saltXYZ$hashedvalue,Karan Mehta 3412,43,Other,Jaipur,Gujarat,"Health,Toys,Fashion",2024-04-27,False,True
U03413,user03413,user3413@smartcart.ai,pbkdf2:sha256:600000$saltXYZ$hashedvalue,Rahul Sharma 3413,40,Female,Bangalore,Tamil Nadu,"Sports,Automotive,Beauty,Fashion",2025-12-11,False,True
U03414,user03414,user3414@smartcart.ai,pbkdf2:sha256:600000$saltXYZ$hashedvalue,Rahul Sharma 3414,60,Other,Mumbai,Tamil Nadu,"Sports,Automotive",2025-01-10,False,True
U03415,user03415,user3415@smartcart.ai,pbkdf2:sha256:600000$saltXYZ$hashedvalue,Sneha Gupta 3415,51,Other,Chandigarh,Punjab,"Fashion,Grocery",2023-09-03,False,True
U03416,user03416,user3416@smartcart.ai,pbkdf2:sha256:600000$saltXYZ$hashedvalue,Priya Singh 3416,33,Female,Surat,Telangana,Electronics,2024-01-24,False,True
U03417,user03417,user3417@smartcart.ai,pbkdf2:sha256:600000$saltXYZ$hashedvalue,Amit Patel 3417,28,Other,Chennai,West Bengal,"Automotive,Toys,Electronics",2025-08-29,False,True
U03418,user03418,user3418@smartcart.ai,pbkdf2:sha256:600000$saltXYZ$hashedvalue,Deepika Nair 3418,22,Female,Mumbai,Maharashtra,"Electronics,Sports",2023-06-10,False,True
U03419,user03419,user3419@smartcart.ai,pbkdf2:sha256:600000$saltXYZ$hashedvalue,Deepika Nair 3419,35,Male,Chandigarh,Punjab,Automotive,2025-01-15,False,True
U03420,user03420,user3420@smartcart.ai,pbkdf2:sha256:600000$saltXYZ$hashedvalue,Rahul Sharma 3420,43,Female,Bangalore,Rajasthan,"Sports,Automotive,Fashion",2024-08-11,False,True
U03421,user03421,user3421@smartcart.ai,pbkdf2:sha256:600000$saltXYZ$hashedvalue,Rahul Sharma 3421,20,Male,Bangalore,Punjab,Beauty,2023-06-05,False,False
U03422,user03422,user3422@smartcart.ai,pbkdf2:sha256:600000$saltXYZ$hashedvalue,Pooja Pillai 3422,55,Other,Mumbai,Telangana,"Health,Sports",2024-04-11,False,True
U03423,user03423,user3423@smartcart.ai,pbkdf2:sha256:600000$saltXYZ$hashedvalue,Rohit Verma 3423,64,Male,Jaipur,Karnataka,"Toys,Home & Kitchen,Sports,Fashion",2024-08-19,False,True
U03424,user03424,user3424@smartcart.ai,pbkdf2:sha256:600000$saltXYZ$hashedvalue,Vijay Kumar 3424,40,Other,Chennai,Telangana,"Toys,Fashion,Automotive",2025-06-05,False,True
U03425,user03425,user3425@smartcart.ai,pbkdf2:sha256:600000$saltXYZ$hashedvalue,Deepika Nair 3425,50,Other,Pune,UP,"Beauty,Books,Health,Sports",2025-09-02,False,True
U03426,user03426,user3426@smartcart.ai,pbkdf2:sha256:600000$saltXYZ$hashedvalue,Priya Singh 3426,26,Other,Mumbai,West Bengal,Toys,2026-03-30,False,False
U03427,user03427,user3427@smartcart.ai,pbkdf2:sha256:600000$saltXYZ$hashedvalue,Vijay Kumar 3427,46,Female,Kolkata,Telangana,"Health,Electronics",2024-12-01,False,True
U03428,user03428,user3428@smartcart.ai,pbkdf2:sha256:600000$saltXYZ$hashedvalue,Ananya Joshi 3428,55,Female,Chennai,West Bengal,"Automotive,Electronics,Books",2025-04-26,False,True
U03429,user03429,user3429@smartcart.ai,pbkdf2:sha256:600000$saltXYZ$hashedvalue,Amit Patel 3429,25,Female,Chandigarh,Punjab,"Beauty,Electronics,Books,Health",2025-03-09,False,False
U03430,user03430,user3430@smartcart.ai,pbkdf2:sha256:600000$saltXYZ$hashedvalue,Vijay Kumar 3430,29,Male,Surat,Delhi,Health,2025-06-05,False,True
U03431,user03431,user3431@smartcart.ai,pbkdf2:sha256:600000$saltXYZ$hashedvalue,Rohit Verma 3431,48,Other,Delhi,Maharashtra,"Automotive,Beauty,Toys",2025-12-28,False,True
U03432,user03432,user3432@smartcart.ai,pbkdf2:sha256:600000$saltXYZ$hashedvalue,Vijay Kumar 3432,42,Female,Ahmedabad,Tamil Nadu,Automotive,2025-08-18,False,True
U03433,user03433,user3433@smartcart.ai,pbkdf2:sha256:600000$saltXYZ$hashedvalue,Amit Patel 3433,45,Other,Bangalore,Karnataka,Sports,2024-05-18,False,True
U03434,user03434,user3434@smartcart.ai,pbkdf2:sha256:600000$saltXYZ$hashedvalue,Ananya Joshi 3434,31,Male,Hyderabad,Telangana,"Fashion,Electronics,Toys",2024-07-01,False,True
U03435,user03435,user3435@smartcart.ai,pbkdf2:sha256:600000$saltXYZ$hashedvalue,Deepika Nair 3435,35,Male,Chennai,Delhi,Toys,2026-03-11,False,True
U03436,user03436,user3436@smartcart.ai,pbkdf2:sha256:600000$saltXYZ$hashedvalue,Priya Singh 3436,37,Male,Jaipur,Maharashtra,"Fashion,Health,Sports,Books",2025-08-21,False,False
U03437,user03437,user3437@smartcart.ai,pbkdf2:sha256:600000$saltXYZ$hashedvalue,Rahul Sharma 3437,41,Female,Lucknow,Karnataka,"Electronics,Books",2023-10-29,False,True
U03438,user03438,user3438@smartcart.ai,pbkdf2:sha256:600000$saltXYZ$hashedvalue,Vijay Kumar 3438,62,Male,Bangalore,Gujarat,"Books,Fashion,Grocery",2025-09-19,False,True
U03439,user03439,user3439@smartcart.ai,pbkdf2:sha256:600000$saltXYZ$hashedvalue,Priya Singh 3439,40,Male,Ahmedabad,Delhi,"Automotive,Grocery,Sports",2025-06-27,False,True
U03440,user03440,user3440@smartcart.ai,pbkdf2:sha256:600000$saltXYZ$hashedvalue,Karan Mehta 3440,39,Female,Delhi,Maharashtra,"Beauty,Sports,Grocery,Health",2025-10-30,False,True
U03441,user03441,user3441@smartcart.ai,pbkdf2:sha256:600000$saltXYZ$hashedvalue,Sneha Gupta 3441,59,Other,Surat,Rajasthan,"Toys,Sports",2024-12-30,False,True
U03442,user03442,user3442@smartcart.ai,pbkdf2:sha256:600000$saltXYZ$hashedvalue,Priya Singh 3442,43,Female,Delhi,Gujarat,"Fashion,Sports,Home & Kitchen",2024-08-21,False,True
U03443,user03443,user3443@smartcart.ai,pbkdf2:sha256:600000$saltXYZ$hashedvalue,Deepika Nair 3443,22,Male,Delhi,Karnataka,"Books,Toys",2023-11-20,False,True
U03444,user03444,user3444@smartcart.ai,pbkdf2:sha256:600000$saltXYZ$hashedvalue,Priya Singh 3444,47,Other,Delhi,West Bengal,Health,2025-09-26,False,True
U03445,user03445,user3445@smartcart.ai,pbkdf2:sha256:600000$saltXYZ$hashedvalue,Sneha Gupta 3445,58,Male,Pune,Delhi,"Automotive,Grocery,Toys,Fashion",2023-09-28,False,True
U03446,user03446,user3446@smartcart.ai,pbkdf2:sha256:600000$saltXYZ$hashedvalue,Rohit Verma 3446,26,Male,Jaipur,West Bengal,"Electronics,Sports",2025-01-29,False,True
U03447,user03447,user3447@smartcart.ai,pbkdf2:sha256:600000$saltXYZ$hashedvalue,Priya Singh 3447,47,Other,Kolkata,Karnataka,Toys,2024-03-12,False,True
U03448,user03448,user3448@smartcart.ai,pbkdf2:sha256:600000$saltXYZ$hashedvalue,Amit Patel 3448,42,Other,Delhi,Delhi,"Grocery,Toys",2023-09-22,False,True
U03449,user03449,user3449@smartcart.ai,pbkdf2:sha256:600000$saltXYZ$hashedvalue,Deepika Nair 3449,58,Other,Chennai,Tamil Nadu,"Health,Beauty,Electronics",2025-03-21,False,True
U03450,user03450,user3450@smartcart.ai,pbkdf2:sha256:600000$saltXYZ$hashedvalue,Ananya Joshi 3450,34,Female,Kolkata,West Bengal,"Health,Electronics,Fashion",2024-09-25,False,True
U03451,user03451,user3451@smartcart.ai,pbkdf2:sha256:600000$saltXYZ$hashedvalue,Vijay Kumar 3451,40,Male,Delhi,UP,"Fashion,Home & Kitchen,Automotive,Health",2025-08-10,False,True
U03452,user03452,user3452@smartcart.ai,pbkdf2:sha256:600000$saltXYZ$hashedvalue,Rohit Verma 3452,65,Female,Jaipur,UP,"Home & Kitchen,Electronics",2023-11-22,False,True
U03453,user03453,user3453@smartcart.ai,pbkdf2:sha256:600000$saltXYZ$hashedvalue,Priya Singh 3453,31,Male,Kolkata,Telangana,"Home & Kitchen,Electronics",2023-12-16,False,True
U03454,user03454,user3454@smartcart.ai,pbkdf2:sha256:600000$saltXYZ$hashedvalue,Priya Singh 3454,49,Male,Delhi,Maharashtra,"Books,Electronics,Sports,Toys",2026-04-19,False,True
U03455,user03455,user3455@smartcart.ai,pbkdf2:sha256:600000$saltXYZ$hashedvalue,Karan Mehta 3455,32,Other,Pune,West Bengal,"Automotive,Health",2024-12-07,False,True
U03456,user03456,user3456@smartcart.ai,pbkdf2:sha256:600000$saltXYZ$hashedvalue,Sneha Gupta 3456,36,Male,Lucknow,West Bengal,"Beauty,Electronics,Sports,Fashion",2024-05-10,False,True
U03457,user03457,user3457@smartcart.ai,pbkdf2:sha256:600000$saltXYZ$hashedvalue,Deepika Nair 3457,25,Female,Mumbai,Delhi,"Books,Fashion,Electronics,Toys",2023-11-04,False,True
U03458,user03458,user3458@smartcart.ai,pbkdf2:sha256:600000$saltXYZ$hashedvalue,Vijay Kumar 3458,24,Other,Hyderabad,UP,"Health,Home & Kitchen",2024-11-17,False,True
U03459,user03459,user3459@smartcart.ai,pbkdf2:sha256:600000$saltXYZ$hashedvalue,Rahul Sharma 3459,24,Female,Lucknow,Gujarat,"Fashion,Home & Kitchen,Automotive",2024-10-17,False,True
U03460,user03460,user3460@smartcart.ai,pbkdf2:sha256:600000$saltXYZ$hashedvalue,Rohit Verma 3460,45,Female,Mumbai,Punjab,"Health,Sports",2025-07-25,False,True
U03461,user03461,user3461@smartcart.ai,pbkdf2:sha256:600000$saltXYZ$hashedvalue,Deepika Nair 3461,36,Male,Bangalore,Maharashtra,"Grocery,Toys,Books",2024-10-08,False,True
U03462,user03462,user3462@smartcart.ai,pbkdf2:sha256:600000$saltXYZ$hashedvalue,Ananya Joshi 3462,47,Male,Jaipur,Gujarat,"Home & Kitchen,Fashion,Grocery",2024-04-17,False,True
U03463,user03463,user3463@smartcart.ai,pbkdf2:sha256:600000$saltXYZ$hashedvalue,Ananya Joshi 3463,60,Female,Jaipur,Punjab,"Toys,Grocery,Home & Kitchen,Beauty",2024-07-26,False,True
U03464,user03464,user3464@smartcart.ai,pbkdf2:sha256:600000$saltXYZ$hashedvalue,Rahul Sharma 3464,43,Male,Surat,Tamil Nadu,"Health,Toys,Sports,Home & Kitchen",2024-01-17,False,True
U03465,user03465,user3465@smartcart.ai,pbkdf2:sha256:600000$saltXYZ$hashedvalue,Priya Singh 3465,26,Male,Bangalore,Tamil Nadu,"Electronics,Automotive,Grocery,Health",2025-03-20,False,True
U03466,user03466,user3466@smartcart.ai,pbkdf2:sha256:600000$saltXYZ$hashedvalue,Vijay Kumar 3466,51,Other,Chennai,Gujarat,Fashion,2024-02-18,False,True
U03467,user03467,user3467@smartcart.ai,pbkdf2:sha256:600000$saltXYZ$hashedvalue,Pooja Pillai 3467,39,Other,Hyderabad,Delhi,"Home & Kitchen,Grocery",2024-12-18,False,True
U03468,user03468,user3468@smartcart.ai,pbkdf2:sha256:600000$saltXYZ$hashedvalue,Sneha Gupta 3468,33,Female,Delhi,Delhi,"Grocery,Sports,Beauty",2024-05-21,False,True
U03469,user03469,user3469@smartcart.ai,pbkdf2:sha256:600000$saltXYZ$hashedvalue,Pooja Pillai 3469,34,Male,Jaipur,Telangana,Automotive,2025-11-02,False,False
U03470,user03470,user3470@smartcart.ai,pbkdf2:sha256:600000$saltXYZ$hashedvalue,Deepika Nair 3470,18,Other,Mumbai,Delhi,"Fashion,Home & Kitchen",2024-01-22,False,True
U03471,user03471,user3471@smartcart.ai,pbkdf2:sha256:600000$saltXYZ$hashedvalue,Sneha Gupta 3471,36,Female,Chandigarh,Tamil Nadu,Home & Kitchen,2025-11-06,False,True
U03472,user03472,user3472@smartcart.ai,pbkdf2:sha256:600000$saltXYZ$hashedvalue,Karan Mehta 3472,51,Female,Jaipur,Tamil Nadu,"Health,Electronics,Fashion",2024-04-22,False,True
U03473,user03473,user3473@smartcart.ai,pbkdf2:sha256:600000$saltXYZ$hashedvalue,Priya Singh 3473,45,Male,Kolkata,Tamil Nadu,"Electronics,Grocery,Automotive,Books",2025-01-17,False,True
U03474,user03474,user3474@smartcart.ai,pbkdf2:sha256:600000$saltXYZ$hashedvalue,Vijay Kumar 3474,53,Male,Lucknow,Karnataka,Sports,2024-01-20,False,True
U03475,user03475,user3475@smartcart.ai,pbkdf2:sha256:600000$saltXYZ$hashedvalue,Deepika Nair 3475,19,Female,Pune,Telangana,"Sports,Electronics,Health",2023-04-29,False,True
U03476,user03476,user3476@smartcart.ai,pbkdf2:sha256:600000$saltXYZ$hashedvalue,Deepika Nair 3476,48,Other,Lucknow,West Bengal,"Toys,Books",2024-07-01,False,True
U03477,user03477,user3477@smartcart.ai,pbkdf2:sha256:600000$saltXYZ$hashedvalue,Priya Singh 3477,42,Male,Lucknow,Telangana,Grocery,2024-12-24,False,True
U03478,user03478,user3478@smartcart.ai,pbkdf2:sha256:600000$saltXYZ$hashedvalue,Karan Mehta 3478,20,Female,Chandigarh,Rajasthan,"Home & Kitchen,Automotive,Beauty,Toys",2023-10-02,False,True
U03479,user03479,user3479@smartcart.ai,pbkdf2:sha256:600000$saltXYZ$hashedvalue,Sneha Gupta 3479,53,Female,Jaipur,Tamil Nadu,"Beauty,Sports,Home & Kitchen",2023-10-25,False,True
U03480,user03480,user3480@smartcart.ai,pbkdf2:sha256:600000$saltXYZ$hashedvalue,Priya Singh 3480,28,Female,Bangalore,Gujarat,"Electronics,Health,Books,Toys",2026-01-20,False,True
U03481,user03481,user3481@smartcart.ai,pbkdf2:sha256:600000$saltXYZ$hashedvalue,Karan Mehta 3481,60,Male,Bangalore,Rajasthan,"Beauty,Books",2026-02-05,False,True
U03482,user03482,user3482@smartcart.ai,pbkdf2:sha256:600000$saltXYZ$hashedvalue,Ananya Joshi 3482,34,Female,Lucknow,Gujarat,"Health,Sports,Home & Kitchen",2024-09-08,False,True
U03483,user03483,user3483@smartcart.ai,pbkdf2:sha256:600000$saltXYZ$hashedvalue,Ananya Joshi 3483,52,Other,Ahmedabad,Karnataka,"Toys,Beauty",2024-11-04,False,False
U03484,user03484,user3484@smartcart.ai,pbkdf2:sha256:600000$saltXYZ$hashedvalue,Rohit Verma 3484,45,Male,Jaipur,Telangana,"Beauty,Fashion",2024-07-22,False,True
U03485,user03485,user3485@smartcart.ai,pbkdf2:sha256:600000$saltXYZ$hashedvalue,Pooja Pillai 3485,53,Male,Kolkata,Karnataka,"Automotive,Sports",2025-01-21,False,True
U03486,user03486,user3486@smartcart.ai,pbkdf2:sha256:600000$saltXYZ$hashedvalue,Sneha Gupta 3486,29,Male,Kolkata,Maharashtra,"Grocery,Beauty",2023-12-22,False,True
U03487,user03487,user3487@smartcart.ai,pbkdf2:sha256:600000$saltXYZ$hashedvalue,Rohit Verma 3487,23,Male,Pune,Delhi,Toys,2024-12-29,False,False
U03488,user03488,user3488@smartcart.ai,pbkdf2:sha256:600000$saltXYZ$hashedvalue,Deepika Nair 3488,50,Other,Mumbai,Rajasthan,"Electronics,Fashion,Home & Kitchen,Beauty",2023-08-02,False,False
U03489,user03489,user3489@smartcart.ai,pbkdf2:sha256:600000$saltXYZ$hashedvalue,Rohit Verma 3489,22,Female,Surat,UP,"Fashion,Home & Kitchen,Electronics",2024-07-11,False,True
U03490,user03490,user3490@smartcart.ai,pbkdf2:sha256:600000$saltXYZ$hashedvalue,Rahul Sharma 3490,46,Male,Delhi,Rajasthan,Home & Kitchen,2023-06-09,False,True
U03491,user03491,user3491@smartcart.ai,pbkdf2:sha256:600000$saltXYZ$hashedvalue,Ananya Joshi 3491,63,Female,Delhi,Maharashtra,Fashion,2023-10-22,False,True
U03492,user03492,user3492@smartcart.ai,pbkdf2:sha256:600000$saltXYZ$hashedvalue,Amit Patel 3492,28,Other,Ahmedabad,Karnataka,"Books,Beauty,Fashion,Toys",2023-09-02,False,True
U03493,user03493,user3493@smartcart.ai,pbkdf2:sha256:600000$saltXYZ$hashedvalue,Deepika Nair 3493,31,Female,Surat,Delhi,"Health,Home & Kitchen,Electronics",2025-05-18,False,True
U03494,user03494,user3494@smartcart.ai,pbkdf2:sha256:600000$saltXYZ$hashedvalue,Sneha Gupta 3494,29,Male,Chandigarh,Punjab,"Books,Sports",2024-02-09,False,True
U03495,user03495,user3495@smartcart.ai,pbkdf2:sha256:600000$saltXYZ$hashedvalue,Rahul Sharma 3495,65,Other,Chennai,West Bengal,"Fashion,Sports,Home & Kitchen,Automotive",2026-03-30,False,True
U03496,user03496,user3496@smartcart.ai,pbkdf2:sha256:600000$saltXYZ$hashedvalue,Rohit Verma 3496,62,Male,Chandigarh,UP,"Grocery,Automotive,Toys",2026-03-21,False,True
U03497,user03497,user3497@smartcart.ai,pbkdf2:sha256:600000$saltXYZ$hashedvalue,Ananya Joshi 3497,40,Male,Pune,Tamil Nadu,Home & Kitchen,2024-11-05,False,True
U03498,user03498,user3498@smartcart.ai,pbkdf2:sha256:600000$saltXYZ$hashedvalue,Vijay Kumar 3498,29,Other,Pune,West Bengal,Grocery,2024-07-10,False,True
U03499,user03499,user3499@smartcart.ai,pbkdf2:sha256:600000$saltXYZ$hashedvalue,Deepika Nair 3499,37,Female,Pune,Tamil Nadu,"Books,Electronics",2023-05-08,False,True
U03500,user03500,user3500@smartcart.ai,pbkdf2:sha256:600000$saltXYZ$hashedvalue,Deepika Nair 3500,59,Male,Delhi,Telangana,Home & Kitchen,2024-10-06,False,True
U03501,user03501,user3501@smartcart.ai,pbkdf2:sha256:600000$saltXYZ$hashedvalue,Vijay Kumar 3501,26,Female,Surat,Gujarat,"Books,Electronics,Grocery",2023-08-24,False,True
U03502,user03502,user3502@smartcart.ai,pbkdf2:sha256:600000$saltXYZ$hashedvalue,Rohit Verma 3502,62,Female,Delhi,Rajasthan,"Health,Sports,Books",2025-01-31,False,True
U03503,user03503,user3503@smartcart.ai,pbkdf2:sha256:600000$saltXYZ$hashedvalue,Pooja Pillai 3503,60,Male,Mumbai,West Bengal,"Fashion,Health,Beauty,Electronics",2024-01-02,False,True
U03504,user03504,user3504@smartcart.ai,pbkdf2:sha256:600000$saltXYZ$hashedvalue,Amit Patel 3504,19,Other,Chennai,Rajasthan,Automotive,2023-08-02,False,True
U03505,user03505,user3505@smartcart.ai,pbkdf2:sha256:600000$saltXYZ$hashedvalue,Rohit Verma 3505,41,Other,Lucknow,Maharashtra,"Fashion,Health",2026-01-15,False,True
U03506,user03506,user3506@smartcart.ai,pbkdf2:sha256:600000$saltXYZ$hashedvalue,Rahul Sharma 3506,54,Other,Chennai,Punjab,"Home & Kitchen,Sports",2024-01-30,False,True
U03507,user03507,user3507@smartcart.ai,pbkdf2:sha256:600000$saltXYZ$hashedvalue,Rahul Sharma 3507,20,Other,Mumbai,UP,Health,2024-08-09,False,True
U03508,user03508,user3508@smartcart.ai,pbkdf2:sha256:600000$saltXYZ$hashedvalue,Karan Mehta 3508,31,Other,Chandigarh,Karnataka,"Home & Kitchen,Automotive,Electronics",2024-10-12,False,True
U03509,user03509,user3509@smartcart.ai,pbkdf2:sha256:600000$saltXYZ$hashedvalue,Pooja Pillai 3509,52,Male,Chennai,Gujarat,"Sports,Home & Kitchen",2023-08-11,False,True
U03510,user03510,user3510@smartcart.ai,pbkdf2:sha256:600000$saltXYZ$hashedvalue,Deepika Nair 3510,44,Male,Ahmedabad,Maharashtra,"Toys,Grocery,Automotive,Beauty",2024-08-22,False,True
U03511,user03511,user3511@smartcart.ai,pbkdf2:sha256:600000$saltXYZ$hashedvalue,Karan Mehta 3511,50,Female,Jaipur,Gujarat,Sports,2023-09-21,False,False
U03512,user03512,user3512@smartcart.ai,pbkdf2:sha256:600000$saltXYZ$hashedvalue,Vijay Kumar 3512,50,Other,Hyderabad,Karnataka,"Sports,Fashion",2024-08-01,False,False
U03513,user03513,user3513@smartcart.ai,pbkdf2:sha256:600000$saltXYZ$hashedvalue,Sneha Gupta 3513,62,Male,Chennai,Telangana,"Books,Automotive,Electronics",2024-10-24,False,True
U03514,user03514,user3514@smartcart.ai,pbkdf2:sha256:600000$saltXYZ$hashedvalue,Deepika Nair 3514,64,Other,Chennai,Tamil Nadu,"Grocery,Toys,Health,Home & Kitchen",2023-10-08,False,True
U03515,user03515,user3515@smartcart.ai,pbkdf2:sha256:600000$saltXYZ$hashedvalue,Amit Patel 3515,47,Male,Pune,Delhi,Grocery,2025-10-17,False,True
U03516,user03516,user3516@smartcart.ai,pbkdf2:sha256:600000$saltXYZ$hashedvalue,Vijay Kumar 3516,20,Other,Lucknow,Punjab,"Home & Kitchen,Beauty,Toys",2026-02-21,False,True
U03517,user03517,user3517@smartcart.ai,pbkdf2:sha256:600000$saltXYZ$hashedvalue,Amit Patel 3517,34,Female,Jaipur,UP,Sports,2023-11-25,False,True
U03518,user03518,user3518@smartcart.ai,pbkdf2:sha256:600000$saltXYZ$hashedvalue,Amit Patel 3518,25,Male,Delhi,West Bengal,Toys,2024-06-06,False,True
U03519,user03519,user3519@smartcart.ai,pbkdf2:sha256:600000$saltXYZ$hashedvalue,Sneha Gupta 3519,27,Female,Chandigarh,Karnataka,"Automotive,Toys,Fashion,Beauty",2024-02-29,False,True
U03520,user03520,user3520@smartcart.ai,pbkdf2:sha256:600000$saltXYZ$hashedvalue,Karan Mehta 3520,38,Female,Chandigarh,Karnataka,"Automotive,Books,Health,Grocery",2024-11-25,False,True
U03521,user03521,user3521@smartcart.ai,pbkdf2:sha256:600000$saltXYZ$hashedvalue,Priya Singh 3521,57,Male,Delhi,UP,"Books,Grocery,Electronics",2024-12-20,False,True
U03522,user03522,user3522@smartcart.ai,pbkdf2:sha256:600000$saltXYZ$hashedvalue,Rohit Verma 3522,48,Female,Pune,Karnataka,"Sports,Beauty,Toys,Electronics",2026-01-08,False,True
U03523,user03523,user3523@smartcart.ai,pbkdf2:sha256:600000$saltXYZ$hashedvalue,Amit Patel 3523,42,Female,Kolkata,Rajasthan,Sports,2023-07-04,False,True
U03524,user03524,user3524@smartcart.ai,pbkdf2:sha256:600000$saltXYZ$hashedvalue,Rohit Verma 3524,38,Male,Bangalore,Tamil Nadu,"Automotive,Beauty,Fashion",2024-07-07,False,False
U03525,user03525,user3525@smartcart.ai,pbkdf2:sha256:600000$saltXYZ$hashedvalue,Vijay Kumar 3525,29,Other,Jaipur,UP,Home & Kitchen,2026-04-01,False,True
U03526,user03526,user3526@smartcart.ai,pbkdf2:sha256:600000$saltXYZ$hashedvalue,Karan Mehta 3526,64,Male,Bangalore,Delhi,"Fashion,Books",2024-11-14,False,True
U03527,user03527,user3527@smartcart.ai,pbkdf2:sha256:600000$saltXYZ$hashedvalue,Deepika Nair 3527,32,Male,Kolkata,Maharashtra,"Sports,Electronics,Automotive,Health",2025-01-04,False,True
U03528,user03528,user3528@smartcart.ai,pbkdf2:sha256:600000$saltXYZ$hashedvalue,Pooja Pillai 3528,63,Female,Jaipur,Gujarat,Beauty,2024-03-01,False,True
U03529,user03529,user3529@smartcart.ai,pbkdf2:sha256:600000$saltXYZ$hashedvalue,Karan Mehta 3529,43,Male,Jaipur,UP,Electronics,2024-08-10,False,True
U03530,user03530,user3530@smartcart.ai,pbkdf2:sha256:600000$saltXYZ$hashedvalue,Rahul Sharma 3530,52,Other,Chandigarh,UP,"Beauty,Books,Fashion",2025-10-30,False,True
U03531,user03531,user3531@smartcart.ai,pbkdf2:sha256:600000$saltXYZ$hashedvalue,Karan Mehta 3531,26,Other,Jaipur,Gujarat,"Books,Toys,Home & Kitchen",2025-05-05,False,True
U03532,user03532,user3532@smartcart.ai,pbkdf2:sha256:600000$saltXYZ$hashedvalue,Deepika Nair 3532,46,Female,Ahmedabad,West Bengal,"Health,Fashion,Home & Kitchen",2023-12-16,False,True
U03533,user03533,user3533@smartcart.ai,pbkdf2:sha256:600000$saltXYZ$hashedvalue,Amit Patel 3533,29,Other,Surat,UP,Books,2023-09-06,False,True
U03534,user03534,user3534@smartcart.ai,pbkdf2:sha256:600000$saltXYZ$hashedvalue,Amit Patel 3534,24,Other,Delhi,UP,"Home & Kitchen,Automotive,Fashion",2023-05-08,False,True
U03535,user03535,user3535@smartcart.ai,pbkdf2:sha256:600000$saltXYZ$hashedvalue,Vijay Kumar 3535,35,Female,Chennai,West Bengal,"Automotive,Books,Health",2025-05-17,False,True
U03536,user03536,user3536@smartcart.ai,pbkdf2:sha256:600000$saltXYZ$hashedvalue,Sneha Gupta 3536,58,Male,Delhi,Rajasthan,Sports,2026-02-06,False,True
U03537,user03537,user3537@smartcart.ai,pbkdf2:sha256:600000$saltXYZ$hashedvalue,Pooja Pillai 3537,51,Female,Jaipur,Delhi,"Fashion,Sports,Automotive,Home & Kitchen",2024-10-27,False,True
U03538,user03538,user3538@smartcart.ai,pbkdf2:sha256:600000$saltXYZ$hashedvalue,Ananya Joshi 3538,61,Other,Ahmedabad,Telangana,"Grocery,Automotive,Home & Kitchen,Fashion",2025-07-06,False,False
U03539,user03539,user3539@smartcart.ai,pbkdf2:sha256:600000$saltXYZ$hashedvalue,Priya Singh 3539,26,Female,Mumbai,Karnataka,"Sports,Home & Kitchen,Grocery",2023-11-24,False,True
U03540,user03540,user3540@smartcart.ai,pbkdf2:sha256:600000$saltXYZ$hashedvalue,Karan Mehta 3540,45,Other,Ahmedabad,Telangana,Beauty,2024-02-21,False,True
U03541,user03541,user3541@smartcart.ai,pbkdf2:sha256:600000$saltXYZ$hashedvalue,Rahul Sharma 3541,31,Female,Hyderabad,Tamil Nadu,"Beauty,Health",2025-09-30,False,True
U03542,user03542,user3542@smartcart.ai,pbkdf2:sha256:600000$saltXYZ$hashedvalue,Deepika Nair 3542,27,Male,Ahmedabad,Telangana,"Home & Kitchen,Toys",2025-10-08,False,True
U03543,user03543,user3543@smartcart.ai,pbkdf2:sha256:600000$saltXYZ$hashedvalue,Pooja Pillai 3543,30,Other,Kolkata,Tamil Nadu,"Sports,Beauty,Toys",2024-02-27,False,True
U03544,user03544,user3544@smartcart.ai,pbkdf2:sha256:600000$saltXYZ$hashedvalue,Amit Patel 3544,19,Female,Mumbai,Punjab,Grocery,2024-08-01,False,True
U03545,user03545,user3545@smartcart.ai,pbkdf2:sha256:600000$saltXYZ$hashedvalue,Karan Mehta 3545,64,Other,Ahmedabad,Maharashtra,"Toys,Grocery",2025-05-01,False,True
U03546,user03546,user3546@smartcart.ai,pbkdf2:sha256:600000$saltXYZ$hashedvalue,Ananya Joshi 3546,42,Male,Surat,Maharashtra,"Fashion,Electronics,Sports,Toys",2024-05-06,False,True
U03547,user03547,user3547@smartcart.ai,pbkdf2:sha256:600000$saltXYZ$hashedvalue,Rohit Verma 3547,57,Male,Hyderabad,Maharashtra,"Sports,Electronics,Toys,Books",2024-04-13,False,True
U03548,user03548,user3548@smartcart.ai,pbkdf2:sha256:600000$saltXYZ$hashedvalue,Rohit Verma 3548,48,Other,Chandigarh,Tamil Nadu,"Sports,Electronics,Beauty,Toys",2025-08-15,False,True
U03549,user03549,user3549@smartcart.ai,pbkdf2:sha256:600000$saltXYZ$hashedvalue,Pooja Pillai 3549,32,Other,Jaipur,Tamil Nadu,"Home & Kitchen,Sports",2023-09-04,False,True
U03550,user03550,user3550@smartcart.ai,pbkdf2:sha256:600000$saltXYZ$hashedvalue,Karan Mehta 3550,53,Male,Lucknow,Karnataka,"Toys,Health,Beauty,Grocery",2024-02-21,False,True
U03551,user03551,user3551@smartcart.ai,pbkdf2:sha256:600000$saltXYZ$hashedvalue,Deepika Nair 3551,60,Female,Surat,Karnataka,Home & Kitchen,2023-04-30,False,True
U03552,user03552,user3552@smartcart.ai,pbkdf2:sha256:600000$saltXYZ$hashedvalue,Amit Patel 3552,39,Other,Delhi,Tamil Nadu,"Sports,Electronics,Fashion",2026-01-09,False,True
U03553,user03553,user3553@smartcart.ai,pbkdf2:sha256:600000$saltXYZ$hashedvalue,Vijay Kumar 3553,18,Female,Delhi,Gujarat,"Electronics,Health,Fashion,Toys",2023-05-29,False,True
U03554,user03554,user3554@smartcart.ai,pbkdf2:sha256:600000$saltXYZ$hashedvalue,Deepika Nair 3554,52,Other,Pune,Maharashtra,"Health,Grocery,Home & Kitchen,Toys",2025-07-10,False,True
U03555,user03555,user3555@smartcart.ai,pbkdf2:sha256:600000$saltXYZ$hashedvalue,Deepika Nair 3555,23,Male,Mumbai,Tamil Nadu,Home & Kitchen,2024-12-28,False,True
U03556,user03556,user3556@smartcart.ai,pbkdf2:sha256:600000$saltXYZ$hashedvalue,Rohit Verma 3556,18,Other,Ahmedabad,Gujarat,"Beauty,Automotive,Grocery,Home & Kitchen",2025-12-13,False,True
U03557,user03557,user3557@smartcart.ai,pbkdf2:sha256:600000$saltXYZ$hashedvalue,Priya Singh 3557,26,Male,Mumbai,Telangana,"Grocery,Automotive,Toys,Books",2023-09-24,False,True
U03558,user03558,user3558@smartcart.ai,pbkdf2:sha256:600000$saltXYZ$hashedvalue,Pooja Pillai 3558,31,Male,Surat,Rajasthan,"Electronics,Toys,Home & Kitchen",2023-06-09,False,True
U03559,user03559,user3559@smartcart.ai,pbkdf2:sha256:600000$saltXYZ$hashedvalue,Vijay Kumar 3559,23,Female,Delhi,Gujarat,"Sports,Beauty",2023-04-25,False,True
U03560,user03560,user3560@smartcart.ai,pbkdf2:sha256:600000$saltXYZ$hashedvalue,Rahul Sharma 3560,28,Female,Jaipur,Telangana,"Fashion,Sports",2024-12-03,False,False
U03561,user03561,user3561@smartcart.ai,pbkdf2:sha256:600000$saltXYZ$hashedvalue,Karan Mehta 3561,54,Female,Surat,Tamil Nadu,"Home & Kitchen,Fashion,Beauty",2024-05-06,False,True
U03562,user03562,user3562@smartcart.ai,pbkdf2:sha256:600000$saltXYZ$hashedvalue,Rahul Sharma 3562,59,Other,Bangalore,Punjab,"Toys,Health,Home & Kitchen",2023-05-09,False,True
U03563,user03563,user3563@smartcart.ai,pbkdf2:sha256:600000$saltXYZ$hashedvalue,Vijay Kumar 3563,20,Male,Kolkata,Telangana,Grocery,2023-07-01,False,True
U03564,user03564,user3564@smartcart.ai,pbkdf2:sha256:600000$saltXYZ$hashedvalue,Rahul Sharma 3564,43,Female,Jaipur,Maharashtra,"Sports,Home & Kitchen",2024-10-26,False,True
U03565,user03565,user3565@smartcart.ai,pbkdf2:sha256:600000$saltXYZ$hashedvalue,Rahul Sharma 3565,33,Other,Chandigarh,UP,Toys,2023-09-25,False,True
U03566,user03566,user3566@smartcart.ai,pbkdf2:sha256:600000$saltXYZ$hashedvalue,Rahul Sharma 3566,19,Male,Kolkata,Punjab,Toys,2023-04-29,False,True
U03567,user03567,user3567@smartcart.ai,pbkdf2:sha256:600000$saltXYZ$hashedvalue,Rohit Verma 3567,44,Female,Delhi,Karnataka,"Grocery,Home & Kitchen,Health,Beauty",2026-04-01,False,True
U03568,user03568,user3568@smartcart.ai,pbkdf2:sha256:600000$saltXYZ$hashedvalue,Pooja Pillai 3568,49,Male,Kolkata,Karnataka,"Sports,Grocery",2024-12-24,False,True
U03569,user03569,user3569@smartcart.ai,pbkdf2:sha256:600000$saltXYZ$hashedvalue,Priya Singh 3569,33,Other,Lucknow,West Bengal,"Beauty,Home & Kitchen",2024-09-06,False,True
U03570,user03570,user3570@smartcart.ai,pbkdf2:sha256:600000$saltXYZ$hashedvalue,Pooja Pillai 3570,62,Other,Kolkata,Karnataka,"Health,Toys",2023-08-15,False,True
U03571,user03571,user3571@smartcart.ai,pbkdf2:sha256:600000$saltXYZ$hashedvalue,Deepika Nair 3571,38,Other,Mumbai,Tamil Nadu,"Automotive,Grocery,Beauty,Toys",2024-02-18,False,False
U03572,user03572,user3572@smartcart.ai,pbkdf2:sha256:600000$saltXYZ$hashedvalue,Ananya Joshi 3572,23,Other,Ahmedabad,Tamil Nadu,"Home & Kitchen,Beauty",2023-06-12,False,True
U03573,user03573,user3573@smartcart.ai,pbkdf2:sha256:600000$saltXYZ$hashedvalue,Karan Mehta 3573,30,Male,Jaipur,UP,"Health,Sports",2024-09-04,False,True
U03574,user03574,user3574@smartcart.ai,pbkdf2:sha256:600000$saltXYZ$hashedvalue,Rahul Sharma 3574,25,Other,Bangalore,Gujarat,"Electronics,Beauty",2024-08-16,False,True
U03575,user03575,user3575@smartcart.ai,pbkdf2:sha256:600000$saltXYZ$hashedvalue,Rahul Sharma 3575,29,Male,Kolkata,Delhi,"Grocery,Health,Books",2024-06-22,False,True
U03576,user03576,user3576@smartcart.ai,pbkdf2:sha256:600000$saltXYZ$hashedvalue,Deepika Nair 3576,23,Female,Chennai,Punjab,"Beauty,Automotive,Home & Kitchen",2025-09-14,False,True
U03577,user03577,user3577@smartcart.ai,pbkdf2:sha256:600000$saltXYZ$hashedvalue,Rahul Sharma 3577,44,Male,Mumbai,Gujarat,"Home & Kitchen,Automotive",2026-04-10,False,True
U03578,user03578,user3578@smartcart.ai,pbkdf2:sha256:600000$saltXYZ$hashedvalue,Ananya Joshi 3578,42,Other,Bangalore,Karnataka,"Fashion,Electronics",2025-03-24,False,True
U03579,user03579,user3579@smartcart.ai,pbkdf2:sha256:600000$saltXYZ$hashedvalue,Vijay Kumar 3579,40,Female,Delhi,Karnataka,"Electronics,Health",2024-01-15,False,True
U03580,user03580,user3580@smartcart.ai,pbkdf2:sha256:600000$saltXYZ$hashedvalue,Priya Singh 3580,50,Male,Delhi,Maharashtra,"Books,Automotive",2023-05-01,False,True
U03581,user03581,user3581@smartcart.ai,pbkdf2:sha256:600000$saltXYZ$hashedvalue,Rohit Verma 3581,28,Male,Chennai,Gujarat,"Books,Health,Sports",2024-12-14,False,True
U03582,user03582,user3582@smartcart.ai,pbkdf2:sha256:600000$saltXYZ$hashedvalue,Amit Patel 3582,22,Female,Bangalore,Punjab,"Toys,Home & Kitchen",2024-10-22,False,True
U03583,user03583,user3583@smartcart.ai,pbkdf2:sha256:600000$saltXYZ$hashedvalue,Rohit Verma 3583,21,Other,Delhi,Maharashtra,"Grocery,Fashion",2024-09-30,False,True
U03584,user03584,user3584@smartcart.ai,pbkdf2:sha256:600000$saltXYZ$hashedvalue,Karan Mehta 3584,34,Female,Chandigarh,Rajasthan,Toys,2025-09-19,False,True
U03585,user03585,user3585@smartcart.ai,pbkdf2:sha256:600000$saltXYZ$hashedvalue,Deepika Nair 3585,61,Other,Lucknow,Rajasthan,"Books,Home & Kitchen,Sports,Grocery",2024-04-09,False,True
U03586,user03586,user3586@smartcart.ai,pbkdf2:sha256:600000$saltXYZ$hashedvalue,Rohit Verma 3586,35,Female,Chandigarh,Tamil Nadu,Home & Kitchen,2026-02-22,False,True
U03587,user03587,user3587@smartcart.ai,pbkdf2:sha256:600000$saltXYZ$hashedvalue,Rohit Verma 3587,18,Other,Chandigarh,West Bengal,Toys,2024-08-21,False,True
U03588,user03588,user3588@smartcart.ai,pbkdf2:sha256:600000$saltXYZ$hashedvalue,Amit Patel 3588,62,Male,Surat,UP,Books,2025-10-22,False,False
U03589,user03589,user3589@smartcart.ai,pbkdf2:sha256:600000$saltXYZ$hashedvalue,Pooja Pillai 3589,51,Male,Mumbai,Maharashtra,"Books,Sports,Beauty,Automotive",2026-01-11,False,True
U03590,user03590,user3590@smartcart.ai,pbkdf2:sha256:600000$saltXYZ$hashedvalue,Vijay Kumar 3590,63,Male,Pune,West Bengal,"Books,Home & Kitchen",2024-06-19,False,True
U03591,user03591,user3591@smartcart.ai,pbkdf2:sha256:600000$saltXYZ$hashedvalue,Ananya Joshi 3591,40,Female,Lucknow,Karnataka,"Sports,Electronics,Grocery",2024-06-12,False,True
U03592,user03592,user3592@smartcart.ai,pbkdf2:sha256:600000$saltXYZ$hashedvalue,Rohit Verma 3592,65,Female,Hyderabad,Gujarat,"Fashion,Books",2023-07-09,False,True
U03593,user03593,user3593@smartcart.ai,pbkdf2:sha256:600000$saltXYZ$hashedvalue,Pooja Pillai 3593,27,Male,Bangalore,Telangana,"Fashion,Health",2025-09-20,False,True
U03594,user03594,user3594@smartcart.ai,pbkdf2:sha256:600000$saltXYZ$hashedvalue,Rahul Sharma 3594,64,Other,Mumbai,Telangana,"Electronics,Sports,Toys,Fashion",2023-12-16,False,True
U03595,user03595,user3595@smartcart.ai,pbkdf2:sha256:600000$saltXYZ$hashedvalue,Priya Singh 3595,40,Male,Surat,Delhi,"Electronics,Sports,Toys",2025-02-02,False,True
U03596,user03596,user3596@smartcart.ai,pbkdf2:sha256:600000$saltXYZ$hashedvalue,Deepika Nair 3596,42,Female,Lucknow,Tamil Nadu,"Sports,Grocery,Books",2024-03-04,False,True
U03597,user03597,user3597@smartcart.ai,pbkdf2:sha256:600000$saltXYZ$hashedvalue,Pooja Pillai 3597,23,Other,Mumbai,Rajasthan,"Grocery,Sports",2023-09-14,False,True
U03598,user03598,user3598@smartcart.ai,pbkdf2:sha256:600000$saltXYZ$hashedvalue,Pooja Pillai 3598,49,Other,Chandigarh,Delhi,"Beauty,Grocery,Home & Kitchen,Books",2025-01-08,False,True
U03599,user03599,user3599@smartcart.ai,pbkdf2:sha256:600000$saltXYZ$hashedvalue,Priya Singh 3599,37,Other,Chennai,UP,"Automotive,Grocery,Health",2024-10-05,False,True
U03600,user03600,user3600@smartcart.ai,pbkdf2:sha256:600000$saltXYZ$hashedvalue,Deepika Nair 3600,33,Other,Chandigarh,Rajasthan,"Fashion,Home & Kitchen,Beauty,Sports",2025-09-29,False,True
U03601,user03601,user3601@smartcart.ai,pbkdf2:sha256:600000$saltXYZ$hashedvalue,Deepika Nair 3601,62,Male,Hyderabad,Delhi,Toys,2025-06-11,False,True
U03602,user03602,user3602@smartcart.ai,pbkdf2:sha256:600000$saltXYZ$hashedvalue,Vijay Kumar 3602,61,Other,Lucknow,Tamil Nadu,Health,2026-04-01,False,True
U03603,user03603,user3603@smartcart.ai,pbkdf2:sha256:600000$saltXYZ$hashedvalue,Pooja Pillai 3603,47,Female,Jaipur,Tamil Nadu,"Toys,Health",2025-09-20,False,True
U03604,user03604,user3604@smartcart.ai,pbkdf2:sha256:600000$saltXYZ$hashedvalue,Amit Patel 3604,42,Female,Delhi,UP,"Beauty,Books,Home & Kitchen",2026-01-01,False,True
U03605,user03605,user3605@smartcart.ai,pbkdf2:sha256:600000$saltXYZ$hashedvalue,Karan Mehta 3605,55,Other,Chennai,Telangana,"Beauty,Toys,Sports",2023-06-01,False,True
U03606,user03606,user3606@smartcart.ai,pbkdf2:sha256:600000$saltXYZ$hashedvalue,Deepika Nair 3606,26,Male,Jaipur,UP,"Home & Kitchen,Beauty,Sports,Health",2025-06-13,False,True
U03607,user03607,user3607@smartcart.ai,pbkdf2:sha256:600000$saltXYZ$hashedvalue,Pooja Pillai 3607,57,Other,Ahmedabad,Maharashtra,Home & Kitchen,2024-03-24,False,True
U03608,user03608,user3608@smartcart.ai,pbkdf2:sha256:600000$saltXYZ$hashedvalue,Ananya Joshi 3608,63,Other,Jaipur,Tamil Nadu,"Fashion,Home & Kitchen,Grocery,Books",2025-04-07,False,True
U03609,user03609,user3609@smartcart.ai,pbkdf2:sha256:600000$saltXYZ$hashedvalue,Deepika Nair 3609,56,Other,Pune,Maharashtra,"Books,Beauty",2025-07-12,False,True
U03610,user03610,user3610@smartcart.ai,pbkdf2:sha256:600000$saltXYZ$hashedvalue,Rohit Verma 3610,18,Female,Lucknow,Maharashtra,Health,2025-02-24,False,True
U03611,user03611,user3611@smartcart.ai,pbkdf2:sha256:600000$saltXYZ$hashedvalue,Pooja Pillai 3611,36,Other,Chandigarh,UP,"Home & Kitchen,Automotive,Beauty,Sports",2025-01-23,False,True
U03612,user03612,user3612@smartcart.ai,pbkdf2:sha256:600000$saltXYZ$hashedvalue,Rahul Sharma 3612,26,Male,Chennai,UP,Grocery,2023-10-27,False,True
U03613,user03613,user3613@smartcart.ai,pbkdf2:sha256:600000$saltXYZ$hashedvalue,Karan Mehta 3613,33,Other,Ahmedabad,Tamil Nadu,"Beauty,Automotive,Home & Kitchen,Health",2025-03-23,False,True
U03614,user03614,user3614@smartcart.ai,pbkdf2:sha256:600000$saltXYZ$hashedvalue,Ananya Joshi 3614,36,Female,Chennai,Maharashtra,"Sports,Home & Kitchen,Health,Fashion",2025-05-13,False,True
U03615,user03615,user3615@smartcart.ai,pbkdf2:sha256:600000$saltXYZ$hashedvalue,Deepika Nair 3615,47,Other,Pune,Punjab,Home & Kitchen,2025-07-08,False,True
U03616,user03616,user3616@smartcart.ai,pbkdf2:sha256:600000$saltXYZ$hashedvalue,Sneha Gupta 3616,63,Other,Surat,Telangana,"Beauty,Fashion",2024-05-26,False,True
U03617,user03617,user3617@smartcart.ai,pbkdf2:sha256:600000$saltXYZ$hashedvalue,Priya Singh 3617,34,Male,Hyderabad,Tamil Nadu,Electronics,2026-01-23,False,True
U03618,user03618,user3618@smartcart.ai,pbkdf2:sha256:600000$saltXYZ$hashedvalue,Deepika Nair 3618,55,Male,Lucknow,Rajasthan,"Electronics,Fashion",2025-07-20,False,True
U03619,user03619,user3619@smartcart.ai,pbkdf2:sha256:600000$saltXYZ$hashedvalue,Sneha Gupta 3619,58,Other,Ahmedabad,Gujarat,"Sports,Automotive,Beauty",2025-07-06,False,True
U03620,user03620,user3620@smartcart.ai,pbkdf2:sha256:600000$saltXYZ$hashedvalue,Amit Patel 3620,60,Male,Mumbai,Tamil Nadu,"Electronics,Sports,Health",2026-02-11,False,True
U03621,user03621,user3621@smartcart.ai,pbkdf2:sha256:600000$saltXYZ$hashedvalue,Amit Patel 3621,28,Male,Kolkata,Gujarat,Grocery,2023-10-17,False,True
U03622,user03622,user3622@smartcart.ai,pbkdf2:sha256:600000$saltXYZ$hashedvalue,Amit Patel 3622,19,Other,Delhi,Karnataka,"Health,Toys,Beauty",2025-08-24,False,True
U03623,user03623,user3623@smartcart.ai,pbkdf2:sha256:600000$saltXYZ$hashedvalue,Amit Patel 3623,64,Male,Lucknow,Gujarat,"Grocery,Books",2023-08-11,False,True
U03624,user03624,user3624@smartcart.ai,pbkdf2:sha256:600000$saltXYZ$hashedvalue,Priya Singh 3624,21,Female,Jaipur,Tamil Nadu,Toys,2025-06-27,False,True
U03625,user03625,user3625@smartcart.ai,pbkdf2:sha256:600000$saltXYZ$hashedvalue,Pooja Pillai 3625,35,Female,Kolkata,Delhi,"Home & Kitchen,Toys,Fashion",2025-01-20,False,True
U03626,user03626,user3626@smartcart.ai,pbkdf2:sha256:600000$saltXYZ$hashedvalue,Sneha Gupta 3626,25,Other,Chennai,Gujarat,Sports,2024-02-17,False,True
U03627,user03627,user3627@smartcart.ai,pbkdf2:sha256:600000$saltXYZ$hashedvalue,Rahul Sharma 3627,45,Male,Chandigarh,Tamil Nadu,"Home & Kitchen,Electronics",2024-11-23,False,False
U03628,user03628,user3628@smartcart.ai,pbkdf2:sha256:600000$saltXYZ$hashedvalue,Deepika Nair 3628,22,Other,Hyderabad,West Bengal,"Fashion,Beauty,Grocery,Health",2023-09-30,False,True
U03629,user03629,user3629@smartcart.ai,pbkdf2:sha256:600000$saltXYZ$hashedvalue,Karan Mehta 3629,45,Male,Bangalore,Punjab,"Automotive,Grocery",2025-08-30,False,True
U03630,user03630,user3630@smartcart.ai,pbkdf2:sha256:600000$saltXYZ$hashedvalue,Rahul Sharma 3630,41,Male,Kolkata,Maharashtra,"Fashion,Electronics,Sports,Books",2025-07-25,False,True
U03631,user03631,user3631@smartcart.ai,pbkdf2:sha256:600000$saltXYZ$hashedvalue,Ananya Joshi 3631,32,Female,Delhi,Tamil Nadu,"Home & Kitchen,Grocery",2023-08-26,False,True
U03632,user03632,user3632@smartcart.ai,pbkdf2:sha256:600000$saltXYZ$hashedvalue,Ananya Joshi 3632,62,Other,Lucknow,UP,"Home & Kitchen,Grocery,Automotive,Toys",2025-08-24,False,True
U03633,user03633,user3633@smartcart.ai,pbkdf2:sha256:600000$saltXYZ$hashedvalue,Deepika Nair 3633,61,Female,Hyderabad,Tamil Nadu,Sports,2024-01-30,False,True
U03634,user03634,user3634@smartcart.ai,pbkdf2:sha256:600000$saltXYZ$hashedvalue,Sneha Gupta 3634,64,Other,Chennai,UP,"Books,Electronics,Beauty,Fashion",2026-02-13,False,True
U03635,user03635,user3635@smartcart.ai,pbkdf2:sha256:600000$saltXYZ$hashedvalue,Karan Mehta 3635,56,Male,Chandigarh,Karnataka,Beauty,2024-09-17,False,True
U03636,user03636,user3636@smartcart.ai,pbkdf2:sha256:600000$saltXYZ$hashedvalue,Karan Mehta 3636,63,Female,Surat,Delhi,"Health,Automotive,Electronics",2024-02-02,False,True
U03637,user03637,user3637@smartcart.ai,pbkdf2:sha256:600000$saltXYZ$hashedvalue,Pooja Pillai 3637,34,Other,Ahmedabad,Maharashtra,"Electronics,Sports,Health,Beauty",2025-03-12,False,True
U03638,user03638,user3638@smartcart.ai,pbkdf2:sha256:600000$saltXYZ$hashedvalue,Ananya Joshi 3638,30,Male,Mumbai,Gujarat,"Grocery,Toys",2023-08-30,False,True
U03639,user03639,user3639@smartcart.ai,pbkdf2:sha256:600000$saltXYZ$hashedvalue,Rohit Verma 3639,41,Female,Chandigarh,Maharashtra,Toys,2025-11-02,False,True
U03640,user03640,user3640@smartcart.ai,pbkdf2:sha256:600000$saltXYZ$hashedvalue,Karan Mehta 3640,56,Other,Chandigarh,Punjab,"Electronics,Toys,Home & Kitchen,Sports",2026-04-01,False,True
U03641,user03641,user3641@smartcart.ai,pbkdf2:sha256:600000$saltXYZ$hashedvalue,Sneha Gupta 3641,52,Female,Chandigarh,Telangana,"Books,Toys,Sports,Electronics",2024-11-27,False,True
U03642,user03642,user3642@smartcart.ai,pbkdf2:sha256:600000$saltXYZ$hashedvalue,Ananya Joshi 3642,50,Male,Kolkata,Telangana,"Fashion,Automotive",2026-02-01,False,True
U03643,user03643,user3643@smartcart.ai,pbkdf2:sha256:600000$saltXYZ$hashedvalue,Rahul Sharma 3643,33,Male,Chennai,Gujarat,"Books,Health,Grocery",2026-01-26,False,True
U03644,user03644,user3644@smartcart.ai,pbkdf2:sha256:600000$saltXYZ$hashedvalue,Deepika Nair 3644,30,Male,Kolkata,Karnataka,"Sports,Electronics,Toys,Grocery",2025-06-07,False,True
U03645,user03645,user3645@smartcart.ai,pbkdf2:sha256:600000$saltXYZ$hashedvalue,Vijay Kumar 3645,64,Other,Hyderabad,Rajasthan,"Fashion,Toys",2024-11-05,False,True
U03646,user03646,user3646@smartcart.ai,pbkdf2:sha256:600000$saltXYZ$hashedvalue,Priya Singh 3646,54,Male,Bangalore,Gujarat,Electronics,2024-10-20,False,True
U03647,user03647,user3647@smartcart.ai,pbkdf2:sha256:600000$saltXYZ$hashedvalue,Deepika Nair 3647,65,Female,Lucknow,Maharashtra,"Grocery,Sports,Books",2023-08-30,False,True
U03648,user03648,user3648@smartcart.ai,pbkdf2:sha256:600000$saltXYZ$hashedvalue,Karan Mehta 3648,61,Male,Kolkata,West Bengal,"Grocery,Fashion,Beauty",2025-05-23,False,True
U03649,user03649,user3649@smartcart.ai,pbkdf2:sha256:600000$saltXYZ$hashedvalue,Ananya Joshi 3649,26,Female,Surat,Maharashtra,"Electronics,Health",2026-04-14,False,True
U03650,user03650,user3650@smartcart.ai,pbkdf2:sha256:600000$saltXYZ$hashedvalue,Rohit Verma 3650,35,Other,Lucknow,Telangana,"Beauty,Home & Kitchen,Automotive",2024-09-30,False,True
U03651,user03651,user3651@smartcart.ai,pbkdf2:sha256:600000$saltXYZ$hashedvalue,Vijay Kumar 3651,32,Other,Pune,Telangana,Beauty,2024-06-23,False,True
U03652,user03652,user3652@smartcart.ai,pbkdf2:sha256:600000$saltXYZ$hashedvalue,Deepika Nair 3652,58,Other,Jaipur,Telangana,"Health,Home & Kitchen,Fashion",2025-07-27,False,True
U03653,user03653,user3653@smartcart.ai,pbkdf2:sha256:600000$saltXYZ$hashedvalue,Sneha Gupta 3653,54,Female,Delhi,West Bengal,"Toys,Sports,Books",2025-09-06,False,True
U03654,user03654,user3654@smartcart.ai,pbkdf2:sha256:600000$saltXYZ$hashedvalue,Priya Singh 3654,54,Female,Chandigarh,West Bengal,"Automotive,Electronics",2025-11-29,False,True
U03655,user03655,user3655@smartcart.ai,pbkdf2:sha256:600000$saltXYZ$hashedvalue,Amit Patel 3655,30,Female,Chandigarh,Telangana,"Home & Kitchen,Health",2025-03-28,False,True
U03656,user03656,user3656@smartcart.ai,pbkdf2:sha256:600000$saltXYZ$hashedvalue,Rahul Sharma 3656,53,Other,Ahmedabad,Karnataka,"Grocery,Home & Kitchen,Fashion",2024-10-10,False,True
U03657,user03657,user3657@smartcart.ai,pbkdf2:sha256:600000$saltXYZ$hashedvalue,Rahul Sharma 3657,44,Other,Chandigarh,Delhi,"Sports,Grocery,Toys,Home & Kitchen",2025-03-01,False,True
U03658,user03658,user3658@smartcart.ai,pbkdf2:sha256:600000$saltXYZ$hashedvalue,Rohit Verma 3658,53,Male,Jaipur,West Bengal,"Automotive,Books",2025-12-04,False,False
U03659,user03659,user3659@smartcart.ai,pbkdf2:sha256:600000$saltXYZ$hashedvalue,Karan Mehta 3659,44,Male,Chennai,UP,"Automotive,Grocery",2023-06-03,False,True
U03660,user03660,user3660@smartcart.ai,pbkdf2:sha256:600000$saltXYZ$hashedvalue,Pooja Pillai 3660,55,Female,Jaipur,Tamil Nadu,"Automotive,Electronics,Books,Health",2025-02-26,False,True
U03661,user03661,user3661@smartcart.ai,pbkdf2:sha256:600000$saltXYZ$hashedvalue,Amit Patel 3661,21,Female,Mumbai,Punjab,"Toys,Electronics,Fashion",2023-09-18,False,True
U03662,user03662,user3662@smartcart.ai,pbkdf2:sha256:600000$saltXYZ$hashedvalue,Amit Patel 3662,47,Female,Kolkata,Rajasthan,"Electronics,Home & Kitchen,Sports,Fashion",2026-03-23,False,True
U03663,user03663,user3663@smartcart.ai,pbkdf2:sha256:600000$saltXYZ$hashedvalue,Amit Patel 3663,57,Male,Chennai,Karnataka,Sports,2024-07-01,False,True
U03664,user03664,user3664@smartcart.ai,pbkdf2:sha256:600000$saltXYZ$hashedvalue,Rohit Verma 3664,65,Female,Pune,Maharashtra,"Health,Books,Beauty",2023-11-06,False,True
U03665,user03665,user3665@smartcart.ai,pbkdf2:sha256:600000$saltXYZ$hashedvalue,Deepika Nair 3665,47,Female,Chennai,Telangana,"Fashion,Toys,Automotive,Beauty",2026-02-06,False,True
U03666,user03666,user3666@smartcart.ai,pbkdf2:sha256:600000$saltXYZ$hashedvalue,Sneha Gupta 3666,21,Female,Bangalore,UP,Grocery,2025-03-21,False,True
U03667,user03667,user3667@smartcart.ai,pbkdf2:sha256:600000$saltXYZ$hashedvalue,Sneha Gupta 3667,53,Other,Hyderabad,Delhi,"Books,Beauty,Sports,Toys",2025-05-16,False,True
U03668,user03668,user3668@smartcart.ai,pbkdf2:sha256:600000$saltXYZ$hashedvalue,Rahul Sharma 3668,55,Male,Ahmedabad,Telangana,"Fashion,Electronics",2024-02-07,False,True
U03669,user03669,user3669@smartcart.ai,pbkdf2:sha256:600000$saltXYZ$hashedvalue,Pooja Pillai 3669,48,Male,Jaipur,Delhi,"Electronics,Toys,Health",2025-07-10,False,True
U03670,user03670,user3670@smartcart.ai,pbkdf2:sha256:600000$saltXYZ$hashedvalue,Rohit Verma 3670,24,Female,Chandigarh,Delhi,"Grocery,Books,Home & Kitchen",2024-05-21,False,True
U03671,user03671,user3671@smartcart.ai,pbkdf2:sha256:600000$saltXYZ$hashedvalue,Vijay Kumar 3671,63,Other,Delhi,West Bengal,Health,2025-02-19,False,True
U03672,user03672,user3672@smartcart.ai,pbkdf2:sha256:600000$saltXYZ$hashedvalue,Karan Mehta 3672,56,Other,Ahmedabad,UP,"Automotive,Toys,Beauty,Electronics",2023-05-11,False,True
U03673,user03673,user3673@smartcart.ai,pbkdf2:sha256:600000$saltXYZ$hashedvalue,Priya Singh 3673,59,Other,Surat,Delhi,"Fashion,Toys,Home & Kitchen,Automotive",2024-10-24,False,True
U03674,user03674,user3674@smartcart.ai,pbkdf2:sha256:600000$saltXYZ$hashedvalue,Ananya Joshi 3674,30,Male,Lucknow,Punjab,"Grocery,Health,Sports,Automotive",2023-10-29,False,True
U03675,user03675,user3675@smartcart.ai,pbkdf2:sha256:600000$saltXYZ$hashedvalue,Karan Mehta 3675,18,Male,Chennai,UP,"Electronics,Fashion,Toys",2025-08-29,False,True
U03676,user03676,user3676@smartcart.ai,pbkdf2:sha256:600000$saltXYZ$hashedvalue,Amit Patel 3676,41,Male,Bangalore,Delhi,"Sports,Automotive,Toys,Electronics",2026-02-02,False,True
U03677,user03677,user3677@smartcart.ai,pbkdf2:sha256:600000$saltXYZ$hashedvalue,Rahul Sharma 3677,20,Female,Ahmedabad,Delhi,"Beauty,Health,Electronics,Books",2025-12-16,False,True
U03678,user03678,user3678@smartcart.ai,pbkdf2:sha256:600000$saltXYZ$hashedvalue,Ananya Joshi 3678,18,Male,Lucknow,West Bengal,"Automotive,Sports,Toys",2023-05-30,False,True
U03679,user03679,user3679@smartcart.ai,pbkdf2:sha256:600000$saltXYZ$hashedvalue,Sneha Gupta 3679,53,Male,Delhi,Maharashtra,Beauty,2025-02-09,False,True
U03680,user03680,user3680@smartcart.ai,pbkdf2:sha256:600000$saltXYZ$hashedvalue,Priya Singh 3680,24,Male,Kolkata,Rajasthan,"Toys,Grocery,Beauty,Health",2023-05-15,False,True
U03681,user03681,user3681@smartcart.ai,pbkdf2:sha256:600000$saltXYZ$hashedvalue,Deepika Nair 3681,60,Other,Pune,West Bengal,"Books,Electronics,Toys",2025-06-24,False,True
U03682,user03682,user3682@smartcart.ai,pbkdf2:sha256:600000$saltXYZ$hashedvalue,Pooja Pillai 3682,49,Male,Bangalore,Gujarat,Automotive,2024-09-20,False,True
U03683,user03683,user3683@smartcart.ai,pbkdf2:sha256:600000$saltXYZ$hashedvalue,Rahul Sharma 3683,38,Male,Kolkata,Maharashtra,"Automotive,Books,Electronics",2023-11-24,False,True
U03684,user03684,user3684@smartcart.ai,pbkdf2:sha256:600000$saltXYZ$hashedvalue,Priya Singh 3684,53,Male,Hyderabad,Punjab,"Toys,Books",2025-11-18,False,True
U03685,user03685,user3685@smartcart.ai,pbkdf2:sha256:600000$saltXYZ$hashedvalue,Rohit Verma 3685,52,Female,Jaipur,Tamil Nadu,"Fashion,Toys",2023-11-17,False,True
U03686,user03686,user3686@smartcart.ai,pbkdf2:sha256:600000$saltXYZ$hashedvalue,Sneha Gupta 3686,40,Other,Chandigarh,Punjab,Health,2023-08-31,False,True
U03687,user03687,user3687@smartcart.ai,pbkdf2:sha256:600000$saltXYZ$hashedvalue,Ananya Joshi 3687,54,Male,Hyderabad,Telangana,"Home & Kitchen,Grocery,Electronics",2024-01-07,False,True
U03688,user03688,user3688@smartcart.ai,pbkdf2:sha256:600000$saltXYZ$hashedvalue,Pooja Pillai 3688,44,Other,Lucknow,West Bengal,"Home & Kitchen,Health",2023-07-12,False,True
U03689,user03689,user3689@smartcart.ai,pbkdf2:sha256:600000$saltXYZ$hashedvalue,Priya Singh 3689,26,Female,Chandigarh,Punjab,Beauty,2024-03-02,False,True
U03690,user03690,user3690@smartcart.ai,pbkdf2:sha256:600000$saltXYZ$hashedvalue,Pooja Pillai 3690,30,Female,Surat,Tamil Nadu,Health,2026-03-19,False,True
U03691,user03691,user3691@smartcart.ai,pbkdf2:sha256:600000$saltXYZ$hashedvalue,Sneha Gupta 3691,64,Other,Chennai,UP,"Toys,Beauty",2026-02-15,False,True
U03692,user03692,user3692@smartcart.ai,pbkdf2:sha256:600000$saltXYZ$hashedvalue,Amit Patel 3692,44,Male,Lucknow,West Bengal,"Home & Kitchen,Automotive",2023-12-05,False,True
U03693,user03693,user3693@smartcart.ai,pbkdf2:sha256:600000$saltXYZ$hashedvalue,Deepika Nair 3693,50,Female,Chennai,Rajasthan,"Automotive,Grocery,Toys",2025-07-03,False,True
U03694,user03694,user3694@smartcart.ai,pbkdf2:sha256:600000$saltXYZ$hashedvalue,Sneha Gupta 3694,57,Female,Kolkata,Punjab,Grocery,2026-01-09,False,True
U03695,user03695,user3695@smartcart.ai,pbkdf2:sha256:600000$saltXYZ$hashedvalue,Pooja Pillai 3695,37,Male,Hyderabad,Gujarat,"Grocery,Electronics",2023-07-24,False,True
U03696,user03696,user3696@smartcart.ai,pbkdf2:sha256:600000$saltXYZ$hashedvalue,Priya Singh 3696,22,Female,Bangalore,Karnataka,"Automotive,Health,Books,Fashion",2024-11-29,False,True
U03697,user03697,user3697@smartcart.ai,pbkdf2:sha256:600000$saltXYZ$hashedvalue,Rahul Sharma 3697,25,Other,Chennai,Gujarat,"Grocery,Electronics,Books,Fashion",2025-05-04,False,True
U03698,user03698,user3698@smartcart.ai,pbkdf2:sha256:600000$saltXYZ$hashedvalue,Ananya Joshi 3698,45,Other,Delhi,Delhi,"Grocery,Sports",2026-03-22,False,True
U03699,user03699,user3699@smartcart.ai,pbkdf2:sha256:600000$saltXYZ$hashedvalue,Ananya Joshi 3699,57,Female,Ahmedabad,Delhi,"Automotive,Grocery,Health",2024-03-29,False,True
U03700,user03700,user3700@smartcart.ai,pbkdf2:sha256:600000$saltXYZ$hashedvalue,Karan Mehta 3700,56,Female,Ahmedabad,Telangana,Fashion,2024-08-16,False,True
U03701,user03701,user3701@smartcart.ai,pbkdf2:sha256:600000$saltXYZ$hashedvalue,Vijay Kumar 3701,52,Male,Pune,Tamil Nadu,"Grocery,Beauty",2024-03-23,False,True
U03702,user03702,user3702@smartcart.ai,pbkdf2:sha256:600000$saltXYZ$hashedvalue,Amit Patel 3702,33,Other,Ahmedabad,Punjab,"Health,Beauty,Sports,Grocery",2026-04-17,False,True
U03703,user03703,user3703@smartcart.ai,pbkdf2:sha256:600000$saltXYZ$hashedvalue,Pooja Pillai 3703,33,Male,Delhi,Karnataka,Grocery,2024-04-26,False,False
U03704,user03704,user3704@smartcart.ai,pbkdf2:sha256:600000$saltXYZ$hashedvalue,Ananya Joshi 3704,28,Male,Mumbai,Karnataka,"Sports,Home & Kitchen",2025-12-23,False,True
U03705,user03705,user3705@smartcart.ai,pbkdf2:sha256:600000$saltXYZ$hashedvalue,Pooja Pillai 3705,46,Female,Pune,Gujarat,"Toys,Beauty",2026-01-05,False,True
U03706,user03706,user3706@smartcart.ai,pbkdf2:sha256:600000$saltXYZ$hashedvalue,Rohit Verma 3706,53,Other,Surat,West Bengal,"Automotive,Books,Grocery",2025-12-31,False,True
U03707,user03707,user3707@smartcart.ai,pbkdf2:sha256:600000$saltXYZ$hashedvalue,Vijay Kumar 3707,46,Female,Delhi,Tamil Nadu,"Grocery,Books,Beauty",2026-01-16,False,True
U03708,user03708,user3708@smartcart.ai,pbkdf2:sha256:600000$saltXYZ$hashedvalue,Rohit Verma 3708,45,Male,Chennai,Maharashtra,"Sports,Grocery,Books,Automotive",2026-01-31,False,True
U03709,user03709,user3709@smartcart.ai,pbkdf2:sha256:600000$saltXYZ$hashedvalue,Amit Patel 3709,36,Male,Pune,Tamil Nadu,"Fashion,Beauty",2024-09-14,False,True
U03710,user03710,user3710@smartcart.ai,pbkdf2:sha256:600000$saltXYZ$hashedvalue,Pooja Pillai 3710,39,Other,Chennai,UP,"Fashion,Home & Kitchen,Books",2023-11-09,False,True
U03711,user03711,user3711@smartcart.ai,pbkdf2:sha256:600000$saltXYZ$hashedvalue,Ananya Joshi 3711,58,Male,Surat,Tamil Nadu,"Beauty,Health,Toys,Sports",2024-05-15,False,True
U03712,user03712,user3712@smartcart.ai,pbkdf2:sha256:600000$saltXYZ$hashedvalue,Pooja Pillai 3712,35,Male,Hyderabad,UP,"Electronics,Grocery",2025-01-09,False,True
U03713,user03713,user3713@smartcart.ai,pbkdf2:sha256:600000$saltXYZ$hashedvalue,Deepika Nair 3713,39,Other,Bangalore,Rajasthan,Sports,2024-12-29,False,True
U03714,user03714,user3714@smartcart.ai,pbkdf2:sha256:600000$saltXYZ$hashedvalue,Priya Singh 3714,42,Male,Chennai,Rajasthan,Fashion,2023-05-13,False,True
U03715,user03715,user3715@smartcart.ai,pbkdf2:sha256:600000$saltXYZ$hashedvalue,Karan Mehta 3715,18,Other,Pune,Maharashtra,"Books,Beauty,Grocery",2025-01-10,False,True
U03716,user03716,user3716@smartcart.ai,pbkdf2:sha256:600000$saltXYZ$hashedvalue,Pooja Pillai 3716,60,Female,Jaipur,Gujarat,"Grocery,Sports",2023-11-01,False,True
U03717,user03717,user3717@smartcart.ai,pbkdf2:sha256:600000$saltXYZ$hashedvalue,Rohit Verma 3717,37,Other,Ahmedabad,UP,Fashion,2025-06-10,False,True
U03718,user03718,user3718@smartcart.ai,pbkdf2:sha256:600000$saltXYZ$hashedvalue,Deepika Nair 3718,57,Female,Chennai,Karnataka,"Beauty,Automotive,Sports",2024-07-26,False,False
U03719,user03719,user3719@smartcart.ai,pbkdf2:sha256:600000$saltXYZ$hashedvalue,Pooja Pillai 3719,28,Female,Mumbai,Tamil Nadu,"Sports,Automotive,Books",2023-06-19,False,True
U03720,user03720,user3720@smartcart.ai,pbkdf2:sha256:600000$saltXYZ$hashedvalue,Priya Singh 3720,48,Female,Mumbai,Karnataka,"Health,Books,Beauty,Electronics",2023-12-07,False,True
U03721,user03721,user3721@smartcart.ai,pbkdf2:sha256:600000$saltXYZ$hashedvalue,Sneha Gupta 3721,23,Female,Lucknow,Delhi,Fashion,2023-06-15,False,True
U03722,user03722,user3722@smartcart.ai,pbkdf2:sha256:600000$saltXYZ$hashedvalue,Ananya Joshi 3722,62,Male,Hyderabad,UP,"Home & Kitchen,Fashion",2024-10-02,False,True
U03723,user03723,user3723@smartcart.ai,pbkdf2:sha256:600000$saltXYZ$hashedvalue,Sneha Gupta 3723,59,Female,Bangalore,Delhi,"Electronics,Beauty",2024-04-10,False,True
U03724,user03724,user3724@smartcart.ai,pbkdf2:sha256:600000$saltXYZ$hashedvalue,Deepika Nair 3724,50,Male,Kolkata,Karnataka,"Beauty,Automotive,Grocery,Sports",2023-12-15,False,True
U03725,user03725,user3725@smartcart.ai,pbkdf2:sha256:600000$saltXYZ$hashedvalue,Sneha Gupta 3725,24,Female,Kolkata,Karnataka,Sports,2023-08-11,False,True
U03726,user03726,user3726@smartcart.ai,pbkdf2:sha256:600000$saltXYZ$hashedvalue,Deepika Nair 3726,36,Other,Surat,Karnataka,"Toys,Electronics,Books",2023-07-21,False,True
U03727,user03727,user3727@smartcart.ai,pbkdf2:sha256:600000$saltXYZ$hashedvalue,Priya Singh 3727,35,Other,Bangalore,Maharashtra,"Health,Toys,Grocery",2025-02-07,False,True
U03728,user03728,user3728@smartcart.ai,pbkdf2:sha256:600000$saltXYZ$hashedvalue,Rohit Verma 3728,41,Male,Kolkata,UP,"Books,Fashion,Sports",2023-11-12,False,True
U03729,user03729,user3729@smartcart.ai,pbkdf2:sha256:600000$saltXYZ$hashedvalue,Rahul Sharma 3729,32,Female,Pune,West Bengal,"Sports,Automotive,Health",2024-12-07,False,True
U03730,user03730,user3730@smartcart.ai,pbkdf2:sha256:600000$saltXYZ$hashedvalue,Rohit Verma 3730,39,Other,Jaipur,Maharashtra,"Fashion,Home & Kitchen,Books,Grocery",2026-02-23,False,True
U03731,user03731,user3731@smartcart.ai,pbkdf2:sha256:600000$saltXYZ$hashedvalue,Rohit Verma 3731,41,Other,Delhi,Tamil Nadu,"Books,Sports",2025-04-04,False,True
U03732,user03732,user3732@smartcart.ai,pbkdf2:sha256:600000$saltXYZ$hashedvalue,Pooja Pillai 3732,20,Female,Mumbai,West Bengal,Health,2025-11-12,False,True
U03733,user03733,user3733@smartcart.ai,pbkdf2:sha256:600000$saltXYZ$hashedvalue,Vijay Kumar 3733,54,Female,Chandigarh,Telangana,"Books,Automotive,Home & Kitchen,Fashion",2025-09-12,False,True
U03734,user03734,user3734@smartcart.ai,pbkdf2:sha256:600000$saltXYZ$hashedvalue,Sneha Gupta 3734,44,Male,Delhi,Punjab,Electronics,2024-09-04,False,True
U03735,user03735,user3735@smartcart.ai,pbkdf2:sha256:600000$saltXYZ$hashedvalue,Priya Singh 3735,37,Other,Surat,Punjab,Grocery,2023-08-22,False,True
U03736,user03736,user3736@smartcart.ai,pbkdf2:sha256:600000$saltXYZ$hashedvalue,Karan Mehta 3736,20,Male,Surat,Punjab,"Books,Grocery",2023-11-30,False,True
U03737,user03737,user3737@smartcart.ai,pbkdf2:sha256:600000$saltXYZ$hashedvalue,Karan Mehta 3737,48,Other,Delhi,Rajasthan,Automotive,2025-01-03,False,True
U03738,user03738,user3738@smartcart.ai,pbkdf2:sha256:600000$saltXYZ$hashedvalue,Priya Singh 3738,36,Male,Chandigarh,Delhi,Grocery,2024-06-14,False,True
U03739,user03739,user3739@smartcart.ai,pbkdf2:sha256:600000$saltXYZ$hashedvalue,Pooja Pillai 3739,63,Female,Ahmedabad,Gujarat,"Automotive,Grocery,Beauty",2024-06-13,False,True
U03740,user03740,user3740@smartcart.ai,pbkdf2:sha256:600000$saltXYZ$hashedvalue,Ananya Joshi 3740,50,Male,Pune,Punjab,"Books,Grocery",2023-10-16,False,True
U03741,user03741,user3741@smartcart.ai,pbkdf2:sha256:600000$saltXYZ$hashedvalue,Vijay Kumar 3741,54,Male,Bangalore,Maharashtra,"Automotive,Home & Kitchen",2023-05-29,False,True
U03742,user03742,user3742@smartcart.ai,pbkdf2:sha256:600000$saltXYZ$hashedvalue,Priya Singh 3742,28,Female,Bangalore,Delhi,"Beauty,Health,Fashion,Electronics",2023-12-16,False,True
U03743,user03743,user3743@smartcart.ai,pbkdf2:sha256:600000$saltXYZ$hashedvalue,Amit Patel 3743,52,Male,Chandigarh,Maharashtra,"Toys,Grocery,Sports",2026-01-14,False,True
U03744,user03744,user3744@smartcart.ai,pbkdf2:sha256:600000$saltXYZ$hashedvalue,Amit Patel 3744,36,Female,Lucknow,Tamil Nadu,Books,2024-09-21,False,True
U03745,user03745,user3745@smartcart.ai,pbkdf2:sha256:600000$saltXYZ$hashedvalue,Ananya Joshi 3745,59,Female,Delhi,Tamil Nadu,Home & Kitchen,2025-08-13,False,False
U03746,user03746,user3746@smartcart.ai,pbkdf2:sha256:600000$saltXYZ$hashedvalue,Rahul Sharma 3746,19,Other,Bangalore,Maharashtra,"Sports,Health,Electronics,Books",2023-08-31,False,True
U03747,user03747,user3747@smartcart.ai,pbkdf2:sha256:600000$saltXYZ$hashedvalue,Amit Patel 3747,25,Female,Kolkata,Rajasthan,Grocery,2024-09-03,False,True
U03748,user03748,user3748@smartcart.ai,pbkdf2:sha256:600000$saltXYZ$hashedvalue,Pooja Pillai 3748,36,Female,Pune,Delhi,"Grocery,Books,Beauty,Fashion",2025-06-14,False,True
U03749,user03749,user3749@smartcart.ai,pbkdf2:sha256:600000$saltXYZ$hashedvalue,Rohit Verma 3749,55,Male,Chennai,Rajasthan,Books,2025-02-15,False,True
U03750,user03750,user3750@smartcart.ai,pbkdf2:sha256:600000$saltXYZ$hashedvalue,Rahul Sharma 3750,40,Female,Delhi,UP,"Fashion,Home & Kitchen,Grocery",2024-12-08,False,True
U03751,user03751,user3751@smartcart.ai,pbkdf2:sha256:600000$saltXYZ$hashedvalue,Sneha Gupta 3751,35,Female,Jaipur,West Bengal,Books,2024-02-28,False,True
U03752,user03752,user3752@smartcart.ai,pbkdf2:sha256:600000$saltXYZ$hashedvalue,Amit Patel 3752,54,Male,Surat,Maharashtra,"Beauty,Health,Grocery,Automotive",2025-11-15,False,False
U03753,user03753,user3753@smartcart.ai,pbkdf2:sha256:600000$saltXYZ$hashedvalue,Deepika Nair 3753,65,Female,Surat,Delhi,"Sports,Books,Fashion",2023-08-08,False,True
U03754,user03754,user3754@smartcart.ai,pbkdf2:sha256:600000$saltXYZ$hashedvalue,Rohit Verma 3754,65,Other,Kolkata,West Bengal,"Electronics,Beauty,Home & Kitchen",2023-11-18,False,True
U03755,user03755,user3755@smartcart.ai,pbkdf2:sha256:600000$saltXYZ$hashedvalue,Rahul Sharma 3755,38,Other,Pune,Karnataka,"Electronics,Books,Fashion",2026-01-10,False,True
U03756,user03756,user3756@smartcart.ai,pbkdf2:sha256:600000$saltXYZ$hashedvalue,Ananya Joshi 3756,22,Other,Ahmedabad,Karnataka,"Grocery,Home & Kitchen,Books",2023-12-05,False,True
U03757,user03757,user3757@smartcart.ai,pbkdf2:sha256:600000$saltXYZ$hashedvalue,Vijay Kumar 3757,55,Female,Lucknow,UP,"Home & Kitchen,Sports,Electronics",2025-01-05,False,True
U03758,user03758,user3758@smartcart.ai,pbkdf2:sha256:600000$saltXYZ$hashedvalue,Deepika Nair 3758,31,Female,Pune,West Bengal,"Toys,Automotive",2024-12-27,False,True
U03759,user03759,user3759@smartcart.ai,pbkdf2:sha256:600000$saltXYZ$hashedvalue,Amit Patel 3759,18,Female,Bangalore,Rajasthan,Fashion,2023-06-30,False,True
U03760,user03760,user3760@smartcart.ai,pbkdf2:sha256:600000$saltXYZ$hashedvalue,Rohit Verma 3760,61,Other,Mumbai,Punjab,Electronics,2024-07-08,False,True
U03761,user03761,user3761@smartcart.ai,pbkdf2:sha256:600000$saltXYZ$hashedvalue,Vijay Kumar 3761,22,Other,Ahmedabad,Gujarat,"Toys,Sports,Fashion",2025-09-02,False,True
U03762,user03762,user3762@smartcart.ai,pbkdf2:sha256:600000$saltXYZ$hashedvalue,Deepika Nair 3762,23,Male,Hyderabad,Telangana,"Beauty,Fashion",2025-01-12,False,True
U03763,user03763,user3763@smartcart.ai,pbkdf2:sha256:600000$saltXYZ$hashedvalue,Deepika Nair 3763,26,Male,Surat,Maharashtra,Home & Kitchen,2025-04-11,False,True
U03764,user03764,user3764@smartcart.ai,pbkdf2:sha256:600000$saltXYZ$hashedvalue,Rahul Sharma 3764,41,Male,Kolkata,Telangana,"Toys,Sports,Home & Kitchen,Beauty",2026-01-02,False,True
U03765,user03765,user3765@smartcart.ai,pbkdf2:sha256:600000$saltXYZ$hashedvalue,Amit Patel 3765,28,Female,Hyderabad,Maharashtra,"Health,Beauty,Automotive,Grocery",2023-07-11,False,True
U03766,user03766,user3766@smartcart.ai,pbkdf2:sha256:600000$saltXYZ$hashedvalue,Deepika Nair 3766,40,Female,Jaipur,Gujarat,"Grocery,Fashion,Books,Sports",2024-09-25,False,True
U03767,user03767,user3767@smartcart.ai,pbkdf2:sha256:600000$saltXYZ$hashedvalue,Ananya Joshi 3767,52,Other,Bangalore,Telangana,"Fashion,Home & Kitchen",2025-06-11,False,True
U03768,user03768,user3768@smartcart.ai,pbkdf2:sha256:600000$saltXYZ$hashedvalue,Deepika Nair 3768,38,Male,Pune,Punjab,Books,2025-12-05,False,True
U03769,user03769,user3769@smartcart.ai,pbkdf2:sha256:600000$saltXYZ$hashedvalue,Sneha Gupta 3769,56,Female,Surat,Karnataka,"Sports,Automotive,Books",2025-03-03,False,True
U03770,user03770,user3770@smartcart.ai,pbkdf2:sha256:600000$saltXYZ$hashedvalue,Deepika Nair 3770,59,Female,Hyderabad,Gujarat,"Beauty,Toys",2025-08-26,False,True
U03771,user03771,user3771@smartcart.ai,pbkdf2:sha256:600000$saltXYZ$hashedvalue,Rohit Verma 3771,22,Female,Chennai,Gujarat,Fashion,2025-03-16,False,True
U03772,user03772,user3772@smartcart.ai,pbkdf2:sha256:600000$saltXYZ$hashedvalue,Ananya Joshi 3772,34,Female,Jaipur,Maharashtra,"Books,Electronics,Fashion,Automotive",2024-09-14,False,True
U03773,user03773,user3773@smartcart.ai,pbkdf2:sha256:600000$saltXYZ$hashedvalue,Karan Mehta 3773,40,Female,Mumbai,Rajasthan,"Beauty,Toys",2024-12-14,False,True
U03774,user03774,user3774@smartcart.ai,pbkdf2:sha256:600000$saltXYZ$hashedvalue,Ananya Joshi 3774,26,Female,Delhi,Delhi,"Fashion,Toys,Beauty,Electronics",2025-08-19,False,True
U03775,user03775,user3775@smartcart.ai,pbkdf2:sha256:600000$saltXYZ$hashedvalue,Sneha Gupta 3775,65,Female,Pune,Telangana,Electronics,2023-08-05,False,True
U03776,user03776,user3776@smartcart.ai,pbkdf2:sha256:600000$saltXYZ$hashedvalue,Sneha Gupta 3776,25,Male,Mumbai,Tamil Nadu,"Health,Fashion,Automotive,Home & Kitchen",2024-06-05,False,True
U03777,user03777,user3777@smartcart.ai,pbkdf2:sha256:600000$saltXYZ$hashedvalue,Priya Singh 3777,29,Other,Ahmedabad,West Bengal,"Automotive,Grocery,Beauty",2023-07-09,False,False
U03778,user03778,user3778@smartcart.ai,pbkdf2:sha256:600000$saltXYZ$hashedvalue,Ananya Joshi 3778,28,Female,Mumbai,Gujarat,"Electronics,Beauty,Health",2025-09-01,False,True
U03779,user03779,user3779@smartcart.ai,pbkdf2:sha256:600000$saltXYZ$hashedvalue,Ananya Joshi 3779,26,Other,Chennai,Tamil Nadu,Fashion,2023-12-01,False,True
U03780,user03780,user3780@smartcart.ai,pbkdf2:sha256:600000$saltXYZ$hashedvalue,Pooja Pillai 3780,21,Other,Delhi,UP,"Automotive,Beauty",2025-12-20,False,True
U03781,user03781,user3781@smartcart.ai,pbkdf2:sha256:600000$saltXYZ$hashedvalue,Rahul Sharma 3781,18,Female,Hyderabad,UP,"Sports,Toys,Books",2025-07-15,False,True
U03782,user03782,user3782@smartcart.ai,pbkdf2:sha256:600000$saltXYZ$hashedvalue,Ananya Joshi 3782,18,Other,Mumbai,Punjab,"Beauty,Grocery,Health,Electronics",2024-02-06,False,True
U03783,user03783,user3783@smartcart.ai,pbkdf2:sha256:600000$saltXYZ$hashedvalue,Karan Mehta 3783,51,Female,Kolkata,Telangana,"Sports,Books",2024-02-06,False,True
U03784,user03784,user3784@smartcart.ai,pbkdf2:sha256:600000$saltXYZ$hashedvalue,Ananya Joshi 3784,42,Other,Pune,Maharashtra,"Electronics,Fashion,Toys,Automotive",2025-11-16,False,True
U03785,user03785,user3785@smartcart.ai,pbkdf2:sha256:600000$saltXYZ$hashedvalue,Sneha Gupta 3785,44,Male,Chandigarh,Tamil Nadu,"Books,Beauty,Fashion,Sports",2026-04-09,False,True
U03786,user03786,user3786@smartcart.ai,pbkdf2:sha256:600000$saltXYZ$hashedvalue,Amit Patel 3786,42,Female,Mumbai,West Bengal,"Automotive,Toys",2024-01-10,False,True
U03787,user03787,user3787@smartcart.ai,pbkdf2:sha256:600000$saltXYZ$hashedvalue,Amit Patel 3787,50,Other,Hyderabad,UP,"Electronics,Automotive,Health,Beauty",2025-05-16,False,True
U03788,user03788,user3788@smartcart.ai,pbkdf2:sha256:600000$saltXYZ$hashedvalue,Pooja Pillai 3788,45,Female,Lucknow,UP,"Home & Kitchen,Toys",2025-05-10,False,True
U03789,user03789,user3789@smartcart.ai,pbkdf2:sha256:600000$saltXYZ$hashedvalue,Deepika Nair 3789,64,Male,Kolkata,Rajasthan,Fashion,2023-12-20,False,True
U03790,user03790,user3790@smartcart.ai,pbkdf2:sha256:600000$saltXYZ$hashedvalue,Pooja Pillai 3790,47,Female,Mumbai,Maharashtra,"Sports,Health",2024-05-15,False,True
U03791,user03791,user3791@smartcart.ai,pbkdf2:sha256:600000$saltXYZ$hashedvalue,Priya Singh 3791,57,Male,Pune,Tamil Nadu,Automotive,2023-09-28,False,True
U03792,user03792,user3792@smartcart.ai,pbkdf2:sha256:600000$saltXYZ$hashedvalue,Karan Mehta 3792,19,Male,Surat,Rajasthan,"Toys,Beauty,Health",2024-02-24,False,False
U03793,user03793,user3793@smartcart.ai,pbkdf2:sha256:600000$saltXYZ$hashedvalue,Sneha Gupta 3793,32,Other,Lucknow,Rajasthan,Grocery,2024-06-26,False,True
U03794,user03794,user3794@smartcart.ai,pbkdf2:sha256:600000$saltXYZ$hashedvalue,Deepika Nair 3794,58,Female,Delhi,Rajasthan,Toys,2025-07-07,False,True
U03795,user03795,user3795@smartcart.ai,pbkdf2:sha256:600000$saltXYZ$hashedvalue,Karan Mehta 3795,39,Other,Jaipur,Karnataka,Electronics,2024-09-26,False,True
U03796,user03796,user3796@smartcart.ai,pbkdf2:sha256:600000$saltXYZ$hashedvalue,Rohit Verma 3796,50,Other,Bangalore,Punjab,Grocery,2024-02-07,False,True
U03797,user03797,user3797@smartcart.ai,pbkdf2:sha256:600000$saltXYZ$hashedvalue,Amit Patel 3797,34,Male,Delhi,Punjab,"Grocery,Health,Electronics",2025-06-03,False,True
U03798,user03798,user3798@smartcart.ai,pbkdf2:sha256:600000$saltXYZ$hashedvalue,Rahul Sharma 3798,35,Female,Chandigarh,Karnataka,"Grocery,Home & Kitchen,Books,Health",2024-11-12,False,True
U03799,user03799,user3799@smartcart.ai,pbkdf2:sha256:600000$saltXYZ$hashedvalue,Karan Mehta 3799,29,Female,Kolkata,Punjab,Sports,2023-12-12,False,False
U03800,user03800,user3800@smartcart.ai,pbkdf2:sha256:600000$saltXYZ$hashedvalue,Pooja Pillai 3800,30,Female,Hyderabad,UP,"Grocery,Beauty,Fashion,Health",2025-09-03,False,True
U03801,user03801,user3801@smartcart.ai,pbkdf2:sha256:600000$saltXYZ$hashedvalue,Rahul Sharma 3801,33,Male,Jaipur,Rajasthan,Electronics,2024-01-19,False,True
U03802,user03802,user3802@smartcart.ai,pbkdf2:sha256:600000$saltXYZ$hashedvalue,Deepika Nair 3802,53,Male,Bangalore,Maharashtra,Grocery,2023-05-24,False,True
U03803,user03803,user3803@smartcart.ai,pbkdf2:sha256:600000$saltXYZ$hashedvalue,Vijay Kumar 3803,48,Female,Mumbai,Gujarat,"Books,Fashion",2024-01-28,False,True
U03804,user03804,user3804@smartcart.ai,pbkdf2:sha256:600000$saltXYZ$hashedvalue,Karan Mehta 3804,34,Male,Pune,Gujarat,Health,2025-02-04,False,False
U03805,user03805,user3805@smartcart.ai,pbkdf2:sha256:600000$saltXYZ$hashedvalue,Karan Mehta 3805,64,Female,Jaipur,Telangana,"Grocery,Health,Electronics",2025-05-27,False,True
U03806,user03806,user3806@smartcart.ai,pbkdf2:sha256:600000$saltXYZ$hashedvalue,Karan Mehta 3806,29,Other,Surat,Rajasthan,"Health,Home & Kitchen,Grocery,Fashion",2024-09-26,False,True
U03807,user03807,user3807@smartcart.ai,pbkdf2:sha256:600000$saltXYZ$hashedvalue,Deepika Nair 3807,28,Other,Surat,Tamil Nadu,"Toys,Health",2026-02-04,False,True
U03808,user03808,user3808@smartcart.ai,pbkdf2:sha256:600000$saltXYZ$hashedvalue,Rohit Verma 3808,36,Female,Pune,Rajasthan,"Books,Home & Kitchen,Electronics",2024-06-02,False,True
U03809,user03809,user3809@smartcart.ai,pbkdf2:sha256:600000$saltXYZ$hashedvalue,Karan Mehta 3809,48,Male,Chennai,West Bengal,"Electronics,Toys,Home & Kitchen,Sports",2023-06-03,False,True
U03810,user03810,user3810@smartcart.ai,pbkdf2:sha256:600000$saltXYZ$hashedvalue,Ananya Joshi 3810,58,Female,Kolkata,Telangana,"Electronics,Books,Fashion",2024-07-05,False,True
U03811,user03811,user3811@smartcart.ai,pbkdf2:sha256:600000$saltXYZ$hashedvalue,Pooja Pillai 3811,43,Female,Mumbai,Punjab,"Toys,Books",2025-08-24,False,True
U03812,user03812,user3812@smartcart.ai,pbkdf2:sha256:600000$saltXYZ$hashedvalue,Deepika Nair 3812,58,Female,Bangalore,Rajasthan,Grocery,2025-10-12,False,True
U03813,user03813,user3813@smartcart.ai,pbkdf2:sha256:600000$saltXYZ$hashedvalue,Pooja Pillai 3813,58,Male,Lucknow,UP,"Grocery,Books,Home & Kitchen,Automotive",2025-10-26,False,True
U03814,user03814,user3814@smartcart.ai,pbkdf2:sha256:600000$saltXYZ$hashedvalue,Ananya Joshi 3814,61,Other,Mumbai,Delhi,Sports,2025-04-23,False,True
U03815,user03815,user3815@smartcart.ai,pbkdf2:sha256:600000$saltXYZ$hashedvalue,Karan Mehta 3815,54,Male,Mumbai,Punjab,"Health,Electronics,Automotive,Books",2025-01-21,False,True
U03816,user03816,user3816@smartcart.ai,pbkdf2:sha256:600000$saltXYZ$hashedvalue,Amit Patel 3816,65,Other,Surat,Gujarat,"Home & Kitchen,Grocery",2026-03-30,False,False
U03817,user03817,user3817@smartcart.ai,pbkdf2:sha256:600000$saltXYZ$hashedvalue,Deepika Nair 3817,37,Male,Ahmedabad,Karnataka,"Fashion,Sports,Electronics,Books",2026-01-30,False,True
U03818,user03818,user3818@smartcart.ai,pbkdf2:sha256:600000$saltXYZ$hashedvalue,Ananya Joshi 3818,62,Male,Pune,Punjab,"Health,Sports,Beauty,Toys",2024-08-29,False,True
U03819,user03819,user3819@smartcart.ai,pbkdf2:sha256:600000$saltXYZ$hashedvalue,Vijay Kumar 3819,44,Female,Ahmedabad,West Bengal,"Books,Fashion,Home & Kitchen,Toys",2026-03-04,False,True
U03820,user03820,user3820@smartcart.ai,pbkdf2:sha256:600000$saltXYZ$hashedvalue,Vijay Kumar 3820,51,Other,Ahmedabad,UP,"Beauty,Sports,Grocery,Fashion",2024-12-29,False,True
U03821,user03821,user3821@smartcart.ai,pbkdf2:sha256:600000$saltXYZ$hashedvalue,Rahul Sharma 3821,30,Female,Chandigarh,West Bengal,"Sports,Fashion,Automotive",2023-12-14,False,True
U03822,user03822,user3822@smartcart.ai,pbkdf2:sha256:600000$saltXYZ$hashedvalue,Sneha Gupta 3822,21,Female,Ahmedabad,Rajasthan,Home & Kitchen,2025-10-27,False,True
U03823,user03823,user3823@smartcart.ai,pbkdf2:sha256:600000$saltXYZ$hashedvalue,Pooja Pillai 3823,35,Male,Jaipur,Telangana,"Electronics,Home & Kitchen,Sports,Toys",2024-02-21,False,True
U03824,user03824,user3824@smartcart.ai,pbkdf2:sha256:600000$saltXYZ$hashedvalue,Priya Singh 3824,31,Female,Chennai,Telangana,"Home & Kitchen,Sports,Grocery",2024-07-01,False,True
U03825,user03825,user3825@smartcart.ai,pbkdf2:sha256:600000$saltXYZ$hashedvalue,Rahul Sharma 3825,19,Male,Chandigarh,UP,"Automotive,Electronics",2025-05-10,False,True
U03826,user03826,user3826@smartcart.ai,pbkdf2:sha256:600000$saltXYZ$hashedvalue,Deepika Nair 3826,49,Female,Delhi,Maharashtra,Home & Kitchen,2023-11-19,False,False
U03827,user03827,user3827@smartcart.ai,pbkdf2:sha256:600000$saltXYZ$hashedvalue,Vijay Kumar 3827,56,Female,Kolkata,Punjab,"Sports,Toys,Beauty",2024-03-03,False,True
U03828,user03828,user3828@smartcart.ai,pbkdf2:sha256:600000$saltXYZ$hashedvalue,Ananya Joshi 3828,33,Female,Delhi,Maharashtra,"Sports,Home & Kitchen,Health,Automotive",2024-12-20,False,True
U03829,user03829,user3829@smartcart.ai,pbkdf2:sha256:600000$saltXYZ$hashedvalue,Ananya Joshi 3829,62,Other,Lucknow,Rajasthan,"Fashion,Toys,Sports,Home & Kitchen",2025-07-03,False,True
U03830,user03830,user3830@smartcart.ai,pbkdf2:sha256:600000$saltXYZ$hashedvalue,Rohit Verma 3830,27,Other,Delhi,Maharashtra,"Books,Health,Fashion",2023-12-27,False,True
U03831,user03831,user3831@smartcart.ai,pbkdf2:sha256:600000$saltXYZ$hashedvalue,Priya Singh 3831,22,Male,Delhi,Maharashtra,"Automotive,Home & Kitchen",2025-04-18,False,True
U03832,user03832,user3832@smartcart.ai,pbkdf2:sha256:600000$saltXYZ$hashedvalue,Rohit Verma 3832,45,Female,Mumbai,UP,Fashion,2024-12-27,False,True
U03833,user03833,user3833@smartcart.ai,pbkdf2:sha256:600000$saltXYZ$hashedvalue,Ananya Joshi 3833,62,Other,Delhi,Delhi,Electronics,2025-08-22,False,True
U03834,user03834,user3834@smartcart.ai,pbkdf2:sha256:600000$saltXYZ$hashedvalue,Deepika Nair 3834,39,Other,Hyderabad,UP,"Toys,Books",2023-10-05,False,False
U03835,user03835,user3835@smartcart.ai,pbkdf2:sha256:600000$saltXYZ$hashedvalue,Vijay Kumar 3835,41,Other,Ahmedabad,Rajasthan,"Grocery,Toys,Home & Kitchen",2023-11-03,False,True
U03836,user03836,user3836@smartcart.ai,pbkdf2:sha256:600000$saltXYZ$hashedvalue,Ananya Joshi 3836,34,Female,Mumbai,Maharashtra,Health,2025-06-05,False,True
U03837,user03837,user3837@smartcart.ai,pbkdf2:sha256:600000$saltXYZ$hashedvalue,Priya Singh 3837,65,Male,Kolkata,Telangana,"Fashion,Sports,Health",2023-10-09,False,True
U03838,user03838,user3838@smartcart.ai,pbkdf2:sha256:600000$saltXYZ$hashedvalue,Deepika Nair 3838,30,Other,Pune,Karnataka,"Toys,Electronics",2024-05-20,False,True
U03839,user03839,user3839@smartcart.ai,pbkdf2:sha256:600000$saltXYZ$hashedvalue,Priya Singh 3839,19,Other,Ahmedabad,Telangana,"Health,Fashion",2025-05-27,False,True
U03840,user03840,user3840@smartcart.ai,pbkdf2:sha256:600000$saltXYZ$hashedvalue,Vijay Kumar 3840,38,Male,Kolkata,Delhi,"Beauty,Automotive",2025-10-10,False,True
U03841,user03841,user3841@smartcart.ai,pbkdf2:sha256:600000$saltXYZ$hashedvalue,Karan Mehta 3841,45,Other,Surat,Punjab,Grocery,2025-12-23,False,False
U03842,user03842,user3842@smartcart.ai,pbkdf2:sha256:600000$saltXYZ$hashedvalue,Amit Patel 3842,52,Male,Delhi,Punjab,"Grocery,Home & Kitchen,Sports,Beauty",2024-07-09,False,False
U03843,user03843,user3843@smartcart.ai,pbkdf2:sha256:600000$saltXYZ$hashedvalue,Pooja Pillai 3843,31,Female,Lucknow,Punjab,"Beauty,Home & Kitchen",2025-07-08,False,True
U03844,user03844,user3844@smartcart.ai,pbkdf2:sha256:600000$saltXYZ$hashedvalue,Sneha Gupta 3844,25,Male,Chennai,Rajasthan,"Books,Sports,Home & Kitchen,Beauty",2024-05-09,False,True
U03845,user03845,user3845@smartcart.ai,pbkdf2:sha256:600000$saltXYZ$hashedvalue,Rahul Sharma 3845,24,Other,Delhi,Telangana,"Grocery,Toys,Home & Kitchen,Automotive",2025-02-06,False,True
U03846,user03846,user3846@smartcart.ai,pbkdf2:sha256:600000$saltXYZ$hashedvalue,Vijay Kumar 3846,31,Male,Jaipur,Tamil Nadu,"Automotive,Toys",2024-08-13,False,True
U03847,user03847,user3847@smartcart.ai,pbkdf2:sha256:600000$saltXYZ$hashedvalue,Vijay Kumar 3847,62,Other,Chennai,UP,"Health,Beauty",2025-08-21,False,True
U03848,user03848,user3848@smartcart.ai,pbkdf2:sha256:600000$saltXYZ$hashedvalue,Deepika Nair 3848,39,Other,Kolkata,Tamil Nadu,Home & Kitchen,2025-07-16,False,True
U03849,user03849,user3849@smartcart.ai,pbkdf2:sha256:600000$saltXYZ$hashedvalue,Sneha Gupta 3849,55,Female,Ahmedabad,Delhi,"Home & Kitchen,Automotive,Toys,Fashion",2024-04-20,False,True
U03850,user03850,user3850@smartcart.ai,pbkdf2:sha256:600000$saltXYZ$hashedvalue,Priya Singh 3850,60,Female,Delhi,Maharashtra,"Toys,Home & Kitchen",2023-05-03,False,True
U03851,user03851,user3851@smartcart.ai,pbkdf2:sha256:600000$saltXYZ$hashedvalue,Pooja Pillai 3851,52,Other,Jaipur,Delhi,Toys,2023-07-17,False,False
U03852,user03852,user3852@smartcart.ai,pbkdf2:sha256:600000$saltXYZ$hashedvalue,Deepika Nair 3852,56,Female,Jaipur,Telangana,Beauty,2025-02-19,False,True
U03853,user03853,user3853@smartcart.ai,pbkdf2:sha256:600000$saltXYZ$hashedvalue,Vijay Kumar 3853,36,Female,Mumbai,Gujarat,Fashion,2024-10-08,False,True
U03854,user03854,user3854@smartcart.ai,pbkdf2:sha256:600000$saltXYZ$hashedvalue,Priya Singh 3854,18,Other,Bangalore,Rajasthan,"Fashion,Sports,Toys",2025-08-23,False,True
U03855,user03855,user3855@smartcart.ai,pbkdf2:sha256:600000$saltXYZ$hashedvalue,Sneha Gupta 3855,50,Other,Mumbai,Maharashtra,"Electronics,Automotive,Beauty,Home & Kitchen",2025-01-19,False,True
U03856,user03856,user3856@smartcart.ai,pbkdf2:sha256:600000$saltXYZ$hashedvalue,Rohit Verma 3856,31,Female,Surat,Gujarat,"Beauty,Electronics,Grocery,Sports",2025-01-14,False,True
U03857,user03857,user3857@smartcart.ai,pbkdf2:sha256:600000$saltXYZ$hashedvalue,Karan Mehta 3857,53,Female,Jaipur,Delhi,"Sports,Beauty",2023-07-17,False,True
U03858,user03858,user3858@smartcart.ai,pbkdf2:sha256:600000$saltXYZ$hashedvalue,Ananya Joshi 3858,64,Male,Chennai,Telangana,"Health,Home & Kitchen",2024-04-01,False,True
U03859,user03859,user3859@smartcart.ai,pbkdf2:sha256:600000$saltXYZ$hashedvalue,Vijay Kumar 3859,34,Other,Lucknow,Tamil Nadu,Grocery,2024-07-07,False,False
U03860,user03860,user3860@smartcart.ai,pbkdf2:sha256:600000$saltXYZ$hashedvalue,Sneha Gupta 3860,24,Male,Chandigarh,UP,"Books,Electronics",2023-10-24,False,True
U03861,user03861,user3861@smartcart.ai,pbkdf2:sha256:600000$saltXYZ$hashedvalue,Karan Mehta 3861,54,Male,Hyderabad,Karnataka,"Health,Fashion,Home & Kitchen,Beauty",2024-06-30,False,True
U03862,user03862,user3862@smartcart.ai,pbkdf2:sha256:600000$saltXYZ$hashedvalue,Ananya Joshi 3862,64,Female,Lucknow,West Bengal,"Automotive,Fashion",2024-07-07,False,True
U03863,user03863,user3863@smartcart.ai,pbkdf2:sha256:600000$saltXYZ$hashedvalue,Deepika Nair 3863,26,Male,Kolkata,Karnataka,Grocery,2025-01-22,False,True
U03864,user03864,user3864@smartcart.ai,pbkdf2:sha256:600000$saltXYZ$hashedvalue,Amit Patel 3864,22,Female,Bangalore,Telangana,"Home & Kitchen,Automotive,Beauty,Electronics",2025-06-13,False,True
U03865,user03865,user3865@smartcart.ai,pbkdf2:sha256:600000$saltXYZ$hashedvalue,Pooja Pillai 3865,60,Other,Hyderabad,Maharashtra,Fashion,2024-09-08,False,True
U03866,user03866,user3866@smartcart.ai,pbkdf2:sha256:600000$saltXYZ$hashedvalue,Priya Singh 3866,36,Female,Lucknow,Tamil Nadu,"Home & Kitchen,Beauty,Toys",2026-02-03,False,True
U03867,user03867,user3867@smartcart.ai,pbkdf2:sha256:600000$saltXYZ$hashedvalue,Ananya Joshi 3867,26,Other,Kolkata,Punjab,"Automotive,Fashion,Books,Toys",2024-12-16,False,True
U03868,user03868,user3868@smartcart.ai,pbkdf2:sha256:600000$saltXYZ$hashedvalue,Deepika Nair 3868,33,Other,Delhi,Maharashtra,Fashion,2023-06-27,False,True
U03869,user03869,user3869@smartcart.ai,pbkdf2:sha256:600000$saltXYZ$hashedvalue,Vijay Kumar 3869,21,Male,Jaipur,Telangana,"Automotive,Health,Books,Toys",2024-05-04,False,True
U03870,user03870,user3870@smartcart.ai,pbkdf2:sha256:600000$saltXYZ$hashedvalue,Karan Mehta 3870,34,Other,Jaipur,West Bengal,"Toys,Books,Home & Kitchen,Electronics",2024-07-10,False,True
U03871,user03871,user3871@smartcart.ai,pbkdf2:sha256:600000$saltXYZ$hashedvalue,Amit Patel 3871,44,Other,Pune,Punjab,"Toys,Grocery",2025-09-05,False,True
U03872,user03872,user3872@smartcart.ai,pbkdf2:sha256:600000$saltXYZ$hashedvalue,Pooja Pillai 3872,57,Female,Kolkata,Telangana,"Beauty,Toys,Grocery,Electronics",2025-08-21,False,True
U03873,user03873,user3873@smartcart.ai,pbkdf2:sha256:600000$saltXYZ$hashedvalue,Priya Singh 3873,41,Male,Jaipur,Karnataka,"Electronics,Sports",2025-10-22,False,True
U03874,user03874,user3874@smartcart.ai,pbkdf2:sha256:600000$saltXYZ$hashedvalue,Priya Singh 3874,47,Other,Lucknow,Rajasthan,"Electronics,Fashion,Sports,Books",2023-12-05,False,True
U03875,user03875,user3875@smartcart.ai,pbkdf2:sha256:600000$saltXYZ$hashedvalue,Priya Singh 3875,28,Other,Pune,Maharashtra,"Home & Kitchen,Sports,Books,Automotive",2025-06-26,False,True
U03876,user03876,user3876@smartcart.ai,pbkdf2:sha256:600000$saltXYZ$hashedvalue,Pooja Pillai 3876,43,Other,Jaipur,Karnataka,"Books,Home & Kitchen,Toys",2024-01-08,False,True
U03877,user03877,user3877@smartcart.ai,pbkdf2:sha256:600000$saltXYZ$hashedvalue,Pooja Pillai 3877,21,Female,Chandigarh,West Bengal,"Sports,Health,Books",2024-07-18,False,True
U03878,user03878,user3878@smartcart.ai,pbkdf2:sha256:600000$saltXYZ$hashedvalue,Ananya Joshi 3878,37,Male,Ahmedabad,Delhi,"Home & Kitchen,Electronics",2024-10-24,False,True
U03879,user03879,user3879@smartcart.ai,pbkdf2:sha256:600000$saltXYZ$hashedvalue,Deepika Nair 3879,42,Male,Chennai,Karnataka,Health,2025-12-31,False,True
U03880,user03880,user3880@smartcart.ai,pbkdf2:sha256:600000$saltXYZ$hashedvalue,Deepika Nair 3880,52,Male,Ahmedabad,Rajasthan,Beauty,2023-07-21,False,True
U03881,user03881,user3881@smartcart.ai,pbkdf2:sha256:600000$saltXYZ$hashedvalue,Pooja Pillai 3881,64,Other,Ahmedabad,UP,Beauty,2025-07-11,False,False
U03882,user03882,user3882@smartcart.ai,pbkdf2:sha256:600000$saltXYZ$hashedvalue,Rahul Sharma 3882,36,Female,Delhi,Gujarat,"Toys,Health,Beauty,Sports",2024-10-03,False,True
U03883,user03883,user3883@smartcart.ai,pbkdf2:sha256:600000$saltXYZ$hashedvalue,Ananya Joshi 3883,41,Other,Delhi,West Bengal,"Fashion,Books",2025-08-31,False,True
U03884,user03884,user3884@smartcart.ai,pbkdf2:sha256:600000$saltXYZ$hashedvalue,Vijay Kumar 3884,24,Other,Ahmedabad,West Bengal,"Books,Grocery",2026-03-20,False,True
U03885,user03885,user3885@smartcart.ai,pbkdf2:sha256:600000$saltXYZ$hashedvalue,Karan Mehta 3885,44,Other,Delhi,Delhi,"Sports,Electronics,Home & Kitchen",2025-01-11,False,True
U03886,user03886,user3886@smartcart.ai,pbkdf2:sha256:600000$saltXYZ$hashedvalue,Sneha Gupta 3886,62,Other,Delhi,Telangana,"Sports,Grocery,Electronics",2025-10-29,False,True
U03887,user03887,user3887@smartcart.ai,pbkdf2:sha256:600000$saltXYZ$hashedvalue,Vijay Kumar 3887,53,Female,Jaipur,Gujarat,"Beauty,Automotive,Fashion,Grocery",2025-08-26,False,True
U03888,user03888,user3888@smartcart.ai,pbkdf2:sha256:600000$saltXYZ$hashedvalue,Deepika Nair 3888,37,Male,Lucknow,Gujarat,"Fashion,Beauty,Sports,Electronics",2025-12-12,False,True
U03889,user03889,user3889@smartcart.ai,pbkdf2:sha256:600000$saltXYZ$hashedvalue,Ananya Joshi 3889,57,Male,Kolkata,Gujarat,"Home & Kitchen,Fashion,Health,Books",2025-02-07,False,True
U03890,user03890,user3890@smartcart.ai,pbkdf2:sha256:600000$saltXYZ$hashedvalue,Karan Mehta 3890,63,Male,Chennai,Rajasthan,"Grocery,Toys",2023-09-03,False,True
U03891,user03891,user3891@smartcart.ai,pbkdf2:sha256:600000$saltXYZ$hashedvalue,Vijay Kumar 3891,25,Male,Chandigarh,Tamil Nadu,"Automotive,Books,Home & Kitchen,Beauty",2023-06-09,False,True
U03892,user03892,user3892@smartcart.ai,pbkdf2:sha256:600000$saltXYZ$hashedvalue,Rahul Sharma 3892,59,Male,Surat,Karnataka,"Beauty,Health,Sports,Books",2023-08-04,False,True
U03893,user03893,user3893@smartcart.ai,pbkdf2:sha256:600000$saltXYZ$hashedvalue,Karan Mehta 3893,58,Female,Ahmedabad,Maharashtra,"Grocery,Electronics,Health",2024-11-18,False,True
U03894,user03894,user3894@smartcart.ai,pbkdf2:sha256:600000$saltXYZ$hashedvalue,Rahul Sharma 3894,48,Female,Bangalore,Punjab,"Sports,Beauty,Home & Kitchen",2024-09-29,False,True
U03895,user03895,user3895@smartcart.ai,pbkdf2:sha256:600000$saltXYZ$hashedvalue,Pooja Pillai 3895,19,Female,Pune,West Bengal,"Fashion,Automotive,Health",2023-11-08,False,True
U03896,user03896,user3896@smartcart.ai,pbkdf2:sha256:600000$saltXYZ$hashedvalue,Sneha Gupta 3896,59,Female,Bangalore,Tamil Nadu,"Sports,Beauty,Books",2025-06-25,False,True
U03897,user03897,user3897@smartcart.ai,pbkdf2:sha256:600000$saltXYZ$hashedvalue,Amit Patel 3897,52,Female,Delhi,Punjab,"Electronics,Beauty,Home & Kitchen,Sports",2023-05-17,False,True
U03898,user03898,user3898@smartcart.ai,pbkdf2:sha256:600000$saltXYZ$hashedvalue,Priya Singh 3898,55,Other,Delhi,Delhi,Toys,2025-11-26,False,True
U03899,user03899,user3899@smartcart.ai,pbkdf2:sha256:600000$saltXYZ$hashedvalue,Deepika Nair 3899,21,Other,Chennai,UP,"Books,Sports,Electronics",2025-07-02,False,True
U03900,user03900,user3900@smartcart.ai,pbkdf2:sha256:600000$saltXYZ$hashedvalue,Vijay Kumar 3900,26,Male,Ahmedabad,Punjab,"Beauty,Home & Kitchen,Health",2025-04-12,False,True
U03901,user03901,user3901@smartcart.ai,pbkdf2:sha256:600000$saltXYZ$hashedvalue,Priya Singh 3901,50,Male,Jaipur,Karnataka,Electronics,2025-03-24,False,True
U03902,user03902,user3902@smartcart.ai,pbkdf2:sha256:600000$saltXYZ$hashedvalue,Rohit Verma 3902,62,Other,Bangalore,West Bengal,"Health,Beauty,Fashion,Automotive",2024-12-14,False,True
U03903,user03903,user3903@smartcart.ai,pbkdf2:sha256:600000$saltXYZ$hashedvalue,Sneha Gupta 3903,43,Female,Mumbai,Tamil Nadu,"Toys,Fashion,Grocery,Beauty",2023-11-10,False,True
U03904,user03904,user3904@smartcart.ai,pbkdf2:sha256:600000$saltXYZ$hashedvalue,Deepika Nair 3904,29,Male,Jaipur,Rajasthan,"Fashion,Books,Home & Kitchen,Beauty",2024-05-12,False,False
U03905,user03905,user3905@smartcart.ai,pbkdf2:sha256:600000$saltXYZ$hashedvalue,Vijay Kumar 3905,22,Male,Jaipur,Punjab,Toys,2025-05-28,False,True
U03906,user03906,user3906@smartcart.ai,pbkdf2:sha256:600000$saltXYZ$hashedvalue,Pooja Pillai 3906,48,Male,Jaipur,Punjab,"Automotive,Books",2023-05-16,False,True
U03907,user03907,user3907@smartcart.ai,pbkdf2:sha256:600000$saltXYZ$hashedvalue,Pooja Pillai 3907,52,Male,Ahmedabad,Telangana,"Books,Health",2025-03-22,False,True
U03908,user03908,user3908@smartcart.ai,pbkdf2:sha256:600000$saltXYZ$hashedvalue,Rahul Sharma 3908,47,Male,Mumbai,Rajasthan,"Electronics,Sports",2023-09-05,False,True
U03909,user03909,user3909@smartcart.ai,pbkdf2:sha256:600000$saltXYZ$hashedvalue,Amit Patel 3909,25,Female,Surat,Tamil Nadu,Electronics,2025-06-28,False,True
U03910,user03910,user3910@smartcart.ai,pbkdf2:sha256:600000$saltXYZ$hashedvalue,Ananya Joshi 3910,48,Male,Lucknow,West Bengal,"Sports,Books,Fashion,Beauty",2024-11-20,False,True
U03911,user03911,user3911@smartcart.ai,pbkdf2:sha256:600000$saltXYZ$hashedvalue,Rahul Sharma 3911,64,Other,Chennai,UP,"Fashion,Grocery",2023-06-11,False,True
U03912,user03912,user3912@smartcart.ai,pbkdf2:sha256:600000$saltXYZ$hashedvalue,Sneha Gupta 3912,24,Male,Bangalore,West Bengal,"Books,Home & Kitchen,Grocery,Sports",2025-11-24,False,True
U03913,user03913,user3913@smartcart.ai,pbkdf2:sha256:600000$saltXYZ$hashedvalue,Ananya Joshi 3913,45,Female,Surat,Karnataka,"Grocery,Automotive,Health",2024-08-06,False,True
U03914,user03914,user3914@smartcart.ai,pbkdf2:sha256:600000$saltXYZ$hashedvalue,Priya Singh 3914,39,Other,Lucknow,Punjab,"Health,Electronics",2024-03-23,False,True
U03915,user03915,user3915@smartcart.ai,pbkdf2:sha256:600000$saltXYZ$hashedvalue,Amit Patel 3915,19,Female,Mumbai,Delhi,Toys,2024-10-02,False,True
U03916,user03916,user3916@smartcart.ai,pbkdf2:sha256:600000$saltXYZ$hashedvalue,Pooja Pillai 3916,31,Female,Hyderabad,UP,"Toys,Books",2024-01-21,False,True
U03917,user03917,user3917@smartcart.ai,pbkdf2:sha256:600000$saltXYZ$hashedvalue,Pooja Pillai 3917,46,Other,Lucknow,Maharashtra,"Grocery,Books",2025-12-09,False,True
U03918,user03918,user3918@smartcart.ai,pbkdf2:sha256:600000$saltXYZ$hashedvalue,Karan Mehta 3918,18,Other,Hyderabad,Maharashtra,"Sports,Beauty",2023-05-03,False,True
U03919,user03919,user3919@smartcart.ai,pbkdf2:sha256:600000$saltXYZ$hashedvalue,Ananya Joshi 3919,63,Female,Hyderabad,Telangana,"Health,Beauty,Books",2024-09-28,False,True
U03920,user03920,user3920@smartcart.ai,pbkdf2:sha256:600000$saltXYZ$hashedvalue,Rahul Sharma 3920,41,Other,Ahmedabad,Gujarat,Home & Kitchen,2025-12-19,False,True
U03921,user03921,user3921@smartcart.ai,pbkdf2:sha256:600000$saltXYZ$hashedvalue,Amit Patel 3921,32,Male,Hyderabad,UP,"Home & Kitchen,Grocery,Health",2026-02-21,False,True
U03922,user03922,user3922@smartcart.ai,pbkdf2:sha256:600000$saltXYZ$hashedvalue,Pooja Pillai 3922,38,Female,Mumbai,Delhi,Fashion,2025-09-09,False,True
U03923,user03923,user3923@smartcart.ai,pbkdf2:sha256:600000$saltXYZ$hashedvalue,Ananya Joshi 3923,62,Other,Hyderabad,Maharashtra,"Sports,Beauty,Toys,Fashion",2023-06-22,False,True
U03924,user03924,user3924@smartcart.ai,pbkdf2:sha256:600000$saltXYZ$hashedvalue,Karan Mehta 3924,30,Female,Lucknow,UP,"Home & Kitchen,Beauty",2024-02-29,False,True
U03925,user03925,user3925@smartcart.ai,pbkdf2:sha256:600000$saltXYZ$hashedvalue,Pooja Pillai 3925,50,Other,Hyderabad,Gujarat,Home & Kitchen,2026-03-26,False,True
U03926,user03926,user3926@smartcart.ai,pbkdf2:sha256:600000$saltXYZ$hashedvalue,Karan Mehta 3926,39,Other,Surat,Telangana,"Toys,Home & Kitchen,Fashion",2023-11-05,False,True
U03927,user03927,user3927@smartcart.ai,pbkdf2:sha256:600000$saltXYZ$hashedvalue,Rohit Verma 3927,25,Other,Kolkata,Punjab,"Grocery,Electronics",2024-05-13,False,True
U03928,user03928,user3928@smartcart.ai,pbkdf2:sha256:600000$saltXYZ$hashedvalue,Karan Mehta 3928,45,Other,Surat,Gujarat,Home & Kitchen,2023-07-24,False,True
U03929,user03929,user3929@smartcart.ai,pbkdf2:sha256:600000$saltXYZ$hashedvalue,Karan Mehta 3929,52,Female,Lucknow,Delhi,Grocery,2023-08-24,False,True
U03930,user03930,user3930@smartcart.ai,pbkdf2:sha256:600000$saltXYZ$hashedvalue,Deepika Nair 3930,57,Female,Mumbai,Gujarat,Sports,2025-10-29,False,True
U03931,user03931,user3931@smartcart.ai,pbkdf2:sha256:600000$saltXYZ$hashedvalue,Ananya Joshi 3931,49,Male,Lucknow,Tamil Nadu,"Home & Kitchen,Beauty,Grocery,Sports",2023-08-02,False,True
U03932,user03932,user3932@smartcart.ai,pbkdf2:sha256:600000$saltXYZ$hashedvalue,Deepika Nair 3932,27,Female,Ahmedabad,UP,"Health,Books,Automotive,Sports",2025-09-03,False,True
U03933,user03933,user3933@smartcart.ai,pbkdf2:sha256:600000$saltXYZ$hashedvalue,Deepika Nair 3933,46,Male,Delhi,Delhi,"Health,Toys,Electronics",2024-02-17,False,True
U03934,user03934,user3934@smartcart.ai,pbkdf2:sha256:600000$saltXYZ$hashedvalue,Karan Mehta 3934,65,Other,Chandigarh,Maharashtra,"Sports,Health",2025-12-26,False,True
U03935,user03935,user3935@smartcart.ai,pbkdf2:sha256:600000$saltXYZ$hashedvalue,Priya Singh 3935,36,Female,Surat,Karnataka,"Books,Health,Beauty,Automotive",2023-07-18,False,True
U03936,user03936,user3936@smartcart.ai,pbkdf2:sha256:600000$saltXYZ$hashedvalue,Sneha Gupta 3936,32,Other,Delhi,UP,Sports,2025-09-18,False,True
U03937,user03937,user3937@smartcart.ai,pbkdf2:sha256:600000$saltXYZ$hashedvalue,Sneha Gupta 3937,44,Female,Delhi,UP,Home & Kitchen,2025-02-06,False,True
U03938,user03938,user3938@smartcart.ai,pbkdf2:sha256:600000$saltXYZ$hashedvalue,Ananya Joshi 3938,40,Male,Chennai,Karnataka,"Fashion,Grocery,Books",2025-11-24,False,True
U03939,user03939,user3939@smartcart.ai,pbkdf2:sha256:600000$saltXYZ$hashedvalue,Sneha Gupta 3939,44,Female,Chandigarh,Maharashtra,"Beauty,Electronics,Automotive",2024-05-26,False,True
U03940,user03940,user3940@smartcart.ai,pbkdf2:sha256:600000$saltXYZ$hashedvalue,Karan Mehta 3940,50,Other,Bangalore,Punjab,"Sports,Toys,Fashion,Health",2025-10-11,False,True
U03941,user03941,user3941@smartcart.ai,pbkdf2:sha256:600000$saltXYZ$hashedvalue,Amit Patel 3941,24,Male,Mumbai,Maharashtra,"Home & Kitchen,Electronics,Automotive,Toys",2025-07-11,False,True
U03942,user03942,user3942@smartcart.ai,pbkdf2:sha256:600000$saltXYZ$hashedvalue,Deepika Nair 3942,62,Male,Chennai,Delhi,"Toys,Automotive,Sports,Books",2026-03-04,False,True
U03943,user03943,user3943@smartcart.ai,pbkdf2:sha256:600000$saltXYZ$hashedvalue,Ananya Joshi 3943,35,Male,Chandigarh,West Bengal,"Health,Beauty,Sports",2025-01-05,False,True
U03944,user03944,user3944@smartcart.ai,pbkdf2:sha256:600000$saltXYZ$hashedvalue,Ananya Joshi 3944,28,Female,Surat,Maharashtra,"Books,Beauty",2024-07-11,False,True
U03945,user03945,user3945@smartcart.ai,pbkdf2:sha256:600000$saltXYZ$hashedvalue,Ananya Joshi 3945,24,Male,Kolkata,Maharashtra,"Electronics,Grocery",2026-03-06,False,True
U03946,user03946,user3946@smartcart.ai,pbkdf2:sha256:600000$saltXYZ$hashedvalue,Ananya Joshi 3946,60,Other,Chennai,Maharashtra,Automotive,2024-09-23,False,True
U03947,user03947,user3947@smartcart.ai,pbkdf2:sha256:600000$saltXYZ$hashedvalue,Vijay Kumar 3947,34,Male,Surat,Telangana,"Fashion,Beauty",2025-01-05,False,True
U03948,user03948,user3948@smartcart.ai,pbkdf2:sha256:600000$saltXYZ$hashedvalue,Sneha Gupta 3948,30,Other,Pune,Tamil Nadu,"Grocery,Beauty",2023-05-08,False,True
U03949,user03949,user3949@smartcart.ai,pbkdf2:sha256:600000$saltXYZ$hashedvalue,Ananya Joshi 3949,54,Male,Jaipur,Rajasthan,"Grocery,Sports,Books,Toys",2024-01-06,False,True
U03950,user03950,user3950@smartcart.ai,pbkdf2:sha256:600000$saltXYZ$hashedvalue,Priya Singh 3950,24,Male,Jaipur,Punjab,"Sports,Grocery,Books",2024-02-12,False,True
U03951,user03951,user3951@smartcart.ai,pbkdf2:sha256:600000$saltXYZ$hashedvalue,Vijay Kumar 3951,39,Other,Kolkata,Telangana,"Beauty,Grocery,Automotive,Books",2024-07-16,False,True
U03952,user03952,user3952@smartcart.ai,pbkdf2:sha256:600000$saltXYZ$hashedvalue,Deepika Nair 3952,26,Other,Hyderabad,Punjab,"Health,Beauty",2023-12-13,False,True
U03953,user03953,user3953@smartcart.ai,pbkdf2:sha256:600000$saltXYZ$hashedvalue,Pooja Pillai 3953,46,Male,Hyderabad,Delhi,Books,2023-05-10,False,True
U03954,user03954,user3954@smartcart.ai,pbkdf2:sha256:600000$saltXYZ$hashedvalue,Priya Singh 3954,63,Male,Chandigarh,Rajasthan,"Home & Kitchen,Books,Sports,Grocery",2024-03-01,False,True
U03955,user03955,user3955@smartcart.ai,pbkdf2:sha256:600000$saltXYZ$hashedvalue,Priya Singh 3955,37,Female,Ahmedabad,Tamil Nadu,Sports,2023-08-29,False,True
U03956,user03956,user3956@smartcart.ai,pbkdf2:sha256:600000$saltXYZ$hashedvalue,Amit Patel 3956,39,Other,Hyderabad,Punjab,"Books,Home & Kitchen,Health",2023-04-24,False,True
U03957,user03957,user3957@smartcart.ai,pbkdf2:sha256:600000$saltXYZ$hashedvalue,Rohit Verma 3957,40,Female,Bangalore,Rajasthan,"Sports,Automotive,Home & Kitchen,Fashion",2023-07-01,False,True
U03958,user03958,user3958@smartcart.ai,pbkdf2:sha256:600000$saltXYZ$hashedvalue,Rohit Verma 3958,59,Female,Lucknow,West Bengal,"Home & Kitchen,Automotive",2025-02-01,False,True
U03959,user03959,user3959@smartcart.ai,pbkdf2:sha256:600000$saltXYZ$hashedvalue,Amit Patel 3959,63,Female,Bangalore,Punjab,Fashion,2024-05-27,False,True
U03960,user03960,user3960@smartcart.ai,pbkdf2:sha256:600000$saltXYZ$hashedvalue,Sneha Gupta 3960,52,Male,Pune,Tamil Nadu,"Sports,Toys",2024-01-17,False,True
U03961,user03961,user3961@smartcart.ai,pbkdf2:sha256:600000$saltXYZ$hashedvalue,Rohit Verma 3961,33,Male,Surat,Telangana,"Beauty,Grocery,Automotive,Toys",2023-06-20,False,True
U03962,user03962,user3962@smartcart.ai,pbkdf2:sha256:600000$saltXYZ$hashedvalue,Ananya Joshi 3962,22,Male,Delhi,Delhi,"Health,Automotive",2024-08-07,False,False
U03963,user03963,user3963@smartcart.ai,pbkdf2:sha256:600000$saltXYZ$hashedvalue,Priya Singh 3963,22,Other,Chandigarh,Gujarat,"Fashion,Toys,Electronics,Grocery",2023-12-18,False,True
U03964,user03964,user3964@smartcart.ai,pbkdf2:sha256:600000$saltXYZ$hashedvalue,Amit Patel 3964,25,Male,Mumbai,Delhi,"Sports,Electronics",2024-04-02,False,True
U03965,user03965,user3965@smartcart.ai,pbkdf2:sha256:600000$saltXYZ$hashedvalue,Karan Mehta 3965,20,Male,Lucknow,UP,"Toys,Fashion,Home & Kitchen",2023-08-31,False,True
U03966,user03966,user3966@smartcart.ai,pbkdf2:sha256:600000$saltXYZ$hashedvalue,Ananya Joshi 3966,63,Other,Hyderabad,Delhi,"Beauty,Sports,Books",2025-03-18,False,True
U03967,user03967,user3967@smartcart.ai,pbkdf2:sha256:600000$saltXYZ$hashedvalue,Ananya Joshi 3967,43,Other,Jaipur,Telangana,Beauty,2026-02-27,False,True
U03968,user03968,user3968@smartcart.ai,pbkdf2:sha256:600000$saltXYZ$hashedvalue,Pooja Pillai 3968,36,Female,Chandigarh,Tamil Nadu,"Grocery,Books,Beauty",2024-02-16,False,True
U03969,user03969,user3969@smartcart.ai,pbkdf2:sha256:600000$saltXYZ$hashedvalue,Priya Singh 3969,42,Other,Surat,Rajasthan,"Toys,Grocery,Electronics,Sports",2025-07-19,False,True
U03970,user03970,user3970@smartcart.ai,pbkdf2:sha256:600000$saltXYZ$hashedvalue,Amit Patel 3970,31,Male,Pune,Maharashtra,"Toys,Books,Health",2026-01-20,False,True
U03971,user03971,user3971@smartcart.ai,pbkdf2:sha256:600000$saltXYZ$hashedvalue,Rohit Verma 3971,50,Female,Pune,UP,"Grocery,Toys",2023-08-14,False,True
U03972,user03972,user3972@smartcart.ai,pbkdf2:sha256:600000$saltXYZ$hashedvalue,Rahul Sharma 3972,50,Male,Pune,Karnataka,Fashion,2024-07-15,False,True
U03973,user03973,user3973@smartcart.ai,pbkdf2:sha256:600000$saltXYZ$hashedvalue,Deepika Nair 3973,33,Male,Hyderabad,Punjab,"Sports,Beauty,Electronics,Home & Kitchen",2024-04-16,False,True
U03974,user03974,user3974@smartcart.ai,pbkdf2:sha256:600000$saltXYZ$hashedvalue,Amit Patel 3974,58,Female,Pune,West Bengal,Home & Kitchen,2026-02-28,False,True
U03975,user03975,user3975@smartcart.ai,pbkdf2:sha256:600000$saltXYZ$hashedvalue,Amit Patel 3975,43,Other,Lucknow,Rajasthan,"Beauty,Automotive,Sports,Grocery",2023-10-25,False,True
U03976,user03976,user3976@smartcart.ai,pbkdf2:sha256:600000$saltXYZ$hashedvalue,Vijay Kumar 3976,37,Female,Mumbai,Tamil Nadu,"Home & Kitchen,Beauty,Grocery",2023-08-16,False,True
U03977,user03977,user3977@smartcart.ai,pbkdf2:sha256:600000$saltXYZ$hashedvalue,Ananya Joshi 3977,49,Male,Jaipur,Rajasthan,"Books,Electronics",2025-08-26,False,True
U03978,user03978,user3978@smartcart.ai,pbkdf2:sha256:600000$saltXYZ$hashedvalue,Rohit Verma 3978,41,Other,Lucknow,Punjab,"Automotive,Toys,Beauty",2023-06-14,False,True
U03979,user03979,user3979@smartcart.ai,pbkdf2:sha256:600000$saltXYZ$hashedvalue,Deepika Nair 3979,28,Male,Mumbai,Maharashtra,"Grocery,Toys,Automotive,Sports",2025-08-18,False,True
U03980,user03980,user3980@smartcart.ai,pbkdf2:sha256:600000$saltXYZ$hashedvalue,Deepika Nair 3980,35,Female,Mumbai,UP,"Electronics,Books,Automotive",2025-03-09,False,True
U03981,user03981,user3981@smartcart.ai,pbkdf2:sha256:600000$saltXYZ$hashedvalue,Priya Singh 3981,36,Female,Chennai,Delhi,"Grocery,Fashion",2024-08-05,False,True
U03982,user03982,user3982@smartcart.ai,pbkdf2:sha256:600000$saltXYZ$hashedvalue,Karan Mehta 3982,51,Female,Mumbai,Karnataka,"Automotive,Toys,Fashion,Grocery",2024-02-16,False,True
U03983,user03983,user3983@smartcart.ai,pbkdf2:sha256:600000$saltXYZ$hashedvalue,Vijay Kumar 3983,54,Male,Kolkata,UP,Books,2025-12-16,False,True
U03984,user03984,user3984@smartcart.ai,pbkdf2:sha256:600000$saltXYZ$hashedvalue,Ananya Joshi 3984,26,Male,Lucknow,Telangana,"Grocery,Health",2023-09-27,False,True
U03985,user03985,user3985@smartcart.ai,pbkdf2:sha256:600000$saltXYZ$hashedvalue,Sneha Gupta 3985,48,Other,Bangalore,Karnataka,"Home & Kitchen,Beauty",2025-11-08,False,True
U03986,user03986,user3986@smartcart.ai,pbkdf2:sha256:600000$saltXYZ$hashedvalue,Rohit Verma 3986,41,Female,Pune,Punjab,"Home & Kitchen,Fashion,Health",2023-09-16,False,True
U03987,user03987,user3987@smartcart.ai,pbkdf2:sha256:600000$saltXYZ$hashedvalue,Rahul Sharma 3987,49,Male,Chennai,Delhi,"Health,Sports,Toys",2026-04-22,False,True
U03988,user03988,user3988@smartcart.ai,pbkdf2:sha256:600000$saltXYZ$hashedvalue,Sneha Gupta 3988,21,Male,Lucknow,Karnataka,"Health,Electronics",2023-07-29,False,True
U03989,user03989,user3989@smartcart.ai,pbkdf2:sha256:600000$saltXYZ$hashedvalue,Vijay Kumar 3989,54,Other,Mumbai,Maharashtra,Grocery,2024-10-04,False,True
U03990,user03990,user3990@smartcart.ai,pbkdf2:sha256:600000$saltXYZ$hashedvalue,Rahul Sharma 3990,54,Other,Chennai,Telangana,"Books,Health,Toys",2025-03-22,False,True
U03991,user03991,user3991@smartcart.ai,pbkdf2:sha256:600000$saltXYZ$hashedvalue,Vijay Kumar 3991,60,Female,Chandigarh,West Bengal,Fashion,2023-08-25,False,False
U03992,user03992,user3992@smartcart.ai,pbkdf2:sha256:600000$saltXYZ$hashedvalue,Priya Singh 3992,31,Other,Bangalore,West Bengal,Beauty,2023-10-19,False,True
U03993,user03993,user3993@smartcart.ai,pbkdf2:sha256:600000$saltXYZ$hashedvalue,Rohit Verma 3993,42,Male,Mumbai,Punjab,"Books,Sports,Home & Kitchen,Beauty",2023-05-09,False,True
U03994,user03994,user3994@smartcart.ai,pbkdf2:sha256:600000$saltXYZ$hashedvalue,Karan Mehta 3994,58,Male,Bangalore,UP,"Books,Home & Kitchen,Grocery,Health",2023-11-26,False,True
U03995,user03995,user3995@smartcart.ai,pbkdf2:sha256:600000$saltXYZ$hashedvalue,Sneha Gupta 3995,30,Female,Surat,Rajasthan,"Sports,Electronics",2024-03-05,False,True
U03996,user03996,user3996@smartcart.ai,pbkdf2:sha256:600000$saltXYZ$hashedvalue,Rohit Verma 3996,25,Female,Hyderabad,West Bengal,"Automotive,Fashion,Grocery",2024-12-23,False,True
U03997,user03997,user3997@smartcart.ai,pbkdf2:sha256:600000$saltXYZ$hashedvalue,Rohit Verma 3997,38,Male,Pune,Karnataka,Automotive,2023-08-14,False,True
U03998,user03998,user3998@smartcart.ai,pbkdf2:sha256:600000$saltXYZ$hashedvalue,Ananya Joshi 3998,62,Other,Chennai,Punjab,Electronics,2025-07-01,False,True
U03999,user03999,user3999@smartcart.ai,pbkdf2:sha256:600000$saltXYZ$hashedvalue,Pooja Pillai 3999,22,Male,Delhi,Tamil Nadu,"Health,Beauty,Electronics,Automotive",2024-08-29,False,True
U04000,user04000,user4000@smartcart.ai,pbkdf2:sha256:600000$saltXYZ$hashedvalue,Amit Patel 4000,57,Other,Delhi,Maharashtra,"Health,Toys,Beauty",2023-12-09,False,True
U04001,user04001,user4001@smartcart.ai,pbkdf2:sha256:600000$saltXYZ$hashedvalue,Amit Patel 4001,30,Other,Surat,Rajasthan,"Beauty,Sports,Toys,Fashion",2025-09-13,False,True
U04002,user04002,user4002@smartcart.ai,pbkdf2:sha256:600000$saltXYZ$hashedvalue,Amit Patel 4002,36,Female,Jaipur,Tamil Nadu,"Health,Electronics,Sports",2026-01-18,False,True
U04003,user04003,user4003@smartcart.ai,pbkdf2:sha256:600000$saltXYZ$hashedvalue,Vijay Kumar 4003,37,Other,Lucknow,Maharashtra,"Books,Health",2024-03-07,False,True
U04004,user04004,user4004@smartcart.ai,pbkdf2:sha256:600000$saltXYZ$hashedvalue,Vijay Kumar 4004,23,Male,Mumbai,Maharashtra,"Grocery,Automotive,Health",2023-09-06,False,True
U04005,user04005,user4005@smartcart.ai,pbkdf2:sha256:600000$saltXYZ$hashedvalue,Karan Mehta 4005,23,Other,Hyderabad,Punjab,"Fashion,Toys,Beauty,Electronics",2023-12-26,False,True
U04006,user04006,user4006@smartcart.ai,pbkdf2:sha256:600000$saltXYZ$hashedvalue,Priya Singh 4006,38,Other,Pune,Rajasthan,"Electronics,Sports",2024-02-28,False,True
U04007,user04007,user4007@smartcart.ai,pbkdf2:sha256:600000$saltXYZ$hashedvalue,Rahul Sharma 4007,21,Female,Mumbai,Maharashtra,"Home & Kitchen,Sports,Fashion",2025-06-13,False,True
U04008,user04008,user4008@smartcart.ai,pbkdf2:sha256:600000$saltXYZ$hashedvalue,Rahul Sharma 4008,48,Other,Jaipur,UP,"Beauty,Electronics,Books",2024-08-23,False,True
U04009,user04009,user4009@smartcart.ai,pbkdf2:sha256:600000$saltXYZ$hashedvalue,Ananya Joshi 4009,30,Female,Pune,Rajasthan,Toys,2024-01-09,False,True
U04010,user04010,user4010@smartcart.ai,pbkdf2:sha256:600000$saltXYZ$hashedvalue,Karan Mehta 4010,27,Female,Delhi,Rajasthan,"Grocery,Health,Automotive",2023-12-23,False,True
U04011,user04011,user4011@smartcart.ai,pbkdf2:sha256:600000$saltXYZ$hashedvalue,Rohit Verma 4011,40,Other,Hyderabad,Maharashtra,"Automotive,Sports,Fashion",2024-10-24,False,True
U04012,user04012,user4012@smartcart.ai,pbkdf2:sha256:600000$saltXYZ$hashedvalue,Rahul Sharma 4012,36,Female,Chandigarh,Rajasthan,Fashion,2026-02-06,False,True
U04013,user04013,user4013@smartcart.ai,pbkdf2:sha256:600000$saltXYZ$hashedvalue,Deepika Nair 4013,26,Female,Mumbai,Telangana,"Health,Automotive,Grocery",2024-12-04,False,True
U04014,user04014,user4014@smartcart.ai,pbkdf2:sha256:600000$saltXYZ$hashedvalue,Pooja Pillai 4014,22,Male,Hyderabad,UP,Electronics,2025-12-25,False,True
U04015,user04015,user4015@smartcart.ai,pbkdf2:sha256:600000$saltXYZ$hashedvalue,Amit Patel 4015,49,Male,Chennai,Maharashtra,"Grocery,Sports",2025-11-24,False,True
U04016,user04016,user4016@smartcart.ai,pbkdf2:sha256:600000$saltXYZ$hashedvalue,Rahul Sharma 4016,61,Female,Lucknow,Karnataka,Fashion,2025-05-12,False,True
U04017,user04017,user4017@smartcart.ai,pbkdf2:sha256:600000$saltXYZ$hashedvalue,Rahul Sharma 4017,56,Male,Pune,Gujarat,"Toys,Electronics,Grocery",2026-03-13,False,True
U04018,user04018,user4018@smartcart.ai,pbkdf2:sha256:600000$saltXYZ$hashedvalue,Deepika Nair 4018,28,Female,Ahmedabad,Delhi,"Home & Kitchen,Sports,Health,Toys",2025-11-02,False,True
U04019,user04019,user4019@smartcart.ai,pbkdf2:sha256:600000$saltXYZ$hashedvalue,Ananya Joshi 4019,46,Other,Hyderabad,Maharashtra,"Electronics,Automotive,Fashion,Grocery",2025-08-17,False,True
U04020,user04020,user4020@smartcart.ai,pbkdf2:sha256:600000$saltXYZ$hashedvalue,Deepika Nair 4020,30,Female,Delhi,Tamil Nadu,"Grocery,Automotive",2024-04-03,False,True
U04021,user04021,user4021@smartcart.ai,pbkdf2:sha256:600000$saltXYZ$hashedvalue,Deepika Nair 4021,59,Male,Mumbai,Punjab,"Books,Automotive,Grocery,Home & Kitchen",2024-04-28,False,True
U04022,user04022,user4022@smartcart.ai,pbkdf2:sha256:600000$saltXYZ$hashedvalue,Rahul Sharma 4022,47,Female,Ahmedabad,Telangana,"Books,Grocery",2023-08-06,False,True
U04023,user04023,user4023@smartcart.ai,pbkdf2:sha256:600000$saltXYZ$hashedvalue,Deepika Nair 4023,44,Female,Ahmedabad,Karnataka,"Books,Home & Kitchen,Toys,Health",2025-02-02,False,True
U04024,user04024,user4024@smartcart.ai,pbkdf2:sha256:600000$saltXYZ$hashedvalue,Amit Patel 4024,46,Female,Chennai,Telangana,"Beauty,Automotive,Sports,Electronics",2025-05-15,False,True
U04025,user04025,user4025@smartcart.ai,pbkdf2:sha256:600000$saltXYZ$hashedvalue,Amit Patel 4025,27,Female,Kolkata,Delhi,"Fashion,Electronics,Toys,Home & Kitchen",2024-03-09,False,True
U04026,user04026,user4026@smartcart.ai,pbkdf2:sha256:600000$saltXYZ$hashedvalue,Vijay Kumar 4026,53,Other,Hyderabad,Rajasthan,Electronics,2023-10-29,False,True
U04027,user04027,user4027@smartcart.ai,pbkdf2:sha256:600000$saltXYZ$hashedvalue,Ananya Joshi 4027,49,Female,Jaipur,Maharashtra,"Sports,Automotive,Fashion,Electronics",2026-02-11,False,True
U04028,user04028,user4028@smartcart.ai,pbkdf2:sha256:600000$saltXYZ$hashedvalue,Karan Mehta 4028,53,Male,Chandigarh,West Bengal,"Automotive,Toys,Home & Kitchen,Sports",2023-07-27,False,True
U04029,user04029,user4029@smartcart.ai,pbkdf2:sha256:600000$saltXYZ$hashedvalue,Priya Singh 4029,39,Female,Hyderabad,Tamil Nadu,"Toys,Home & Kitchen,Sports",2025-10-16,False,True
U04030,user04030,user4030@smartcart.ai,pbkdf2:sha256:600000$saltXYZ$hashedvalue,Rahul Sharma 4030,18,Other,Pune,Karnataka,Electronics,2024-08-12,False,True
U04031,user04031,user4031@smartcart.ai,pbkdf2:sha256:600000$saltXYZ$hashedvalue,Ananya Joshi 4031,21,Female,Ahmedabad,Telangana,"Automotive,Home & Kitchen,Grocery",2024-10-01,False,True
U04032,user04032,user4032@smartcart.ai,pbkdf2:sha256:600000$saltXYZ$hashedvalue,Vijay Kumar 4032,41,Female,Bangalore,Punjab,"Grocery,Beauty",2023-05-21,False,True
U04033,user04033,user4033@smartcart.ai,pbkdf2:sha256:600000$saltXYZ$hashedvalue,Amit Patel 4033,64,Male,Bangalore,Telangana,Electronics,2026-01-09,False,True
U04034,user04034,user4034@smartcart.ai,pbkdf2:sha256:600000$saltXYZ$hashedvalue,Karan Mehta 4034,33,Female,Lucknow,Karnataka,"Sports,Automotive,Home & Kitchen",2023-08-09,False,True
U04035,user04035,user4035@smartcart.ai,pbkdf2:sha256:600000$saltXYZ$hashedvalue,Deepika Nair 4035,25,Male,Pune,Karnataka,"Grocery,Sports",2023-09-18,False,True
U04036,user04036,user4036@smartcart.ai,pbkdf2:sha256:600000$saltXYZ$hashedvalue,Deepika Nair 4036,63,Female,Chandigarh,Punjab,"Fashion,Grocery,Electronics",2025-04-14,False,True
U04037,user04037,user4037@smartcart.ai,pbkdf2:sha256:600000$saltXYZ$hashedvalue,Priya Singh 4037,59,Other,Kolkata,Rajasthan,"Sports,Grocery,Books",2024-09-26,False,True
U04038,user04038,user4038@smartcart.ai,pbkdf2:sha256:600000$saltXYZ$hashedvalue,Ananya Joshi 4038,63,Male,Jaipur,Rajasthan,"Books,Toys",2025-03-28,False,True
U04039,user04039,user4039@smartcart.ai,pbkdf2:sha256:600000$saltXYZ$hashedvalue,Vijay Kumar 4039,61,Male,Jaipur,Telangana,"Electronics,Toys,Automotive,Fashion",2024-07-29,False,True
U04040,user04040,user4040@smartcart.ai,pbkdf2:sha256:600000$saltXYZ$hashedvalue,Vijay Kumar 4040,52,Female,Delhi,UP,"Automotive,Electronics",2024-10-11,False,False
U04041,user04041,user4041@smartcart.ai,pbkdf2:sha256:600000$saltXYZ$hashedvalue,Rahul Sharma 4041,46,Other,Lucknow,Punjab,"Toys,Beauty",2025-05-23,False,True
U04042,user04042,user4042@smartcart.ai,pbkdf2:sha256:600000$saltXYZ$hashedvalue,Amit Patel 4042,37,Male,Chandigarh,Delhi,"Fashion,Toys",2025-12-07,False,True
U04043,user04043,user4043@smartcart.ai,pbkdf2:sha256:600000$saltXYZ$hashedvalue,Amit Patel 4043,56,Other,Jaipur,Tamil Nadu,"Home & Kitchen,Beauty,Electronics,Books",2023-08-30,False,True
U04044,user04044,user4044@smartcart.ai,pbkdf2:sha256:600000$saltXYZ$hashedvalue,Ananya Joshi 4044,21,Male,Chennai,Telangana,"Health,Sports,Fashion,Automotive",2025-02-25,False,True
U04045,user04045,user4045@smartcart.ai,pbkdf2:sha256:600000$saltXYZ$hashedvalue,Ananya Joshi 4045,26,Female,Lucknow,Gujarat,Electronics,2025-06-19,False,False
U04046,user04046,user4046@smartcart.ai,pbkdf2:sha256:600000$saltXYZ$hashedvalue,Rahul Sharma 4046,26,Other,Mumbai,Delhi,"Automotive,Health,Home & Kitchen",2026-04-02,False,True
U04047,user04047,user4047@smartcart.ai,pbkdf2:sha256:600000$saltXYZ$hashedvalue,Deepika Nair 4047,37,Other,Hyderabad,Maharashtra,Automotive,2025-04-23,False,True
U04048,user04048,user4048@smartcart.ai,pbkdf2:sha256:600000$saltXYZ$hashedvalue,Ananya Joshi 4048,24,Male,Ahmedabad,Karnataka,"Home & Kitchen,Beauty,Books",2024-09-08,False,True
U04049,user04049,user4049@smartcart.ai,pbkdf2:sha256:600000$saltXYZ$hashedvalue,Deepika Nair 4049,31,Other,Chennai,West Bengal,"Beauty,Health,Electronics",2024-07-10,False,True
U04050,user04050,user4050@smartcart.ai,pbkdf2:sha256:600000$saltXYZ$hashedvalue,Pooja Pillai 4050,28,Female,Delhi,Gujarat,"Sports,Health,Home & Kitchen,Beauty",2024-08-09,False,True
U04051,user04051,user4051@smartcart.ai,pbkdf2:sha256:600000$saltXYZ$hashedvalue,Ananya Joshi 4051,40,Other,Delhi,Maharashtra,"Beauty,Automotive",2023-06-13,False,True
U04052,user04052,user4052@smartcart.ai,pbkdf2:sha256:600000$saltXYZ$hashedvalue,Priya Singh 4052,41,Male,Kolkata,Karnataka,"Toys,Health,Books,Sports",2025-06-19,False,True
U04053,user04053,user4053@smartcart.ai,pbkdf2:sha256:600000$saltXYZ$hashedvalue,Priya Singh 4053,25,Female,Lucknow,Karnataka,"Fashion,Grocery",2024-03-05,False,True
U04054,user04054,user4054@smartcart.ai,pbkdf2:sha256:600000$saltXYZ$hashedvalue,Sneha Gupta 4054,25,Male,Chennai,Maharashtra,Fashion,2025-07-16,False,True
U04055,user04055,user4055@smartcart.ai,pbkdf2:sha256:600000$saltXYZ$hashedvalue,Sneha Gupta 4055,29,Male,Mumbai,UP,"Automotive,Grocery",2025-01-31,False,True
U04056,user04056,user4056@smartcart.ai,pbkdf2:sha256:600000$saltXYZ$hashedvalue,Rahul Sharma 4056,40,Female,Chandigarh,Telangana,"Beauty,Home & Kitchen,Books,Health",2025-10-05,False,True
U04057,user04057,user4057@smartcart.ai,pbkdf2:sha256:600000$saltXYZ$hashedvalue,Priya Singh 4057,18,Other,Ahmedabad,UP,Fashion,2025-07-10,False,True
U04058,user04058,user4058@smartcart.ai,pbkdf2:sha256:600000$saltXYZ$hashedvalue,Ananya Joshi 4058,56,Male,Kolkata,Maharashtra,"Fashion,Health,Books",2023-08-20,False,True
U04059,user04059,user4059@smartcart.ai,pbkdf2:sha256:600000$saltXYZ$hashedvalue,Deepika Nair 4059,46,Male,Delhi,Rajasthan,"Grocery,Home & Kitchen,Automotive,Books",2025-06-22,False,True
U04060,user04060,user4060@smartcart.ai,pbkdf2:sha256:600000$saltXYZ$hashedvalue,Vijay Kumar 4060,54,Male,Mumbai,West Bengal,"Fashion,Beauty,Automotive,Toys",2025-10-21,False,True
U04061,user04061,user4061@smartcart.ai,pbkdf2:sha256:600000$saltXYZ$hashedvalue,Deepika Nair 4061,63,Female,Delhi,West Bengal,Toys,2024-08-08,False,True
U04062,user04062,user4062@smartcart.ai,pbkdf2:sha256:600000$saltXYZ$hashedvalue,Ananya Joshi 4062,53,Other,Surat,Delhi,Grocery,2024-07-07,False,True
U04063,user04063,user4063@smartcart.ai,pbkdf2:sha256:600000$saltXYZ$hashedvalue,Rohit Verma 4063,20,Male,Ahmedabad,Telangana,"Toys,Automotive,Home & Kitchen",2026-02-06,False,True
U04064,user04064,user4064@smartcart.ai,pbkdf2:sha256:600000$saltXYZ$hashedvalue,Ananya Joshi 4064,55,Male,Ahmedabad,West Bengal,"Home & Kitchen,Sports",2025-01-09,False,True
U04065,user04065,user4065@smartcart.ai,pbkdf2:sha256:600000$saltXYZ$hashedvalue,Pooja Pillai 4065,65,Female,Chandigarh,Rajasthan,Beauty,2023-05-05,False,True
U04066,user04066,user4066@smartcart.ai,pbkdf2:sha256:600000$saltXYZ$hashedvalue,Deepika Nair 4066,26,Female,Delhi,Tamil Nadu,"Grocery,Fashion",2024-11-16,False,True
U04067,user04067,user4067@smartcart.ai,pbkdf2:sha256:600000$saltXYZ$hashedvalue,Deepika Nair 4067,46,Other,Chandigarh,Gujarat,"Fashion,Electronics,Books,Grocery",2024-07-07,False,True
U04068,user04068,user4068@smartcart.ai,pbkdf2:sha256:600000$saltXYZ$hashedvalue,Karan Mehta 4068,56,Other,Kolkata,Delhi,"Automotive,Electronics",2023-10-08,False,True
U04069,user04069,user4069@smartcart.ai,pbkdf2:sha256:600000$saltXYZ$hashedvalue,Karan Mehta 4069,34,Other,Kolkata,Delhi,"Automotive,Fashion",2023-08-07,False,True
U04070,user04070,user4070@smartcart.ai,pbkdf2:sha256:600000$saltXYZ$hashedvalue,Ananya Joshi 4070,54,Female,Pune,Telangana,"Sports,Automotive",2026-04-14,False,True
U04071,user04071,user4071@smartcart.ai,pbkdf2:sha256:600000$saltXYZ$hashedvalue,Amit Patel 4071,55,Male,Chandigarh,West Bengal,"Sports,Beauty,Toys,Home & Kitchen",2024-09-20,False,True
U04072,user04072,user4072@smartcart.ai,pbkdf2:sha256:600000$saltXYZ$hashedvalue,Ananya Joshi 4072,27,Other,Kolkata,West Bengal,"Electronics,Home & Kitchen",2025-10-10,False,True
U04073,user04073,user4073@smartcart.ai,pbkdf2:sha256:600000$saltXYZ$hashedvalue,Sneha Gupta 4073,62,Male,Surat,Punjab,Toys,2024-04-17,False,True
U04074,user04074,user4074@smartcart.ai,pbkdf2:sha256:600000$saltXYZ$hashedvalue,Deepika Nair 4074,42,Other,Bangalore,Karnataka,"Books,Fashion,Sports",2023-09-20,False,True
U04075,user04075,user4075@smartcart.ai,pbkdf2:sha256:600000$saltXYZ$hashedvalue,Karan Mehta 4075,49,Male,Surat,UP,"Health,Grocery,Beauty",2024-12-24,False,True
U04076,user04076,user4076@smartcart.ai,pbkdf2:sha256:600000$saltXYZ$hashedvalue,Rohit Verma 4076,45,Female,Ahmedabad,Karnataka,"Books,Electronics,Toys,Home & Kitchen",2024-10-01,False,True
U04077,user04077,user4077@smartcart.ai,pbkdf2:sha256:600000$saltXYZ$hashedvalue,Deepika Nair 4077,25,Female,Surat,UP,Automotive,2024-07-04,False,True
U04078,user04078,user4078@smartcart.ai,pbkdf2:sha256:600000$saltXYZ$hashedvalue,Rahul Sharma 4078,62,Other,Chandigarh,Rajasthan,"Toys,Fashion,Automotive",2023-05-20,False,True
U04079,user04079,user4079@smartcart.ai,pbkdf2:sha256:600000$saltXYZ$hashedvalue,Amit Patel 4079,59,Male,Lucknow,Gujarat,"Sports,Health,Automotive",2026-01-10,False,True
U04080,user04080,user4080@smartcart.ai,pbkdf2:sha256:600000$saltXYZ$hashedvalue,Rohit Verma 4080,44,Female,Pune,Gujarat,"Books,Home & Kitchen,Grocery",2025-08-09,False,True
U04081,user04081,user4081@smartcart.ai,pbkdf2:sha256:600000$saltXYZ$hashedvalue,Deepika Nair 4081,54,Female,Ahmedabad,Punjab,"Electronics,Sports",2024-04-15,False,True
U04082,user04082,user4082@smartcart.ai,pbkdf2:sha256:600000$saltXYZ$hashedvalue,Amit Patel 4082,48,Other,Chandigarh,Gujarat,"Automotive,Grocery,Beauty",2023-07-03,False,True
U04083,user04083,user4083@smartcart.ai,pbkdf2:sha256:600000$saltXYZ$hashedvalue,Vijay Kumar 4083,37,Male,Lucknow,UP,"Sports,Home & Kitchen,Beauty,Fashion",2025-08-30,False,True
U04084,user04084,user4084@smartcart.ai,pbkdf2:sha256:600000$saltXYZ$hashedvalue,Vijay Kumar 4084,40,Other,Hyderabad,Delhi,"Health,Sports",2024-02-24,False,True
U04085,user04085,user4085@smartcart.ai,pbkdf2:sha256:600000$saltXYZ$hashedvalue,Rohit Verma 4085,50,Other,Chandigarh,Karnataka,"Books,Toys,Fashion",2026-01-16,False,True
U04086,user04086,user4086@smartcart.ai,pbkdf2:sha256:600000$saltXYZ$hashedvalue,Sneha Gupta 4086,47,Other,Lucknow,Rajasthan,"Books,Automotive,Toys,Fashion",2025-06-30,False,True
U04087,user04087,user4087@smartcart.ai,pbkdf2:sha256:600000$saltXYZ$hashedvalue,Amit Patel 4087,42,Male,Chandigarh,Punjab,"Automotive,Grocery,Sports,Health",2023-08-01,False,True
U04088,user04088,user4088@smartcart.ai,pbkdf2:sha256:600000$saltXYZ$hashedvalue,Deepika Nair 4088,64,Male,Delhi,Karnataka,"Books,Automotive",2024-09-26,False,True
U04089,user04089,user4089@smartcart.ai,pbkdf2:sha256:600000$saltXYZ$hashedvalue,Sneha Gupta 4089,49,Female,Hyderabad,Punjab,"Health,Electronics,Toys",2023-05-09,False,True
U04090,user04090,user4090@smartcart.ai,pbkdf2:sha256:600000$saltXYZ$hashedvalue,Pooja Pillai 4090,28,Male,Mumbai,Delhi,"Health,Grocery,Toys",2024-12-25,False,True
U04091,user04091,user4091@smartcart.ai,pbkdf2:sha256:600000$saltXYZ$hashedvalue,Sneha Gupta 4091,48,Male,Jaipur,Rajasthan,"Beauty,Grocery",2023-12-17,False,True
U04092,user04092,user4092@smartcart.ai,pbkdf2:sha256:600000$saltXYZ$hashedvalue,Rohit Verma 4092,51,Male,Pune,Rajasthan,"Health,Electronics,Beauty,Books",2023-08-09,False,True
U04093,user04093,user4093@smartcart.ai,pbkdf2:sha256:600000$saltXYZ$hashedvalue,Sneha Gupta 4093,20,Other,Ahmedabad,UP,Home & Kitchen,2024-07-02,False,True
U04094,user04094,user4094@smartcart.ai,pbkdf2:sha256:600000$saltXYZ$hashedvalue,Amit Patel 4094,58,Female,Pune,Maharashtra,"Electronics,Fashion",2023-11-17,False,True
U04095,user04095,user4095@smartcart.ai,pbkdf2:sha256:600000$saltXYZ$hashedvalue,Rahul Sharma 4095,42,Other,Mumbai,Gujarat,Beauty,2024-06-07,False,True
U04096,user04096,user4096@smartcart.ai,pbkdf2:sha256:600000$saltXYZ$hashedvalue,Priya Singh 4096,28,Other,Surat,Rajasthan,"Toys,Grocery,Health,Books",2025-06-26,False,True
U04097,user04097,user4097@smartcart.ai,pbkdf2:sha256:600000$saltXYZ$hashedvalue,Rahul Sharma 4097,28,Male,Kolkata,Rajasthan,"Grocery,Electronics,Fashion,Books",2025-08-07,False,True
U04098,user04098,user4098@smartcart.ai,pbkdf2:sha256:600000$saltXYZ$hashedvalue,Sneha Gupta 4098,48,Other,Kolkata,Maharashtra,"Electronics,Home & Kitchen,Sports",2024-09-23,False,True
U04099,user04099,user4099@smartcart.ai,pbkdf2:sha256:600000$saltXYZ$hashedvalue,Sneha Gupta 4099,33,Female,Kolkata,West Bengal,"Health,Sports,Beauty,Grocery",2023-09-03,False,True
U04100,user04100,user4100@smartcart.ai,pbkdf2:sha256:600000$saltXYZ$hashedvalue,Sneha Gupta 4100,45,Male,Hyderabad,Maharashtra,"Books,Grocery,Home & Kitchen,Automotive",2024-08-09,False,True
U04101,user04101,user4101@smartcart.ai,pbkdf2:sha256:600000$saltXYZ$hashedvalue,Priya Singh 4101,62,Male,Bangalore,Rajasthan,"Books,Toys,Fashion",2025-07-07,False,True
U04102,user04102,user4102@smartcart.ai,pbkdf2:sha256:600000$saltXYZ$hashedvalue,Rohit Verma 4102,28,Female,Chandigarh,Tamil Nadu,"Toys,Automotive,Books,Home & Kitchen",2025-05-29,False,True
U04103,user04103,user4103@smartcart.ai,pbkdf2:sha256:600000$saltXYZ$hashedvalue,Sneha Gupta 4103,58,Other,Kolkata,Maharashtra,"Automotive,Sports,Books,Toys",2025-01-28,False,True
U04104,user04104,user4104@smartcart.ai,pbkdf2:sha256:600000$saltXYZ$hashedvalue,Vijay Kumar 4104,53,Other,Delhi,Rajasthan,"Automotive,Grocery,Electronics,Home & Kitchen",2023-05-18,False,True
U04105,user04105,user4105@smartcart.ai,pbkdf2:sha256:600000$saltXYZ$hashedvalue,Vijay Kumar 4105,46,Other,Lucknow,Delhi,Grocery,2024-02-13,False,True
U04106,user04106,user4106@smartcart.ai,pbkdf2:sha256:600000$saltXYZ$hashedvalue,Sneha Gupta 4106,48,Male,Chennai,Maharashtra,"Health,Beauty,Fashion",2026-01-15,False,True
U04107,user04107,user4107@smartcart.ai,pbkdf2:sha256:600000$saltXYZ$hashedvalue,Rahul Sharma 4107,51,Other,Kolkata,Karnataka,"Automotive,Grocery",2026-04-01,False,True
U04108,user04108,user4108@smartcart.ai,pbkdf2:sha256:600000$saltXYZ$hashedvalue,Priya Singh 4108,61,Other,Pune,West Bengal,"Beauty,Fashion",2024-12-18,False,True
U04109,user04109,user4109@smartcart.ai,pbkdf2:sha256:600000$saltXYZ$hashedvalue,Vijay Kumar 4109,25,Other,Pune,Delhi,"Grocery,Automotive,Home & Kitchen,Books",2023-07-26,False,True
U04110,user04110,user4110@smartcart.ai,pbkdf2:sha256:600000$saltXYZ$hashedvalue,Sneha Gupta 4110,51,Other,Bangalore,Delhi,"Grocery,Toys",2024-08-09,False,True
U04111,user04111,user4111@smartcart.ai,pbkdf2:sha256:600000$saltXYZ$hashedvalue,Sneha Gupta 4111,30,Female,Bangalore,Rajasthan,"Sports,Books,Electronics",2025-04-21,False,True
U04112,user04112,user4112@smartcart.ai,pbkdf2:sha256:600000$saltXYZ$hashedvalue,Rohit Verma 4112,35,Female,Chennai,Maharashtra,"Sports,Automotive,Books,Fashion",2024-10-04,False,True
U04113,user04113,user4113@smartcart.ai,pbkdf2:sha256:600000$saltXYZ$hashedvalue,Deepika Nair 4113,57,Male,Bangalore,Gujarat,"Automotive,Grocery",2025-12-21,False,True
U04114,user04114,user4114@smartcart.ai,pbkdf2:sha256:600000$saltXYZ$hashedvalue,Ananya Joshi 4114,42,Female,Surat,Punjab,"Grocery,Beauty",2024-04-13,False,True
U04115,user04115,user4115@smartcart.ai,pbkdf2:sha256:600000$saltXYZ$hashedvalue,Priya Singh 4115,54,Male,Hyderabad,Telangana,"Beauty,Toys,Fashion",2025-01-27,False,True
U04116,user04116,user4116@smartcart.ai,pbkdf2:sha256:600000$saltXYZ$hashedvalue,Rohit Verma 4116,40,Other,Hyderabad,Delhi,"Health,Automotive",2024-09-20,False,True
U04117,user04117,user4117@smartcart.ai,pbkdf2:sha256:600000$saltXYZ$hashedvalue,Karan Mehta 4117,21,Other,Chandigarh,UP,"Electronics,Fashion",2025-05-28,False,True
U04118,user04118,user4118@smartcart.ai,pbkdf2:sha256:600000$saltXYZ$hashedvalue,Rahul Sharma 4118,38,Female,Ahmedabad,West Bengal,Books,2023-06-19,False,True
U04119,user04119,user4119@smartcart.ai,pbkdf2:sha256:600000$saltXYZ$hashedvalue,Vijay Kumar 4119,31,Male,Surat,Rajasthan,"Electronics,Toys,Health,Automotive",2024-11-02,False,True
U04120,user04120,user4120@smartcart.ai,pbkdf2:sha256:600000$saltXYZ$hashedvalue,Vijay Kumar 4120,43,Other,Delhi,Tamil Nadu,Health,2025-10-23,False,True
U04121,user04121,user4121@smartcart.ai,pbkdf2:sha256:600000$saltXYZ$hashedvalue,Ananya Joshi 4121,21,Male,Pune,Karnataka,Health,2025-11-30,False,True
U04122,user04122,user4122@smartcart.ai,pbkdf2:sha256:600000$saltXYZ$hashedvalue,Vijay Kumar 4122,29,Other,Chandigarh,Delhi,"Grocery,Books,Fashion",2023-12-29,False,True
U04123,user04123,user4123@smartcart.ai,pbkdf2:sha256:600000$saltXYZ$hashedvalue,Ananya Joshi 4123,47,Male,Lucknow,Rajasthan,"Grocery,Books,Toys",2024-04-07,False,True
U04124,user04124,user4124@smartcart.ai,pbkdf2:sha256:600000$saltXYZ$hashedvalue,Ananya Joshi 4124,42,Other,Chandigarh,Punjab,"Books,Sports",2025-04-30,False,True
U04125,user04125,user4125@smartcart.ai,pbkdf2:sha256:600000$saltXYZ$hashedvalue,Karan Mehta 4125,59,Female,Kolkata,UP,Health,2024-04-27,False,True
U04126,user04126,user4126@smartcart.ai,pbkdf2:sha256:600000$saltXYZ$hashedvalue,Rahul Sharma 4126,27,Female,Lucknow,UP,Home & Kitchen,2024-05-30,False,True
U04127,user04127,user4127@smartcart.ai,pbkdf2:sha256:600000$saltXYZ$hashedvalue,Rohit Verma 4127,39,Female,Chandigarh,UP,Sports,2024-01-23,False,True
U04128,user04128,user4128@smartcart.ai,pbkdf2:sha256:600000$saltXYZ$hashedvalue,Pooja Pillai 4128,37,Female,Hyderabad,Karnataka,"Beauty,Health",2024-12-02,False,True
U04129,user04129,user4129@smartcart.ai,pbkdf2:sha256:600000$saltXYZ$hashedvalue,Deepika Nair 4129,60,Other,Kolkata,Rajasthan,"Electronics,Automotive,Beauty",2025-10-26,False,True
U04130,user04130,user4130@smartcart.ai,pbkdf2:sha256:600000$saltXYZ$hashedvalue,Ananya Joshi 4130,44,Female,Bangalore,Maharashtra,Automotive,2024-10-19,False,True
U04131,user04131,user4131@smartcart.ai,pbkdf2:sha256:600000$saltXYZ$hashedvalue,Rohit Verma 4131,65,Other,Chandigarh,West Bengal,"Grocery,Fashion,Books,Sports",2026-01-23,False,True
U04132,user04132,user4132@smartcart.ai,pbkdf2:sha256:600000$saltXYZ$hashedvalue,Rahul Sharma 4132,51,Male,Chennai,West Bengal,"Sports,Electronics",2023-06-26,False,True
U04133,user04133,user4133@smartcart.ai,pbkdf2:sha256:600000$saltXYZ$hashedvalue,Rohit Verma 4133,64,Female,Kolkata,Delhi,"Sports,Health",2024-12-13,False,True
U04134,user04134,user4134@smartcart.ai,pbkdf2:sha256:600000$saltXYZ$hashedvalue,Rahul Sharma 4134,31,Other,Delhi,Punjab,"Grocery,Toys",2025-12-10,False,True
U04135,user04135,user4135@smartcart.ai,pbkdf2:sha256:600000$saltXYZ$hashedvalue,Sneha Gupta 4135,40,Other,Delhi,Rajasthan,"Grocery,Automotive,Sports,Home & Kitchen",2024-06-27,False,True
U04136,user04136,user4136@smartcart.ai,pbkdf2:sha256:600000$saltXYZ$hashedvalue,Rohit Verma 4136,64,Other,Delhi,Punjab,"Beauty,Grocery,Toys",2025-09-08,False,True
U04137,user04137,user4137@smartcart.ai,pbkdf2:sha256:600000$saltXYZ$hashedvalue,Priya Singh 4137,23,Female,Ahmedabad,Punjab,"Home & Kitchen,Books,Beauty,Electronics",2025-11-14,False,True
U04138,user04138,user4138@smartcart.ai,pbkdf2:sha256:600000$saltXYZ$hashedvalue,Rohit Verma 4138,21,Male,Surat,Maharashtra,"Automotive,Toys,Home & Kitchen,Grocery",2024-03-31,False,True
U04139,user04139,user4139@smartcart.ai,pbkdf2:sha256:600000$saltXYZ$hashedvalue,Amit Patel 4139,52,Female,Ahmedabad,Tamil Nadu,Books,2024-09-27,False,True
U04140,user04140,user4140@smartcart.ai,pbkdf2:sha256:600000$saltXYZ$hashedvalue,Vijay Kumar 4140,42,Male,Hyderabad,Maharashtra,"Automotive,Toys,Grocery,Beauty",2025-06-03,False,True
U04141,user04141,user4141@smartcart.ai,pbkdf2:sha256:600000$saltXYZ$hashedvalue,Rahul Sharma 4141,58,Other,Ahmedabad,Rajasthan,"Electronics,Fashion,Health",2024-03-27,False,True
U04142,user04142,user4142@smartcart.ai,pbkdf2:sha256:600000$saltXYZ$hashedvalue,Priya Singh 4142,64,Male,Hyderabad,Punjab,Books,2024-11-27,False,True
U04143,user04143,user4143@smartcart.ai,pbkdf2:sha256:600000$saltXYZ$hashedvalue,Rahul Sharma 4143,38,Female,Bangalore,Punjab,"Electronics,Health,Fashion",2025-07-16,False,True
U04144,user04144,user4144@smartcart.ai,pbkdf2:sha256:600000$saltXYZ$hashedvalue,Ananya Joshi 4144,35,Male,Jaipur,UP,"Beauty,Electronics,Grocery",2024-05-16,False,True
U04145,user04145,user4145@smartcart.ai,pbkdf2:sha256:600000$saltXYZ$hashedvalue,Rahul Sharma 4145,57,Female,Ahmedabad,Telangana,"Home & Kitchen,Toys",2024-09-11,False,True
U04146,user04146,user4146@smartcart.ai,pbkdf2:sha256:600000$saltXYZ$hashedvalue,Pooja Pillai 4146,57,Female,Chennai,Gujarat,"Books,Electronics,Automotive",2024-03-23,False,True
U04147,user04147,user4147@smartcart.ai,pbkdf2:sha256:600000$saltXYZ$hashedvalue,Karan Mehta 4147,47,Male,Chandigarh,Gujarat,"Toys,Home & Kitchen,Sports",2025-10-12,False,True
U04148,user04148,user4148@smartcart.ai,pbkdf2:sha256:600000$saltXYZ$hashedvalue,Sneha Gupta 4148,19,Female,Surat,UP,"Electronics,Home & Kitchen,Fashion,Grocery",2023-09-15,False,True
U04149,user04149,user4149@smartcart.ai,pbkdf2:sha256:600000$saltXYZ$hashedvalue,Ananya Joshi 4149,47,Other,Hyderabad,Tamil Nadu,Electronics,2026-01-16,False,True
U04150,user04150,user4150@smartcart.ai,pbkdf2:sha256:600000$saltXYZ$hashedvalue,Amit Patel 4150,52,Other,Chennai,Rajasthan,"Electronics,Home & Kitchen,Grocery",2024-06-05,False,True
U04151,user04151,user4151@smartcart.ai,pbkdf2:sha256:600000$saltXYZ$hashedvalue,Deepika Nair 4151,59,Female,Delhi,Tamil Nadu,"Home & Kitchen,Sports",2023-08-11,False,True
U04152,user04152,user4152@smartcart.ai,pbkdf2:sha256:600000$saltXYZ$hashedvalue,Karan Mehta 4152,45,Other,Delhi,Gujarat,Electronics,2023-07-10,False,True
U04153,user04153,user4153@smartcart.ai,pbkdf2:sha256:600000$saltXYZ$hashedvalue,Vijay Kumar 4153,60,Male,Ahmedabad,Gujarat,"Toys,Books,Sports",2023-09-16,False,True
U04154,user04154,user4154@smartcart.ai,pbkdf2:sha256:600000$saltXYZ$hashedvalue,Karan Mehta 4154,62,Female,Kolkata,Karnataka,"Electronics,Grocery,Toys",2025-05-27,False,True
U04155,user04155,user4155@smartcart.ai,pbkdf2:sha256:600000$saltXYZ$hashedvalue,Sneha Gupta 4155,18,Other,Ahmedabad,UP,"Grocery,Beauty",2025-11-28,False,True
U04156,user04156,user4156@smartcart.ai,pbkdf2:sha256:600000$saltXYZ$hashedvalue,Deepika Nair 4156,43,Male,Kolkata,Rajasthan,"Sports,Home & Kitchen,Electronics",2025-12-05,False,True
U04157,user04157,user4157@smartcart.ai,pbkdf2:sha256:600000$saltXYZ$hashedvalue,Karan Mehta 4157,20,Other,Jaipur,Maharashtra,"Books,Beauty,Automotive",2023-08-07,False,True
U04158,user04158,user4158@smartcart.ai,pbkdf2:sha256:600000$saltXYZ$hashedvalue,Amit Patel 4158,19,Other,Delhi,Maharashtra,Fashion,2023-11-09,False,True
U04159,user04159,user4159@smartcart.ai,pbkdf2:sha256:600000$saltXYZ$hashedvalue,Sneha Gupta 4159,33,Male,Surat,Maharashtra,"Health,Toys,Fashion,Sports",2024-06-16,False,True
U04160,user04160,user4160@smartcart.ai,pbkdf2:sha256:600000$saltXYZ$hashedvalue,Pooja Pillai 4160,30,Male,Jaipur,Delhi,Electronics,2023-12-29,False,True
U04161,user04161,user4161@smartcart.ai,pbkdf2:sha256:600000$saltXYZ$hashedvalue,Ananya Joshi 4161,43,Other,Jaipur,UP,"Fashion,Beauty",2025-01-30,False,True
U04162,user04162,user4162@smartcart.ai,pbkdf2:sha256:600000$saltXYZ$hashedvalue,Amit Patel 4162,38,Female,Bangalore,Punjab,Toys,2025-03-23,False,True
U04163,user04163,user4163@smartcart.ai,pbkdf2:sha256:600000$saltXYZ$hashedvalue,Sneha Gupta 4163,58,Other,Chennai,UP,Sports,2025-01-11,False,True
U04164,user04164,user4164@smartcart.ai,pbkdf2:sha256:600000$saltXYZ$hashedvalue,Priya Singh 4164,31,Female,Bangalore,Punjab,"Sports,Fashion,Toys",2026-03-31,False,True
U04165,user04165,user4165@smartcart.ai,pbkdf2:sha256:600000$saltXYZ$hashedvalue,Vijay Kumar 4165,27,Male,Hyderabad,Delhi,Grocery,2024-08-21,False,True
U04166,user04166,user4166@smartcart.ai,pbkdf2:sha256:600000$saltXYZ$hashedvalue,Ananya Joshi 4166,55,Other,Kolkata,Rajasthan,"Fashion,Grocery,Beauty",2024-01-31,False,True
U04167,user04167,user4167@smartcart.ai,pbkdf2:sha256:600000$saltXYZ$hashedvalue,Vijay Kumar 4167,52,Female,Pune,West Bengal,"Toys,Home & Kitchen,Fashion,Grocery",2023-06-07,False,True
U04168,user04168,user4168@smartcart.ai,pbkdf2:sha256:600000$saltXYZ$hashedvalue,Amit Patel 4168,18,Female,Lucknow,Tamil Nadu,"Books,Electronics,Toys",2025-12-24,False,True
U04169,user04169,user4169@smartcart.ai,pbkdf2:sha256:600000$saltXYZ$hashedvalue,Amit Patel 4169,53,Female,Surat,Delhi,"Toys,Beauty,Books,Health",2025-04-26,False,True
U04170,user04170,user4170@smartcart.ai,pbkdf2:sha256:600000$saltXYZ$hashedvalue,Sneha Gupta 4170,57,Female,Chennai,Maharashtra,"Home & Kitchen,Fashion",2026-04-02,False,True
U04171,user04171,user4171@smartcart.ai,pbkdf2:sha256:600000$saltXYZ$hashedvalue,Pooja Pillai 4171,52,Other,Mumbai,Maharashtra,Health,2026-04-20,False,True
U04172,user04172,user4172@smartcart.ai,pbkdf2:sha256:600000$saltXYZ$hashedvalue,Deepika Nair 4172,60,Male,Pune,Maharashtra,"Beauty,Grocery",2023-10-31,False,True
U04173,user04173,user4173@smartcart.ai,pbkdf2:sha256:600000$saltXYZ$hashedvalue,Priya Singh 4173,20,Female,Mumbai,Telangana,"Toys,Health",2023-09-15,False,True
U04174,user04174,user4174@smartcart.ai,pbkdf2:sha256:600000$saltXYZ$hashedvalue,Deepika Nair 4174,22,Other,Chennai,Telangana,Electronics,2025-05-06,False,True
U04175,user04175,user4175@smartcart.ai,pbkdf2:sha256:600000$saltXYZ$hashedvalue,Pooja Pillai 4175,62,Male,Chennai,Telangana,"Beauty,Books",2025-07-16,False,True
U04176,user04176,user4176@smartcart.ai,pbkdf2:sha256:600000$saltXYZ$hashedvalue,Vijay Kumar 4176,52,Male,Jaipur,Gujarat,"Fashion,Toys,Sports,Home & Kitchen",2023-08-11,False,False
U04177,user04177,user4177@smartcart.ai,pbkdf2:sha256:600000$saltXYZ$hashedvalue,Priya Singh 4177,38,Other,Jaipur,Punjab,"Beauty,Books",2026-03-17,False,True
U04178,user04178,user4178@smartcart.ai,pbkdf2:sha256:600000$saltXYZ$hashedvalue,Deepika Nair 4178,26,Female,Hyderabad,UP,Sports,2025-04-06,False,True
U04179,user04179,user4179@smartcart.ai,pbkdf2:sha256:600000$saltXYZ$hashedvalue,Deepika Nair 4179,49,Female,Kolkata,Delhi,"Fashion,Electronics",2026-01-02,False,True
U04180,user04180,user4180@smartcart.ai,pbkdf2:sha256:600000$saltXYZ$hashedvalue,Deepika Nair 4180,47,Female,Pune,Maharashtra,"Grocery,Beauty,Automotive,Electronics",2025-04-28,False,True
U04181,user04181,user4181@smartcart.ai,pbkdf2:sha256:600000$saltXYZ$hashedvalue,Amit Patel 4181,22,Other,Delhi,Maharashtra,"Fashion,Books,Home & Kitchen",2023-09-13,False,True
U04182,user04182,user4182@smartcart.ai,pbkdf2:sha256:600000$saltXYZ$hashedvalue,Rohit Verma 4182,36,Female,Delhi,Gujarat,"Home & Kitchen,Sports,Electronics,Automotive",2023-10-10,False,True
U04183,user04183,user4183@smartcart.ai,pbkdf2:sha256:600000$saltXYZ$hashedvalue,Deepika Nair 4183,44,Female,Delhi,West Bengal,Beauty,2024-02-13,False,True
U04184,user04184,user4184@smartcart.ai,pbkdf2:sha256:600000$saltXYZ$hashedvalue,Ananya Joshi 4184,49,Female,Surat,Karnataka,Toys,2025-07-05,False,True
U04185,user04185,user4185@smartcart.ai,pbkdf2:sha256:600000$saltXYZ$hashedvalue,Ananya Joshi 4185,51,Male,Lucknow,Punjab,"Beauty,Books,Fashion,Home & Kitchen",2025-04-08,False,True
U04186,user04186,user4186@smartcart.ai,pbkdf2:sha256:600000$saltXYZ$hashedvalue,Ananya Joshi 4186,26,Female,Kolkata,Rajasthan,"Fashion,Beauty",2025-11-10,False,True
U04187,user04187,user4187@smartcart.ai,pbkdf2:sha256:600000$saltXYZ$hashedvalue,Rahul Sharma 4187,56,Female,Jaipur,Tamil Nadu,"Grocery,Automotive,Fashion,Health",2023-08-06,False,True
U04188,user04188,user4188@smartcart.ai,pbkdf2:sha256:600000$saltXYZ$hashedvalue,Vijay Kumar 4188,30,Male,Kolkata,Rajasthan,"Home & Kitchen,Toys",2025-08-26,False,True
U04189,user04189,user4189@smartcart.ai,pbkdf2:sha256:600000$saltXYZ$hashedvalue,Pooja Pillai 4189,19,Other,Pune,UP,"Toys,Beauty,Health,Electronics",2026-03-29,False,True
U04190,user04190,user4190@smartcart.ai,pbkdf2:sha256:600000$saltXYZ$hashedvalue,Karan Mehta 4190,24,Male,Pune,Karnataka,"Electronics,Home & Kitchen",2023-09-15,False,True
U04191,user04191,user4191@smartcart.ai,pbkdf2:sha256:600000$saltXYZ$hashedvalue,Rohit Verma 4191,49,Other,Delhi,Gujarat,"Grocery,Fashion",2024-07-05,False,True
U04192,user04192,user4192@smartcart.ai,pbkdf2:sha256:600000$saltXYZ$hashedvalue,Amit Patel 4192,41,Male,Chandigarh,Maharashtra,"Electronics,Grocery,Fashion",2023-09-26,False,True
U04193,user04193,user4193@smartcart.ai,pbkdf2:sha256:600000$saltXYZ$hashedvalue,Pooja Pillai 4193,22,Other,Ahmedabad,Maharashtra,"Books,Home & Kitchen,Electronics,Automotive",2025-04-29,False,True
U04194,user04194,user4194@smartcart.ai,pbkdf2:sha256:600000$saltXYZ$hashedvalue,Sneha Gupta 4194,40,Other,Hyderabad,Punjab,"Home & Kitchen,Sports,Electronics,Beauty",2024-09-17,False,False
U04195,user04195,user4195@smartcart.ai,pbkdf2:sha256:600000$saltXYZ$hashedvalue,Rohit Verma 4195,31,Female,Kolkata,Punjab,Grocery,2025-08-08,False,True
U04196,user04196,user4196@smartcart.ai,pbkdf2:sha256:600000$saltXYZ$hashedvalue,Deepika Nair 4196,23,Other,Jaipur,Karnataka,Home & Kitchen,2023-09-03,False,True
U04197,user04197,user4197@smartcart.ai,pbkdf2:sha256:600000$saltXYZ$hashedvalue,Vijay Kumar 4197,61,Other,Ahmedabad,Karnataka,"Toys,Electronics,Sports,Beauty",2023-11-21,False,True
U04198,user04198,user4198@smartcart.ai,pbkdf2:sha256:600000$saltXYZ$hashedvalue,Rahul Sharma 4198,24,Female,Surat,Delhi,Books,2025-01-26,False,True
U04199,user04199,user4199@smartcart.ai,pbkdf2:sha256:600000$saltXYZ$hashedvalue,Pooja Pillai 4199,40,Other,Surat,Punjab,"Grocery,Automotive",2025-10-21,False,True
U04200,user04200,user4200@smartcart.ai,pbkdf2:sha256:600000$saltXYZ$hashedvalue,Karan Mehta 4200,54,Female,Jaipur,West Bengal,"Electronics,Home & Kitchen",2025-11-07,False,False
U04201,user04201,user4201@smartcart.ai,pbkdf2:sha256:600000$saltXYZ$hashedvalue,Vijay Kumar 4201,37,Female,Chandigarh,Telangana,Home & Kitchen,2024-01-18,False,True
U04202,user04202,user4202@smartcart.ai,pbkdf2:sha256:600000$saltXYZ$hashedvalue,Ananya Joshi 4202,35,Female,Chennai,UP,Health,2024-08-05,False,True
U04203,user04203,user4203@smartcart.ai,pbkdf2:sha256:600000$saltXYZ$hashedvalue,Karan Mehta 4203,59,Male,Mumbai,Gujarat,"Health,Home & Kitchen,Fashion",2023-07-14,False,False
U04204,user04204,user4204@smartcart.ai,pbkdf2:sha256:600000$saltXYZ$hashedvalue,Pooja Pillai 4204,53,Other,Kolkata,Rajasthan,"Books,Home & Kitchen,Toys,Grocery",2024-10-23,False,True
U04205,user04205,user4205@smartcart.ai,pbkdf2:sha256:600000$saltXYZ$hashedvalue,Karan Mehta 4205,45,Male,Jaipur,Karnataka,Sports,2024-02-27,False,True
U04206,user04206,user4206@smartcart.ai,pbkdf2:sha256:600000$saltXYZ$hashedvalue,Amit Patel 4206,56,Other,Surat,UP,"Health,Home & Kitchen",2025-08-03,False,True
U04207,user04207,user4207@smartcart.ai,pbkdf2:sha256:600000$saltXYZ$hashedvalue,Ananya Joshi 4207,31,Male,Delhi,Delhi,"Health,Toys,Beauty,Home & Kitchen",2024-04-24,False,True
U04208,user04208,user4208@smartcart.ai,pbkdf2:sha256:600000$saltXYZ$hashedvalue,Rahul Sharma 4208,38,Other,Pune,UP,Books,2023-10-20,False,True
U04209,user04209,user4209@smartcart.ai,pbkdf2:sha256:600000$saltXYZ$hashedvalue,Vijay Kumar 4209,51,Male,Mumbai,Gujarat,"Sports,Toys",2023-08-11,False,True
U04210,user04210,user4210@smartcart.ai,pbkdf2:sha256:600000$saltXYZ$hashedvalue,Karan Mehta 4210,51,Other,Bangalore,West Bengal,"Health,Fashion,Beauty",2024-03-08,False,True
U04211,user04211,user4211@smartcart.ai,pbkdf2:sha256:600000$saltXYZ$hashedvalue,Deepika Nair 4211,30,Male,Jaipur,UP,"Toys,Books,Automotive,Beauty",2024-04-30,False,True
U04212,user04212,user4212@smartcart.ai,pbkdf2:sha256:600000$saltXYZ$hashedvalue,Amit Patel 4212,40,Male,Hyderabad,UP,"Automotive,Grocery,Home & Kitchen,Beauty",2023-08-13,False,True
U04213,user04213,user4213@smartcart.ai,pbkdf2:sha256:600000$saltXYZ$hashedvalue,Rohit Verma 4213,65,Male,Chennai,Telangana,"Grocery,Beauty,Health",2025-07-07,False,True
U04214,user04214,user4214@smartcart.ai,pbkdf2:sha256:600000$saltXYZ$hashedvalue,Sneha Gupta 4214,58,Male,Kolkata,Rajasthan,"Toys,Home & Kitchen,Fashion,Books",2025-06-09,False,True
U04215,user04215,user4215@smartcart.ai,pbkdf2:sha256:600000$saltXYZ$hashedvalue,Karan Mehta 4215,46,Female,Mumbai,Tamil Nadu,"Books,Toys,Home & Kitchen",2023-05-22,False,True
U04216,user04216,user4216@smartcart.ai,pbkdf2:sha256:600000$saltXYZ$hashedvalue,Deepika Nair 4216,18,Female,Jaipur,Rajasthan,"Sports,Books",2025-03-07,False,True
U04217,user04217,user4217@smartcart.ai,pbkdf2:sha256:600000$saltXYZ$hashedvalue,Rahul Sharma 4217,41,Male,Chandigarh,Punjab,"Toys,Fashion,Automotive",2025-03-30,False,True
U04218,user04218,user4218@smartcart.ai,pbkdf2:sha256:600000$saltXYZ$hashedvalue,Amit Patel 4218,38,Other,Delhi,Rajasthan,"Sports,Home & Kitchen,Electronics",2025-10-30,False,True
U04219,user04219,user4219@smartcart.ai,pbkdf2:sha256:600000$saltXYZ$hashedvalue,Karan Mehta 4219,56,Female,Chandigarh,UP,"Books,Beauty,Electronics,Health",2023-06-29,False,True
U04220,user04220,user4220@smartcart.ai,pbkdf2:sha256:600000$saltXYZ$hashedvalue,Sneha Gupta 4220,54,Male,Chennai,Gujarat,"Home & Kitchen,Automotive,Grocery,Toys",2023-06-27,False,True
U04221,user04221,user4221@smartcart.ai,pbkdf2:sha256:600000$saltXYZ$hashedvalue,Amit Patel 4221,53,Other,Chennai,Karnataka,Health,2023-08-16,False,True
U04222,user04222,user4222@smartcart.ai,pbkdf2:sha256:600000$saltXYZ$hashedvalue,Karan Mehta 4222,28,Other,Hyderabad,Delhi,"Sports,Home & Kitchen,Automotive,Health",2025-04-01,False,False
U04223,user04223,user4223@smartcart.ai,pbkdf2:sha256:600000$saltXYZ$hashedvalue,Vijay Kumar 4223,40,Female,Chennai,Karnataka,"Books,Health,Toys,Fashion",2024-02-08,False,True
U04224,user04224,user4224@smartcart.ai,pbkdf2:sha256:600000$saltXYZ$hashedvalue,Priya Singh 4224,40,Other,Pune,Telangana,"Electronics,Grocery,Automotive",2024-10-21,False,True
U04225,user04225,user4225@smartcart.ai,pbkdf2:sha256:600000$saltXYZ$hashedvalue,Priya Singh 4225,59,Male,Kolkata,Karnataka,Sports,2023-11-28,False,True
U04226,user04226,user4226@smartcart.ai,pbkdf2:sha256:600000$saltXYZ$hashedvalue,Sneha Gupta 4226,37,Other,Surat,Gujarat,"Electronics,Health,Grocery",2025-10-27,False,True
U04227,user04227,user4227@smartcart.ai,pbkdf2:sha256:600000$saltXYZ$hashedvalue,Ananya Joshi 4227,40,Male,Bangalore,Maharashtra,"Health,Beauty,Toys",2024-07-29,False,True
U04228,user04228,user4228@smartcart.ai,pbkdf2:sha256:600000$saltXYZ$hashedvalue,Rahul Sharma 4228,21,Female,Mumbai,Gujarat,Home & Kitchen,2026-02-17,False,True
U04229,user04229,user4229@smartcart.ai,pbkdf2:sha256:600000$saltXYZ$hashedvalue,Ananya Joshi 4229,27,Female,Chennai,Tamil Nadu,"Grocery,Home & Kitchen",2026-03-03,False,True
U04230,user04230,user4230@smartcart.ai,pbkdf2:sha256:600000$saltXYZ$hashedvalue,Vijay Kumar 4230,24,Other,Kolkata,Tamil Nadu,"Health,Fashion",2025-05-24,False,True
U04231,user04231,user4231@smartcart.ai,pbkdf2:sha256:600000$saltXYZ$hashedvalue,Pooja Pillai 4231,35,Other,Surat,Delhi,"Electronics,Home & Kitchen,Fashion",2025-09-21,False,True
U04232,user04232,user4232@smartcart.ai,pbkdf2:sha256:600000$saltXYZ$hashedvalue,Rohit Verma 4232,19,Female,Surat,UP,Fashion,2024-05-09,False,True
U04233,user04233,user4233@smartcart.ai,pbkdf2:sha256:600000$saltXYZ$hashedvalue,Sneha Gupta 4233,39,Female,Kolkata,Punjab,"Books,Automotive,Beauty",2023-11-19,False,True
U04234,user04234,user4234@smartcart.ai,pbkdf2:sha256:600000$saltXYZ$hashedvalue,Priya Singh 4234,65,Other,Mumbai,UP,Grocery,2025-04-01,False,True
U04235,user04235,user4235@smartcart.ai,pbkdf2:sha256:600000$saltXYZ$hashedvalue,Sneha Gupta 4235,20,Female,Chandigarh,Karnataka,Toys,2023-08-04,False,False
U04236,user04236,user4236@smartcart.ai,pbkdf2:sha256:600000$saltXYZ$hashedvalue,Deepika Nair 4236,40,Female,Delhi,Karnataka,"Books,Electronics",2025-04-03,False,True
U04237,user04237,user4237@smartcart.ai,pbkdf2:sha256:600000$saltXYZ$hashedvalue,Karan Mehta 4237,65,Male,Ahmedabad,UP,"Sports,Beauty",2024-04-28,False,True
U04238,user04238,user4238@smartcart.ai,pbkdf2:sha256:600000$saltXYZ$hashedvalue,Rohit Verma 4238,46,Male,Mumbai,Delhi,Books,2026-02-16,False,True
U04239,user04239,user4239@smartcart.ai,pbkdf2:sha256:600000$saltXYZ$hashedvalue,Vijay Kumar 4239,36,Male,Ahmedabad,UP,"Toys,Automotive,Home & Kitchen",2024-03-08,False,True
U04240,user04240,user4240@smartcart.ai,pbkdf2:sha256:600000$saltXYZ$hashedvalue,Rohit Verma 4240,20,Other,Delhi,Rajasthan,"Toys,Sports,Health",2025-10-29,False,True
U04241,user04241,user4241@smartcart.ai,pbkdf2:sha256:600000$saltXYZ$hashedvalue,Deepika Nair 4241,38,Female,Jaipur,Telangana,"Health,Automotive,Books",2023-08-15,False,True
U04242,user04242,user4242@smartcart.ai,pbkdf2:sha256:600000$saltXYZ$hashedvalue,Amit Patel 4242,56,Other,Lucknow,Maharashtra,"Sports,Automotive,Beauty,Electronics",2026-03-13,False,True
U04243,user04243,user4243@smartcart.ai,pbkdf2:sha256:600000$saltXYZ$hashedvalue,Sneha Gupta 4243,42,Other,Ahmedabad,Delhi,"Electronics,Toys",2025-08-30,False,True
U04244,user04244,user4244@smartcart.ai,pbkdf2:sha256:600000$saltXYZ$hashedvalue,Karan Mehta 4244,61,Male,Pune,Karnataka,"Toys,Health",2024-11-18,False,True
U04245,user04245,user4245@smartcart.ai,pbkdf2:sha256:600000$saltXYZ$hashedvalue,Amit Patel 4245,51,Other,Hyderabad,West Bengal,"Electronics,Home & Kitchen,Books",2024-11-13,False,False
U04246,user04246,user4246@smartcart.ai,pbkdf2:sha256:600000$saltXYZ$hashedvalue,Sneha Gupta 4246,61,Male,Chandigarh,Karnataka,"Home & Kitchen,Grocery,Beauty",2024-09-26,False,True
U04247,user04247,user4247@smartcart.ai,pbkdf2:sha256:600000$saltXYZ$hashedvalue,Karan Mehta 4247,23,Other,Bangalore,Rajasthan,"Health,Beauty,Books,Automotive",2024-12-21,False,True
U04248,user04248,user4248@smartcart.ai,pbkdf2:sha256:600000$saltXYZ$hashedvalue,Priya Singh 4248,49,Male,Jaipur,UP,"Sports,Health,Beauty",2025-03-14,False,False
U04249,user04249,user4249@smartcart.ai,pbkdf2:sha256:600000$saltXYZ$hashedvalue,Amit Patel 4249,64,Male,Delhi,Rajasthan,"Toys,Grocery,Automotive,Home & Kitchen",2026-02-09,False,True
U04250,user04250,user4250@smartcart.ai,pbkdf2:sha256:600000$saltXYZ$hashedvalue,Priya Singh 4250,24,Male,Surat,Delhi,"Health,Automotive,Grocery",2025-02-24,False,True
U04251,user04251,user4251@smartcart.ai,pbkdf2:sha256:600000$saltXYZ$hashedvalue,Ananya Joshi 4251,59,Male,Mumbai,Punjab,Sports,2024-10-28,False,True
U04252,user04252,user4252@smartcart.ai,pbkdf2:sha256:600000$saltXYZ$hashedvalue,Ananya Joshi 4252,46,Male,Pune,Delhi,"Automotive,Home & Kitchen,Grocery",2025-10-26,False,True
U04253,user04253,user4253@smartcart.ai,pbkdf2:sha256:600000$saltXYZ$hashedvalue,Pooja Pillai 4253,49,Male,Lucknow,UP,Sports,2025-10-28,False,False
U04254,user04254,user4254@smartcart.ai,pbkdf2:sha256:600000$saltXYZ$hashedvalue,Rahul Sharma 4254,23,Female,Pune,Karnataka,Toys,2026-01-27,False,True
U04255,user04255,user4255@smartcart.ai,pbkdf2:sha256:600000$saltXYZ$hashedvalue,Rahul Sharma 4255,63,Female,Pune,Delhi,"Electronics,Health,Books,Home & Kitchen",2025-04-28,False,True
U04256,user04256,user4256@smartcart.ai,pbkdf2:sha256:600000$saltXYZ$hashedvalue,Rohit Verma 4256,26,Female,Jaipur,UP,"Automotive,Electronics",2026-01-17,False,True
U04257,user04257,user4257@smartcart.ai,pbkdf2:sha256:600000$saltXYZ$hashedvalue,Deepika Nair 4257,26,Male,Pune,UP,"Home & Kitchen,Automotive,Grocery,Electronics",2023-07-13,False,True
U04258,user04258,user4258@smartcart.ai,pbkdf2:sha256:600000$saltXYZ$hashedvalue,Amit Patel 4258,59,Other,Surat,Tamil Nadu,"Health,Fashion,Books,Sports",2024-08-13,False,True
U04259,user04259,user4259@smartcart.ai,pbkdf2:sha256:600000$saltXYZ$hashedvalue,Ananya Joshi 4259,48,Other,Delhi,Rajasthan,"Grocery,Sports,Health,Fashion",2025-03-09,False,True
U04260,user04260,user4260@smartcart.ai,pbkdf2:sha256:600000$saltXYZ$hashedvalue,Pooja Pillai 4260,26,Other,Kolkata,Punjab,"Fashion,Health,Toys,Grocery",2023-09-09,False,True
U04261,user04261,user4261@smartcart.ai,pbkdf2:sha256:600000$saltXYZ$hashedvalue,Rahul Sharma 4261,24,Other,Surat,Karnataka,"Toys,Health",2023-09-21,False,True
U04262,user04262,user4262@smartcart.ai,pbkdf2:sha256:600000$saltXYZ$hashedvalue,Sneha Gupta 4262,55,Male,Kolkata,Telangana,"Health,Electronics,Home & Kitchen",2024-12-11,False,True
U04263,user04263,user4263@smartcart.ai,pbkdf2:sha256:600000$saltXYZ$hashedvalue,Pooja Pillai 4263,60,Female,Chandigarh,West Bengal,"Fashion,Sports,Books",2025-01-30,False,True
U04264,user04264,user4264@smartcart.ai,pbkdf2:sha256:600000$saltXYZ$hashedvalue,Ananya Joshi 4264,26,Male,Chennai,Maharashtra,Fashion,2024-12-25,False,True
U04265,user04265,user4265@smartcart.ai,pbkdf2:sha256:600000$saltXYZ$hashedvalue,Priya Singh 4265,56,Male,Kolkata,Rajasthan,"Books,Health,Grocery,Toys",2026-02-24,False,True
U04266,user04266,user4266@smartcart.ai,pbkdf2:sha256:600000$saltXYZ$hashedvalue,Deepika Nair 4266,39,Female,Mumbai,Karnataka,"Automotive,Books",2023-09-22,False,True
U04267,user04267,user4267@smartcart.ai,pbkdf2:sha256:600000$saltXYZ$hashedvalue,Ananya Joshi 4267,23,Other,Hyderabad,Delhi,"Electronics,Toys,Sports",2023-06-26,False,True
U04268,user04268,user4268@smartcart.ai,pbkdf2:sha256:600000$saltXYZ$hashedvalue,Sneha Gupta 4268,52,Male,Lucknow,UP,Toys,2026-02-21,False,True
U04269,user04269,user4269@smartcart.ai,pbkdf2:sha256:600000$saltXYZ$hashedvalue,Karan Mehta 4269,42,Female,Bangalore,Rajasthan,"Health,Home & Kitchen",2024-07-01,False,True
U04270,user04270,user4270@smartcart.ai,pbkdf2:sha256:600000$saltXYZ$hashedvalue,Amit Patel 4270,59,Female,Chandigarh,Delhi,"Automotive,Books,Fashion",2025-12-30,False,True
U04271,user04271,user4271@smartcart.ai,pbkdf2:sha256:600000$saltXYZ$hashedvalue,Priya Singh 4271,28,Other,Surat,Rajasthan,"Fashion,Sports",2024-02-03,False,True
U04272,user04272,user4272@smartcart.ai,pbkdf2:sha256:600000$saltXYZ$hashedvalue,Ananya Joshi 4272,38,Male,Surat,Gujarat,"Automotive,Sports",2024-03-08,False,False
U04273,user04273,user4273@smartcart.ai,pbkdf2:sha256:600000$saltXYZ$hashedvalue,Pooja Pillai 4273,48,Male,Kolkata,Gujarat,"Books,Sports,Grocery",2024-08-27,False,True
U04274,user04274,user4274@smartcart.ai,pbkdf2:sha256:600000$saltXYZ$hashedvalue,Pooja Pillai 4274,36,Female,Surat,Punjab,"Sports,Home & Kitchen",2024-12-20,False,True
U04275,user04275,user4275@smartcart.ai,pbkdf2:sha256:600000$saltXYZ$hashedvalue,Ananya Joshi 4275,54,Other,Chennai,Delhi,"Fashion,Books,Toys",2025-07-13,False,True
U04276,user04276,user4276@smartcart.ai,pbkdf2:sha256:600000$saltXYZ$hashedvalue,Karan Mehta 4276,44,Male,Jaipur,Delhi,"Automotive,Grocery",2025-07-24,False,True
U04277,user04277,user4277@smartcart.ai,pbkdf2:sha256:600000$saltXYZ$hashedvalue,Pooja Pillai 4277,43,Other,Mumbai,Delhi,Health,2025-02-16,False,True
U04278,user04278,user4278@smartcart.ai,pbkdf2:sha256:600000$saltXYZ$hashedvalue,Pooja Pillai 4278,61,Female,Hyderabad,Maharashtra,Fashion,2024-11-06,False,False
U04279,user04279,user4279@smartcart.ai,pbkdf2:sha256:600000$saltXYZ$hashedvalue,Sneha Gupta 4279,20,Male,Mumbai,UP,Toys,2024-02-05,False,True
U04280,user04280,user4280@smartcart.ai,pbkdf2:sha256:600000$saltXYZ$hashedvalue,Rahul Sharma 4280,33,Male,Lucknow,Gujarat,"Health,Electronics,Sports,Grocery",2023-04-24,False,True
U04281,user04281,user4281@smartcart.ai,pbkdf2:sha256:600000$saltXYZ$hashedvalue,Ananya Joshi 4281,25,Other,Chennai,Maharashtra,"Grocery,Toys",2023-08-13,False,True
U04282,user04282,user4282@smartcart.ai,pbkdf2:sha256:600000$saltXYZ$hashedvalue,Pooja Pillai 4282,28,Male,Delhi,Gujarat,"Electronics,Books,Beauty",2025-04-18,False,True
U04283,user04283,user4283@smartcart.ai,pbkdf2:sha256:600000$saltXYZ$hashedvalue,Pooja Pillai 4283,33,Male,Chandigarh,UP,"Electronics,Toys,Beauty",2025-02-02,False,True
U04284,user04284,user4284@smartcart.ai,pbkdf2:sha256:600000$saltXYZ$hashedvalue,Rohit Verma 4284,47,Male,Chandigarh,West Bengal,"Beauty,Fashion,Toys",2025-10-22,False,True
U04285,user04285,user4285@smartcart.ai,pbkdf2:sha256:600000$saltXYZ$hashedvalue,Sneha Gupta 4285,47,Male,Pune,Punjab,Home & Kitchen,2024-03-14,False,True
U04286,user04286,user4286@smartcart.ai,pbkdf2:sha256:600000$saltXYZ$hashedvalue,Ananya Joshi 4286,63,Other,Chandigarh,West Bengal,Automotive,2024-04-29,False,True
U04287,user04287,user4287@smartcart.ai,pbkdf2:sha256:600000$saltXYZ$hashedvalue,Karan Mehta 4287,23,Male,Ahmedabad,West Bengal,"Books,Fashion,Beauty",2024-03-23,False,True
U04288,user04288,user4288@smartcart.ai,pbkdf2:sha256:600000$saltXYZ$hashedvalue,Rohit Verma 4288,61,Other,Lucknow,Telangana,"Health,Sports",2023-12-08,False,True
U04289,user04289,user4289@smartcart.ai,pbkdf2:sha256:600000$saltXYZ$hashedvalue,Ananya Joshi 4289,60,Female,Lucknow,Punjab,"Beauty,Grocery,Health",2025-12-01,False,True
U04290,user04290,user4290@smartcart.ai,pbkdf2:sha256:600000$saltXYZ$hashedvalue,Deepika Nair 4290,39,Other,Ahmedabad,Telangana,Beauty,2025-12-25,False,True
U04291,user04291,user4291@smartcart.ai,pbkdf2:sha256:600000$saltXYZ$hashedvalue,Pooja Pillai 4291,22,Male,Surat,Punjab,"Fashion,Toys",2025-04-27,False,True
U04292,user04292,user4292@smartcart.ai,pbkdf2:sha256:600000$saltXYZ$hashedvalue,Rahul Sharma 4292,44,Male,Hyderabad,West Bengal,Fashion,2025-04-11,False,True
U04293,user04293,user4293@smartcart.ai,pbkdf2:sha256:600000$saltXYZ$hashedvalue,Ananya Joshi 4293,30,Male,Chennai,Telangana,Grocery,2025-01-30,False,True
U04294,user04294,user4294@smartcart.ai,pbkdf2:sha256:600000$saltXYZ$hashedvalue,Rahul Sharma 4294,55,Other,Lucknow,Delhi,"Books,Toys",2025-02-06,False,True
U04295,user04295,user4295@smartcart.ai,pbkdf2:sha256:600000$saltXYZ$hashedvalue,Sneha Gupta 4295,46,Other,Chennai,Telangana,"Beauty,Toys,Sports",2024-02-15,False,True
U04296,user04296,user4296@smartcart.ai,pbkdf2:sha256:600000$saltXYZ$hashedvalue,Deepika Nair 4296,59,Other,Hyderabad,Punjab,"Home & Kitchen,Books",2025-09-25,False,True
U04297,user04297,user4297@smartcart.ai,pbkdf2:sha256:600000$saltXYZ$hashedvalue,Priya Singh 4297,63,Female,Delhi,Maharashtra,"Grocery,Books",2023-04-28,False,True
U04298,user04298,user4298@smartcart.ai,pbkdf2:sha256:600000$saltXYZ$hashedvalue,Pooja Pillai 4298,26,Male,Chennai,Gujarat,"Books,Home & Kitchen",2025-04-01,False,True
U04299,user04299,user4299@smartcart.ai,pbkdf2:sha256:600000$saltXYZ$hashedvalue,Rohit Verma 4299,41,Female,Surat,Punjab,"Beauty,Automotive",2023-08-20,False,True
U04300,user04300,user4300@smartcart.ai,pbkdf2:sha256:600000$saltXYZ$hashedvalue,Priya Singh 4300,40,Female,Pune,West Bengal,"Fashion,Home & Kitchen,Grocery",2024-12-05,False,True
U04301,user04301,user4301@smartcart.ai,pbkdf2:sha256:600000$saltXYZ$hashedvalue,Ananya Joshi 4301,36,Other,Ahmedabad,Telangana,"Beauty,Grocery,Fashion,Books",2025-05-30,False,True
U04302,user04302,user4302@smartcart.ai,pbkdf2:sha256:600000$saltXYZ$hashedvalue,Ananya Joshi 4302,35,Male,Kolkata,Karnataka,Beauty,2023-05-12,False,True
U04303,user04303,user4303@smartcart.ai,pbkdf2:sha256:600000$saltXYZ$hashedvalue,Rahul Sharma 4303,24,Other,Chandigarh,Maharashtra,Books,2023-05-08,False,True
U04304,user04304,user4304@smartcart.ai,pbkdf2:sha256:600000$saltXYZ$hashedvalue,Rahul Sharma 4304,18,Female,Pune,Delhi,"Sports,Grocery",2024-05-10,False,True
U04305,user04305,user4305@smartcart.ai,pbkdf2:sha256:600000$saltXYZ$hashedvalue,Deepika Nair 4305,28,Female,Surat,Karnataka,"Fashion,Health,Automotive",2023-07-20,False,True
U04306,user04306,user4306@smartcart.ai,pbkdf2:sha256:600000$saltXYZ$hashedvalue,Priya Singh 4306,20,Other,Surat,Delhi,"Books,Toys",2025-08-12,False,True
U04307,user04307,user4307@smartcart.ai,pbkdf2:sha256:600000$saltXYZ$hashedvalue,Vijay Kumar 4307,18,Female,Kolkata,Delhi,"Toys,Fashion,Home & Kitchen,Health",2025-08-30,False,True
U04308,user04308,user4308@smartcart.ai,pbkdf2:sha256:600000$saltXYZ$hashedvalue,Ananya Joshi 4308,60,Other,Surat,Maharashtra,"Health,Automotive,Books",2024-04-02,False,True
U04309,user04309,user4309@smartcart.ai,pbkdf2:sha256:600000$saltXYZ$hashedvalue,Vijay Kumar 4309,23,Female,Chennai,Karnataka,"Home & Kitchen,Sports",2023-08-03,False,True
U04310,user04310,user4310@smartcart.ai,pbkdf2:sha256:600000$saltXYZ$hashedvalue,Vijay Kumar 4310,52,Other,Surat,Telangana,"Beauty,Automotive,Fashion",2023-10-04,False,True
U04311,user04311,user4311@smartcart.ai,pbkdf2:sha256:600000$saltXYZ$hashedvalue,Pooja Pillai 4311,45,Male,Surat,Gujarat,"Books,Home & Kitchen,Grocery,Automotive",2025-07-19,False,True
U04312,user04312,user4312@smartcart.ai,pbkdf2:sha256:600000$saltXYZ$hashedvalue,Rohit Verma 4312,19,Male,Surat,UP,"Toys,Fashion,Automotive",2024-04-29,False,True
U04313,user04313,user4313@smartcart.ai,pbkdf2:sha256:600000$saltXYZ$hashedvalue,Deepika Nair 4313,19,Male,Delhi,Telangana,Toys,2024-01-17,False,True
U04314,user04314,user4314@smartcart.ai,pbkdf2:sha256:600000$saltXYZ$hashedvalue,Ananya Joshi 4314,61,Other,Pune,Tamil Nadu,"Health,Sports,Beauty,Books",2023-05-09,False,True
U04315,user04315,user4315@smartcart.ai,pbkdf2:sha256:600000$saltXYZ$hashedvalue,Rohit Verma 4315,62,Male,Chandigarh,Gujarat,"Beauty,Books,Automotive,Fashion",2025-11-24,False,True
U04316,user04316,user4316@smartcart.ai,pbkdf2:sha256:600000$saltXYZ$hashedvalue,Deepika Nair 4316,23,Female,Hyderabad,Maharashtra,"Books,Electronics",2025-02-18,False,True
U04317,user04317,user4317@smartcart.ai,pbkdf2:sha256:600000$saltXYZ$hashedvalue,Priya Singh 4317,30,Female,Surat,Karnataka,"Fashion,Beauty,Toys,Books",2024-12-15,False,True
U04318,user04318,user4318@smartcart.ai,pbkdf2:sha256:600000$saltXYZ$hashedvalue,Priya Singh 4318,42,Male,Jaipur,Punjab,"Electronics,Beauty,Grocery,Health",2025-04-18,False,True
U04319,user04319,user4319@smartcart.ai,pbkdf2:sha256:600000$saltXYZ$hashedvalue,Ananya Joshi 4319,48,Female,Ahmedabad,Maharashtra,Electronics,2024-06-14,False,True
U04320,user04320,user4320@smartcart.ai,pbkdf2:sha256:600000$saltXYZ$hashedvalue,Karan Mehta 4320,34,Male,Hyderabad,Maharashtra,"Electronics,Health,Beauty,Sports",2026-02-15,False,True
U04321,user04321,user4321@smartcart.ai,pbkdf2:sha256:600000$saltXYZ$hashedvalue,Rahul Sharma 4321,58,Male,Delhi,Rajasthan,"Fashion,Sports",2025-01-01,False,True
U04322,user04322,user4322@smartcart.ai,pbkdf2:sha256:600000$saltXYZ$hashedvalue,Rahul Sharma 4322,31,Other,Bangalore,West Bengal,"Health,Home & Kitchen",2025-10-02,False,True
U04323,user04323,user4323@smartcart.ai,pbkdf2:sha256:600000$saltXYZ$hashedvalue,Pooja Pillai 4323,32,Other,Pune,Gujarat,"Grocery,Toys,Electronics",2025-04-15,False,True
U04324,user04324,user4324@smartcart.ai,pbkdf2:sha256:600000$saltXYZ$hashedvalue,Amit Patel 4324,50,Male,Chennai,Maharashtra,"Home & Kitchen,Sports",2023-08-09,False,True
U04325,user04325,user4325@smartcart.ai,pbkdf2:sha256:600000$saltXYZ$hashedvalue,Amit Patel 4325,28,Female,Chennai,Tamil Nadu,"Fashion,Home & Kitchen",2026-01-08,False,True
U04326,user04326,user4326@smartcart.ai,pbkdf2:sha256:600000$saltXYZ$hashedvalue,Deepika Nair 4326,31,Male,Ahmedabad,Gujarat,Beauty,2025-10-31,False,True
U04327,user04327,user4327@smartcart.ai,pbkdf2:sha256:600000$saltXYZ$hashedvalue,Deepika Nair 4327,26,Female,Lucknow,UP,Beauty,2025-10-08,False,True
U04328,user04328,user4328@smartcart.ai,pbkdf2:sha256:600000$saltXYZ$hashedvalue,Deepika Nair 4328,42,Other,Delhi,Delhi,"Health,Books",2025-07-01,False,True
U04329,user04329,user4329@smartcart.ai,pbkdf2:sha256:600000$saltXYZ$hashedvalue,Ananya Joshi 4329,59,Other,Ahmedabad,Karnataka,Grocery,2026-02-08,False,True
U04330,user04330,user4330@smartcart.ai,pbkdf2:sha256:600000$saltXYZ$hashedvalue,Sneha Gupta 4330,58,Female,Chennai,Punjab,Beauty,2025-11-12,False,True
U04331,user04331,user4331@smartcart.ai,pbkdf2:sha256:600000$saltXYZ$hashedvalue,Karan Mehta 4331,53,Other,Chandigarh,Punjab,"Toys,Health,Home & Kitchen,Grocery",2023-06-27,False,True
U04332,user04332,user4332@smartcart.ai,pbkdf2:sha256:600000$saltXYZ$hashedvalue,Rahul Sharma 4332,33,Male,Ahmedabad,Delhi,"Sports,Grocery,Fashion",2025-02-09,False,True
U04333,user04333,user4333@smartcart.ai,pbkdf2:sha256:600000$saltXYZ$hashedvalue,Rohit Verma 4333,47,Female,Bangalore,West Bengal,"Toys,Beauty,Home & Kitchen,Grocery",2025-01-06,False,True
U04334,user04334,user4334@smartcart.ai,pbkdf2:sha256:600000$saltXYZ$hashedvalue,Amit Patel 4334,32,Male,Jaipur,West Bengal,Beauty,2023-10-26,False,True
U04335,user04335,user4335@smartcart.ai,pbkdf2:sha256:600000$saltXYZ$hashedvalue,Amit Patel 4335,26,Male,Kolkata,Tamil Nadu,"Fashion,Grocery,Automotive",2024-11-02,False,True
U04336,user04336,user4336@smartcart.ai,pbkdf2:sha256:600000$saltXYZ$hashedvalue,Karan Mehta 4336,65,Male,Surat,Rajasthan,"Sports,Health,Grocery",2024-03-30,False,True
U04337,user04337,user4337@smartcart.ai,pbkdf2:sha256:600000$saltXYZ$hashedvalue,Sneha Gupta 4337,19,Female,Pune,Punjab,"Grocery,Health",2024-06-19,False,True
U04338,user04338,user4338@smartcart.ai,pbkdf2:sha256:600000$saltXYZ$hashedvalue,Rahul Sharma 4338,57,Male,Jaipur,Delhi,Beauty,2025-08-08,False,True
U04339,user04339,user4339@smartcart.ai,pbkdf2:sha256:600000$saltXYZ$hashedvalue,Priya Singh 4339,34,Female,Chandigarh,Rajasthan,Fashion,2024-11-10,False,True
U04340,user04340,user4340@smartcart.ai,pbkdf2:sha256:600000$saltXYZ$hashedvalue,Vijay Kumar 4340,51,Male,Pune,Gujarat,"Automotive,Home & Kitchen",2023-08-22,False,True
U04341,user04341,user4341@smartcart.ai,pbkdf2:sha256:600000$saltXYZ$hashedvalue,Deepika Nair 4341,25,Female,Bangalore,West Bengal,"Toys,Automotive,Fashion",2024-05-25,False,True
U04342,user04342,user4342@smartcart.ai,pbkdf2:sha256:600000$saltXYZ$hashedvalue,Ananya Joshi 4342,41,Other,Jaipur,Karnataka,"Health,Home & Kitchen",2024-04-04,False,False
U04343,user04343,user4343@smartcart.ai,pbkdf2:sha256:600000$saltXYZ$hashedvalue,Rahul Sharma 4343,39,Female,Bangalore,Gujarat,"Grocery,Electronics,Fashion,Books",2024-01-16,False,True
U04344,user04344,user4344@smartcart.ai,pbkdf2:sha256:600000$saltXYZ$hashedvalue,Pooja Pillai 4344,63,Other,Delhi,Rajasthan,Sports,2024-06-02,False,True
U04345,user04345,user4345@smartcart.ai,pbkdf2:sha256:600000$saltXYZ$hashedvalue,Sneha Gupta 4345,57,Other,Hyderabad,Punjab,"Beauty,Grocery,Health,Books",2024-05-24,False,True
U04346,user04346,user4346@smartcart.ai,pbkdf2:sha256:600000$saltXYZ$hashedvalue,Karan Mehta 4346,34,Other,Bangalore,Punjab,"Home & Kitchen,Electronics",2025-12-11,False,True
U04347,user04347,user4347@smartcart.ai,pbkdf2:sha256:600000$saltXYZ$hashedvalue,Sneha Gupta 4347,33,Other,Ahmedabad,Tamil Nadu,"Toys,Health,Electronics,Automotive",2024-08-12,False,True
U04348,user04348,user4348@smartcart.ai,pbkdf2:sha256:600000$saltXYZ$hashedvalue,Pooja Pillai 4348,35,Other,Surat,Maharashtra,"Automotive,Electronics,Sports,Toys",2023-06-07,False,True
U04349,user04349,user4349@smartcart.ai,pbkdf2:sha256:600000$saltXYZ$hashedvalue,Rahul Sharma 4349,40,Male,Mumbai,UP,"Books,Health,Electronics,Sports",2026-02-04,False,True
U04350,user04350,user4350@smartcart.ai,pbkdf2:sha256:600000$saltXYZ$hashedvalue,Sneha Gupta 4350,30,Other,Chennai,West Bengal,Automotive,2026-01-30,False,True
U04351,user04351,user4351@smartcart.ai,pbkdf2:sha256:600000$saltXYZ$hashedvalue,Rohit Verma 4351,26,Female,Kolkata,West Bengal,Books,2025-08-19,False,True
U04352,user04352,user4352@smartcart.ai,pbkdf2:sha256:600000$saltXYZ$hashedvalue,Rohit Verma 4352,32,Female,Lucknow,Tamil Nadu,"Sports,Grocery",2024-06-16,False,True
U04353,user04353,user4353@smartcart.ai,pbkdf2:sha256:600000$saltXYZ$hashedvalue,Pooja Pillai 4353,44,Female,Bangalore,Telangana,Fashion,2024-01-01,False,True
U04354,user04354,user4354@smartcart.ai,pbkdf2:sha256:600000$saltXYZ$hashedvalue,Karan Mehta 4354,34,Male,Chennai,Gujarat,"Electronics,Grocery,Sports,Toys",2023-09-01,False,True
U04355,user04355,user4355@smartcart.ai,pbkdf2:sha256:600000$saltXYZ$hashedvalue,Vijay Kumar 4355,34,Other,Mumbai,Telangana,"Grocery,Home & Kitchen,Beauty,Health",2024-04-13,False,True
U04356,user04356,user4356@smartcart.ai,pbkdf2:sha256:600000$saltXYZ$hashedvalue,Vijay Kumar 4356,53,Female,Jaipur,Maharashtra,"Fashion,Toys",2024-09-11,False,True
U04357,user04357,user4357@smartcart.ai,pbkdf2:sha256:600000$saltXYZ$hashedvalue,Rahul Sharma 4357,21,Female,Lucknow,West Bengal,Health,2024-07-29,False,True
U04358,user04358,user4358@smartcart.ai,pbkdf2:sha256:600000$saltXYZ$hashedvalue,Deepika Nair 4358,41,Male,Bangalore,Tamil Nadu,"Electronics,Health",2023-05-26,False,True
U04359,user04359,user4359@smartcart.ai,pbkdf2:sha256:600000$saltXYZ$hashedvalue,Ananya Joshi 4359,48,Female,Mumbai,Tamil Nadu,"Automotive,Health,Sports,Electronics",2023-10-28,False,True
U04360,user04360,user4360@smartcart.ai,pbkdf2:sha256:600000$saltXYZ$hashedvalue,Vijay Kumar 4360,48,Female,Ahmedabad,Karnataka,"Health,Grocery",2023-10-14,False,True
U04361,user04361,user4361@smartcart.ai,pbkdf2:sha256:600000$saltXYZ$hashedvalue,Rahul Sharma 4361,40,Other,Delhi,Rajasthan,"Electronics,Automotive,Beauty,Health",2025-03-09,False,True
U04362,user04362,user4362@smartcart.ai,pbkdf2:sha256:600000$saltXYZ$hashedvalue,Karan Mehta 4362,32,Male,Hyderabad,Telangana,"Sports,Health",2025-04-04,False,True
U04363,user04363,user4363@smartcart.ai,pbkdf2:sha256:600000$saltXYZ$hashedvalue,Vijay Kumar 4363,62,Other,Surat,Tamil Nadu,"Electronics,Sports,Home & Kitchen,Books",2024-12-18,False,True
U04364,user04364,user4364@smartcart.ai,pbkdf2:sha256:600000$saltXYZ$hashedvalue,Deepika Nair 4364,52,Other,Delhi,Tamil Nadu,"Beauty,Electronics,Fashion",2025-06-28,False,True
U04365,user04365,user4365@smartcart.ai,pbkdf2:sha256:600000$saltXYZ$hashedvalue,Rahul Sharma 4365,57,Male,Lucknow,Gujarat,Fashion,2023-12-03,False,True
U04366,user04366,user4366@smartcart.ai,pbkdf2:sha256:600000$saltXYZ$hashedvalue,Sneha Gupta 4366,58,Male,Delhi,Maharashtra,"Grocery,Sports",2025-10-05,False,True
U04367,user04367,user4367@smartcart.ai,pbkdf2:sha256:600000$saltXYZ$hashedvalue,Amit Patel 4367,41,Male,Chennai,Maharashtra,"Health,Beauty,Grocery,Home & Kitchen",2025-12-25,False,True
U04368,user04368,user4368@smartcart.ai,pbkdf2:sha256:600000$saltXYZ$hashedvalue,Rohit Verma 4368,62,Female,Kolkata,Punjab,Electronics,2025-05-20,False,True
U04369,user04369,user4369@smartcart.ai,pbkdf2:sha256:600000$saltXYZ$hashedvalue,Priya Singh 4369,27,Female,Delhi,Delhi,"Automotive,Health",2024-04-09,False,True
U04370,user04370,user4370@smartcart.ai,pbkdf2:sha256:600000$saltXYZ$hashedvalue,Priya Singh 4370,58,Female,Jaipur,Gujarat,"Sports,Beauty",2023-08-29,False,True
U04371,user04371,user4371@smartcart.ai,pbkdf2:sha256:600000$saltXYZ$hashedvalue,Rahul Sharma 4371,30,Female,Delhi,Gujarat,"Sports,Health,Electronics",2025-10-03,False,True
U04372,user04372,user4372@smartcart.ai,pbkdf2:sha256:600000$saltXYZ$hashedvalue,Ananya Joshi 4372,62,Female,Surat,Maharashtra,"Books,Fashion",2025-07-24,False,True
U04373,user04373,user4373@smartcart.ai,pbkdf2:sha256:600000$saltXYZ$hashedvalue,Rahul Sharma 4373,58,Female,Bangalore,UP,"Sports,Grocery,Toys,Fashion",2023-08-04,False,True
U04374,user04374,user4374@smartcart.ai,pbkdf2:sha256:600000$saltXYZ$hashedvalue,Rahul Sharma 4374,39,Male,Hyderabad,Rajasthan,"Toys,Home & Kitchen,Electronics",2024-12-22,False,False
U04375,user04375,user4375@smartcart.ai,pbkdf2:sha256:600000$saltXYZ$hashedvalue,Rohit Verma 4375,58,Male,Hyderabad,Punjab,Sports,2023-07-10,False,True
U04376,user04376,user4376@smartcart.ai,pbkdf2:sha256:600000$saltXYZ$hashedvalue,Rohit Verma 4376,49,Other,Bangalore,UP,"Grocery,Beauty,Home & Kitchen,Fashion",2025-08-03,False,True
U04377,user04377,user4377@smartcart.ai,pbkdf2:sha256:600000$saltXYZ$hashedvalue,Ananya Joshi 4377,63,Female,Hyderabad,Gujarat,"Grocery,Sports,Electronics",2023-10-07,False,True
U04378,user04378,user4378@smartcart.ai,pbkdf2:sha256:600000$saltXYZ$hashedvalue,Rahul Sharma 4378,40,Other,Delhi,Telangana,"Automotive,Home & Kitchen,Beauty,Electronics",2025-11-26,False,True
U04379,user04379,user4379@smartcart.ai,pbkdf2:sha256:600000$saltXYZ$hashedvalue,Rohit Verma 4379,43,Female,Hyderabad,Gujarat,Toys,2024-04-13,False,True
U04380,user04380,user4380@smartcart.ai,pbkdf2:sha256:600000$saltXYZ$hashedvalue,Rohit Verma 4380,18,Other,Pune,Punjab,Sports,2025-12-12,False,True
U04381,user04381,user4381@smartcart.ai,pbkdf2:sha256:600000$saltXYZ$hashedvalue,Ananya Joshi 4381,41,Female,Chennai,UP,"Fashion,Automotive,Electronics,Toys",2025-10-27,False,True
U04382,user04382,user4382@smartcart.ai,pbkdf2:sha256:600000$saltXYZ$hashedvalue,Rohit Verma 4382,42,Male,Lucknow,Gujarat,Books,2023-05-09,False,True
U04383,user04383,user4383@smartcart.ai,pbkdf2:sha256:600000$saltXYZ$hashedvalue,Amit Patel 4383,19,Female,Ahmedabad,Gujarat,"Home & Kitchen,Grocery",2024-05-14,False,True
U04384,user04384,user4384@smartcart.ai,pbkdf2:sha256:600000$saltXYZ$hashedvalue,Deepika Nair 4384,57,Female,Bangalore,Karnataka,"Beauty,Health,Books",2024-06-20,False,True
U04385,user04385,user4385@smartcart.ai,pbkdf2:sha256:600000$saltXYZ$hashedvalue,Priya Singh 4385,55,Male,Chennai,Tamil Nadu,"Toys,Sports",2025-05-07,False,True
U04386,user04386,user4386@smartcart.ai,pbkdf2:sha256:600000$saltXYZ$hashedvalue,Rohit Verma 4386,45,Male,Hyderabad,Karnataka,"Health,Automotive",2025-08-27,False,True
U04387,user04387,user4387@smartcart.ai,pbkdf2:sha256:600000$saltXYZ$hashedvalue,Vijay Kumar 4387,51,Male,Surat,Rajasthan,"Beauty,Fashion,Health",2023-12-28,False,True
U04388,user04388,user4388@smartcart.ai,pbkdf2:sha256:600000$saltXYZ$hashedvalue,Rohit Verma 4388,37,Male,Jaipur,West Bengal,"Fashion,Electronics,Beauty",2024-06-23,False,True
U04389,user04389,user4389@smartcart.ai,pbkdf2:sha256:600000$saltXYZ$hashedvalue,Rahul Sharma 4389,53,Female,Chandigarh,UP,"Sports,Beauty,Electronics,Fashion",2023-09-18,False,True
U04390,user04390,user4390@smartcart.ai,pbkdf2:sha256:600000$saltXYZ$hashedvalue,Amit Patel 4390,36,Other,Pune,UP,"Home & Kitchen,Beauty",2025-06-11,False,True
U04391,user04391,user4391@smartcart.ai,pbkdf2:sha256:600000$saltXYZ$hashedvalue,Sneha Gupta 4391,37,Other,Ahmedabad,Delhi,"Beauty,Fashion,Books",2024-10-18,False,True
U04392,user04392,user4392@smartcart.ai,pbkdf2:sha256:600000$saltXYZ$hashedvalue,Ananya Joshi 4392,23,Other,Mumbai,Gujarat,"Fashion,Grocery,Automotive,Sports",2023-12-22,False,True
U04393,user04393,user4393@smartcart.ai,pbkdf2:sha256:600000$saltXYZ$hashedvalue,Rahul Sharma 4393,21,Male,Bangalore,Rajasthan,"Home & Kitchen,Health",2023-11-19,False,True
U04394,user04394,user4394@smartcart.ai,pbkdf2:sha256:600000$saltXYZ$hashedvalue,Pooja Pillai 4394,49,Other,Jaipur,UP,"Health,Home & Kitchen,Sports",2023-12-04,False,True
U04395,user04395,user4395@smartcart.ai,pbkdf2:sha256:600000$saltXYZ$hashedvalue,Pooja Pillai 4395,61,Female,Hyderabad,Rajasthan,"Electronics,Health,Fashion,Home & Kitchen",2024-04-20,False,True
U04396,user04396,user4396@smartcart.ai,pbkdf2:sha256:600000$saltXYZ$hashedvalue,Ananya Joshi 4396,38,Female,Mumbai,Maharashtra,"Health,Electronics,Toys,Books",2024-03-06,False,True
U04397,user04397,user4397@smartcart.ai,pbkdf2:sha256:600000$saltXYZ$hashedvalue,Ananya Joshi 4397,46,Other,Jaipur,Karnataka,"Fashion,Books,Automotive",2024-11-09,False,True
U04398,user04398,user4398@smartcart.ai,pbkdf2:sha256:600000$saltXYZ$hashedvalue,Priya Singh 4398,44,Other,Jaipur,Rajasthan,"Automotive,Health",2025-06-29,False,True
U04399,user04399,user4399@smartcart.ai,pbkdf2:sha256:600000$saltXYZ$hashedvalue,Rahul Sharma 4399,50,Male,Delhi,Telangana,Toys,2023-05-31,False,True
U04400,user04400,user4400@smartcart.ai,pbkdf2:sha256:600000$saltXYZ$hashedvalue,Ananya Joshi 4400,52,Other,Chennai,Gujarat,"Books,Toys,Grocery,Fashion",2024-12-18,False,True
U04401,user04401,user4401@smartcart.ai,pbkdf2:sha256:600000$saltXYZ$hashedvalue,Sneha Gupta 4401,24,Female,Bangalore,Delhi,"Fashion,Health",2026-04-07,False,True
U04402,user04402,user4402@smartcart.ai,pbkdf2:sha256:600000$saltXYZ$hashedvalue,Rahul Sharma 4402,23,Male,Surat,Delhi,Fashion,2024-12-06,False,True
U04403,user04403,user4403@smartcart.ai,pbkdf2:sha256:600000$saltXYZ$hashedvalue,Amit Patel 4403,64,Female,Jaipur,Telangana,"Electronics,Home & Kitchen,Books,Sports",2025-06-13,False,True
U04404,user04404,user4404@smartcart.ai,pbkdf2:sha256:600000$saltXYZ$hashedvalue,Amit Patel 4404,63,Male,Chennai,UP,"Health,Electronics,Automotive,Home & Kitchen",2024-04-27,False,True
U04405,user04405,user4405@smartcart.ai,pbkdf2:sha256:600000$saltXYZ$hashedvalue,Sneha Gupta 4405,58,Female,Lucknow,Punjab,"Automotive,Toys,Books",2026-04-15,False,True
U04406,user04406,user4406@smartcart.ai,pbkdf2:sha256:600000$saltXYZ$hashedvalue,Karan Mehta 4406,51,Other,Bangalore,Delhi,"Automotive,Electronics,Fashion,Beauty",2024-09-11,False,True
U04407,user04407,user4407@smartcart.ai,pbkdf2:sha256:600000$saltXYZ$hashedvalue,Ananya Joshi 4407,53,Male,Mumbai,Delhi,"Grocery,Automotive,Home & Kitchen,Beauty",2025-06-05,False,True
U04408,user04408,user4408@smartcart.ai,pbkdf2:sha256:600000$saltXYZ$hashedvalue,Pooja Pillai 4408,48,Male,Ahmedabad,Tamil Nadu,"Grocery,Sports,Books,Beauty",2024-01-12,False,True
U04409,user04409,user4409@smartcart.ai,pbkdf2:sha256:600000$saltXYZ$hashedvalue,Ananya Joshi 4409,24,Male,Bangalore,Rajasthan,Toys,2023-12-18,False,True
U04410,user04410,user4410@smartcart.ai,pbkdf2:sha256:600000$saltXYZ$hashedvalue,Vijay Kumar 4410,34,Female,Ahmedabad,Tamil Nadu,"Sports,Health,Home & Kitchen",2025-10-13,False,True
U04411,user04411,user4411@smartcart.ai,pbkdf2:sha256:600000$saltXYZ$hashedvalue,Karan Mehta 4411,48,Male,Ahmedabad,Maharashtra,Automotive,2024-11-29,False,True
U04412,user04412,user4412@smartcart.ai,pbkdf2:sha256:600000$saltXYZ$hashedvalue,Karan Mehta 4412,65,Female,Kolkata,Maharashtra,"Automotive,Books,Electronics,Toys",2025-10-11,False,True
U04413,user04413,user4413@smartcart.ai,pbkdf2:sha256:600000$saltXYZ$hashedvalue,Deepika Nair 4413,18,Female,Chandigarh,West Bengal,"Health,Electronics",2025-01-31,False,True
U04414,user04414,user4414@smartcart.ai,pbkdf2:sha256:600000$saltXYZ$hashedvalue,Sneha Gupta 4414,46,Female,Lucknow,Tamil Nadu,"Books,Sports,Home & Kitchen",2024-11-19,False,True
U04415,user04415,user4415@smartcart.ai,pbkdf2:sha256:600000$saltXYZ$hashedvalue,Karan Mehta 4415,46,Other,Ahmedabad,Karnataka,"Health,Grocery",2023-07-10,False,True
U04416,user04416,user4416@smartcart.ai,pbkdf2:sha256:600000$saltXYZ$hashedvalue,Priya Singh 4416,53,Male,Chandigarh,Rajasthan,"Beauty,Sports",2025-02-17,False,True
U04417,user04417,user4417@smartcart.ai,pbkdf2:sha256:600000$saltXYZ$hashedvalue,Pooja Pillai 4417,38,Other,Ahmedabad,Maharashtra,Electronics,2025-08-01,False,True
U04418,user04418,user4418@smartcart.ai,pbkdf2:sha256:600000$saltXYZ$hashedvalue,Priya Singh 4418,26,Other,Chandigarh,Maharashtra,"Beauty,Health,Fashion",2023-07-05,False,True
U04419,user04419,user4419@smartcart.ai,pbkdf2:sha256:600000$saltXYZ$hashedvalue,Sneha Gupta 4419,41,Male,Lucknow,Gujarat,Health,2024-11-24,False,True
U04420,user04420,user4420@smartcart.ai,pbkdf2:sha256:600000$saltXYZ$hashedvalue,Vijay Kumar 4420,38,Male,Pune,Tamil Nadu,"Automotive,Sports",2023-07-20,False,True
U04421,user04421,user4421@smartcart.ai,pbkdf2:sha256:600000$saltXYZ$hashedvalue,Sneha Gupta 4421,64,Other,Jaipur,Telangana,"Sports,Books,Home & Kitchen,Toys",2024-09-14,False,True
U04422,user04422,user4422@smartcart.ai,pbkdf2:sha256:600000$saltXYZ$hashedvalue,Ananya Joshi 4422,21,Other,Ahmedabad,Maharashtra,"Health,Grocery,Home & Kitchen",2025-09-18,False,True
U04423,user04423,user4423@smartcart.ai,pbkdf2:sha256:600000$saltXYZ$hashedvalue,Amit Patel 4423,24,Female,Pune,Karnataka,"Books,Toys,Fashion,Electronics",2024-06-19,False,True
U04424,user04424,user4424@smartcart.ai,pbkdf2:sha256:600000$saltXYZ$hashedvalue,Pooja Pillai 4424,22,Female,Chandigarh,Punjab,"Health,Fashion,Sports",2026-03-30,False,True
U04425,user04425,user4425@smartcart.ai,pbkdf2:sha256:600000$saltXYZ$hashedvalue,Ananya Joshi 4425,28,Other,Ahmedabad,Maharashtra,"Beauty,Automotive,Sports",2025-08-04,False,True
U04426,user04426,user4426@smartcart.ai,pbkdf2:sha256:600000$saltXYZ$hashedvalue,Sneha Gupta 4426,42,Male,Hyderabad,Tamil Nadu,Sports,2023-10-06,False,True
U04427,user04427,user4427@smartcart.ai,pbkdf2:sha256:600000$saltXYZ$hashedvalue,Sneha Gupta 4427,50,Other,Surat,Punjab,Sports,2024-01-31,False,True
U04428,user04428,user4428@smartcart.ai,pbkdf2:sha256:600000$saltXYZ$hashedvalue,Amit Patel 4428,49,Male,Ahmedabad,Gujarat,"Electronics,Books,Fashion,Automotive",2024-01-11,False,True
U04429,user04429,user4429@smartcart.ai,pbkdf2:sha256:600000$saltXYZ$hashedvalue,Vijay Kumar 4429,26,Male,Lucknow,Gujarat,"Grocery,Books,Health,Automotive",2025-09-07,False,True
U04430,user04430,user4430@smartcart.ai,pbkdf2:sha256:600000$saltXYZ$hashedvalue,Karan Mehta 4430,50,Other,Bangalore,Tamil Nadu,"Beauty,Electronics",2024-09-27,False,True
U04431,user04431,user4431@smartcart.ai,pbkdf2:sha256:600000$saltXYZ$hashedvalue,Vijay Kumar 4431,62,Male,Lucknow,Telangana,"Beauty,Fashion",2025-08-22,False,True
U04432,user04432,user4432@smartcart.ai,pbkdf2:sha256:600000$saltXYZ$hashedvalue,Pooja Pillai 4432,37,Female,Hyderabad,Punjab,"Home & Kitchen,Books,Sports",2023-07-21,False,True
U04433,user04433,user4433@smartcart.ai,pbkdf2:sha256:600000$saltXYZ$hashedvalue,Karan Mehta 4433,41,Other,Pune,Maharashtra,Sports,2025-11-20,False,True
U04434,user04434,user4434@smartcart.ai,pbkdf2:sha256:600000$saltXYZ$hashedvalue,Rahul Sharma 4434,21,Other,Lucknow,UP,Automotive,2025-05-08,False,True
U04435,user04435,user4435@smartcart.ai,pbkdf2:sha256:600000$saltXYZ$hashedvalue,Karan Mehta 4435,40,Other,Kolkata,West Bengal,Grocery,2024-03-31,False,True
U04436,user04436,user4436@smartcart.ai,pbkdf2:sha256:600000$saltXYZ$hashedvalue,Rahul Sharma 4436,45,Male,Jaipur,Rajasthan,"Sports,Grocery,Beauty,Health",2024-07-05,False,True
U04437,user04437,user4437@smartcart.ai,pbkdf2:sha256:600000$saltXYZ$hashedvalue,Rahul Sharma 4437,35,Male,Bangalore,Rajasthan,"Toys,Electronics",2025-08-05,False,True
U04438,user04438,user4438@smartcart.ai,pbkdf2:sha256:600000$saltXYZ$hashedvalue,Sneha Gupta 4438,38,Male,Chennai,UP,"Books,Electronics",2024-03-05,False,True
U04439,user04439,user4439@smartcart.ai,pbkdf2:sha256:600000$saltXYZ$hashedvalue,Sneha Gupta 4439,63,Female,Lucknow,Telangana,"Home & Kitchen,Electronics,Books,Toys",2024-12-22,False,True
U04440,user04440,user4440@smartcart.ai,pbkdf2:sha256:600000$saltXYZ$hashedvalue,Pooja Pillai 4440,18,Male,Kolkata,UP,"Health,Toys,Beauty,Books",2024-01-09,False,True
U04441,user04441,user4441@smartcart.ai,pbkdf2:sha256:600000$saltXYZ$hashedvalue,Deepika Nair 4441,55,Male,Lucknow,Maharashtra,"Beauty,Fashion",2026-04-23,False,True
U04442,user04442,user4442@smartcart.ai,pbkdf2:sha256:600000$saltXYZ$hashedvalue,Sneha Gupta 4442,26,Female,Hyderabad,Karnataka,"Home & Kitchen,Beauty",2024-10-04,False,True
U04443,user04443,user4443@smartcart.ai,pbkdf2:sha256:600000$saltXYZ$hashedvalue,Ananya Joshi 4443,22,Male,Delhi,Maharashtra,"Beauty,Grocery,Books",2025-07-17,False,True
U04444,user04444,user4444@smartcart.ai,pbkdf2:sha256:600000$saltXYZ$hashedvalue,Amit Patel 4444,38,Male,Lucknow,Maharashtra,"Toys,Fashion,Home & Kitchen,Electronics",2025-07-29,False,True
U04445,user04445,user4445@smartcart.ai,pbkdf2:sha256:600000$saltXYZ$hashedvalue,Rahul Sharma 4445,54,Female,Ahmedabad,UP,"Home & Kitchen,Books",2026-03-14,False,True
U04446,user04446,user4446@smartcart.ai,pbkdf2:sha256:600000$saltXYZ$hashedvalue,Pooja Pillai 4446,54,Female,Mumbai,West Bengal,"Health,Grocery,Automotive,Home & Kitchen",2023-09-25,False,True
U04447,user04447,user4447@smartcart.ai,pbkdf2:sha256:600000$saltXYZ$hashedvalue,Rahul Sharma 4447,57,Female,Delhi,Tamil Nadu,Toys,2023-06-23,False,True
U04448,user04448,user4448@smartcart.ai,pbkdf2:sha256:600000$saltXYZ$hashedvalue,Rohit Verma 4448,60,Male,Bangalore,UP,"Health,Beauty,Automotive,Toys",2024-02-22,False,True
U04449,user04449,user4449@smartcart.ai,pbkdf2:sha256:600000$saltXYZ$hashedvalue,Pooja Pillai 4449,58,Other,Ahmedabad,Maharashtra,"Books,Automotive",2023-11-23,False,True
U04450,user04450,user4450@smartcart.ai,pbkdf2:sha256:600000$saltXYZ$hashedvalue,Sneha Gupta 4450,47,Male,Lucknow,Karnataka,Automotive,2024-09-05,False,True
U04451,user04451,user4451@smartcart.ai,pbkdf2:sha256:600000$saltXYZ$hashedvalue,Rohit Verma 4451,42,Male,Surat,Telangana,"Sports,Home & Kitchen,Toys",2024-05-06,False,True
U04452,user04452,user4452@smartcart.ai,pbkdf2:sha256:600000$saltXYZ$hashedvalue,Karan Mehta 4452,47,Female,Jaipur,Gujarat,"Sports,Toys,Beauty,Home & Kitchen",2023-09-30,False,True
U04453,user04453,user4453@smartcart.ai,pbkdf2:sha256:600000$saltXYZ$hashedvalue,Ananya Joshi 4453,39,Other,Jaipur,Delhi,"Fashion,Toys,Health",2025-02-12,False,True
U04454,user04454,user4454@smartcart.ai,pbkdf2:sha256:600000$saltXYZ$hashedvalue,Vijay Kumar 4454,58,Other,Chennai,West Bengal,"Books,Beauty,Electronics",2026-02-10,False,True
U04455,user04455,user4455@smartcart.ai,pbkdf2:sha256:600000$saltXYZ$hashedvalue,Vijay Kumar 4455,35,Other,Kolkata,Tamil Nadu,"Fashion,Grocery,Sports",2023-11-29,False,True
U04456,user04456,user4456@smartcart.ai,pbkdf2:sha256:600000$saltXYZ$hashedvalue,Deepika Nair 4456,43,Other,Kolkata,Tamil Nadu,Home & Kitchen,2024-05-16,False,False
U04457,user04457,user4457@smartcart.ai,pbkdf2:sha256:600000$saltXYZ$hashedvalue,Ananya Joshi 4457,65,Other,Kolkata,UP,Health,2024-11-20,False,True
U04458,user04458,user4458@smartcart.ai,pbkdf2:sha256:600000$saltXYZ$hashedvalue,Priya Singh 4458,37,Female,Jaipur,Tamil Nadu,"Home & Kitchen,Automotive",2023-05-10,False,True
U04459,user04459,user4459@smartcart.ai,pbkdf2:sha256:600000$saltXYZ$hashedvalue,Rohit Verma 4459,26,Female,Chandigarh,Tamil Nadu,"Books,Toys,Health",2024-12-14,False,True
U04460,user04460,user4460@smartcart.ai,pbkdf2:sha256:600000$saltXYZ$hashedvalue,Ananya Joshi 4460,52,Other,Jaipur,Maharashtra,"Books,Grocery,Health",2024-03-12,False,True
U04461,user04461,user4461@smartcart.ai,pbkdf2:sha256:600000$saltXYZ$hashedvalue,Pooja Pillai 4461,23,Other,Chandigarh,Delhi,Electronics,2026-02-23,False,True
U04462,user04462,user4462@smartcart.ai,pbkdf2:sha256:600000$saltXYZ$hashedvalue,Ananya Joshi 4462,63,Other,Jaipur,Telangana,"Grocery,Health,Toys",2025-04-07,False,True
U04463,user04463,user4463@smartcart.ai,pbkdf2:sha256:600000$saltXYZ$hashedvalue,Pooja Pillai 4463,43,Other,Mumbai,UP,"Automotive,Grocery,Toys",2025-11-17,False,True
U04464,user04464,user4464@smartcart.ai,pbkdf2:sha256:600000$saltXYZ$hashedvalue,Priya Singh 4464,39,Female,Kolkata,Tamil Nadu,"Health,Books",2025-05-06,False,True
U04465,user04465,user4465@smartcart.ai,pbkdf2:sha256:600000$saltXYZ$hashedvalue,Ananya Joshi 4465,51,Other,Jaipur,Telangana,"Toys,Electronics,Grocery,Sports",2025-03-02,False,True
U04466,user04466,user4466@smartcart.ai,pbkdf2:sha256:600000$saltXYZ$hashedvalue,Vijay Kumar 4466,41,Other,Ahmedabad,Telangana,"Automotive,Books,Health,Toys",2024-12-19,False,True
U04467,user04467,user4467@smartcart.ai,pbkdf2:sha256:600000$saltXYZ$hashedvalue,Rohit Verma 4467,61,Male,Jaipur,Rajasthan,Fashion,2026-03-12,False,True
U04468,user04468,user4468@smartcart.ai,pbkdf2:sha256:600000$saltXYZ$hashedvalue,Ananya Joshi 4468,62,Male,Hyderabad,Gujarat,"Fashion,Sports,Health",2023-05-04,False,True
U04469,user04469,user4469@smartcart.ai,pbkdf2:sha256:600000$saltXYZ$hashedvalue,Priya Singh 4469,48,Other,Lucknow,Karnataka,"Automotive,Sports",2026-01-10,False,True
U04470,user04470,user4470@smartcart.ai,pbkdf2:sha256:600000$saltXYZ$hashedvalue,Amit Patel 4470,23,Other,Surat,Tamil Nadu,"Beauty,Toys",2025-08-17,False,True
U04471,user04471,user4471@smartcart.ai,pbkdf2:sha256:600000$saltXYZ$hashedvalue,Priya Singh 4471,40,Male,Kolkata,Tamil Nadu,"Health,Home & Kitchen,Beauty",2025-07-08,False,True
U04472,user04472,user4472@smartcart.ai,pbkdf2:sha256:600000$saltXYZ$hashedvalue,Rahul Sharma 4472,37,Other,Mumbai,Gujarat,"Books,Home & Kitchen,Electronics",2024-01-19,False,True
U04473,user04473,user4473@smartcart.ai,pbkdf2:sha256:600000$saltXYZ$hashedvalue,Rahul Sharma 4473,36,Male,Mumbai,Rajasthan,"Health,Grocery",2026-02-14,False,True
U04474,user04474,user4474@smartcart.ai,pbkdf2:sha256:600000$saltXYZ$hashedvalue,Deepika Nair 4474,51,Female,Jaipur,Gujarat,"Books,Health,Sports",2024-02-19,False,True
U04475,user04475,user4475@smartcart.ai,pbkdf2:sha256:600000$saltXYZ$hashedvalue,Deepika Nair 4475,61,Female,Chandigarh,Maharashtra,"Grocery,Automotive,Electronics",2023-05-13,False,True
U04476,user04476,user4476@smartcart.ai,pbkdf2:sha256:600000$saltXYZ$hashedvalue,Karan Mehta 4476,65,Other,Lucknow,Punjab,"Electronics,Grocery",2024-12-02,False,False
U04477,user04477,user4477@smartcart.ai,pbkdf2:sha256:600000$saltXYZ$hashedvalue,Deepika Nair 4477,42,Female,Ahmedabad,Telangana,"Automotive,Electronics,Books",2024-12-10,False,True
U04478,user04478,user4478@smartcart.ai,pbkdf2:sha256:600000$saltXYZ$hashedvalue,Deepika Nair 4478,32,Female,Chennai,Karnataka,"Sports,Grocery,Health,Books",2025-08-19,False,True
U04479,user04479,user4479@smartcart.ai,pbkdf2:sha256:600000$saltXYZ$hashedvalue,Rahul Sharma 4479,31,Male,Mumbai,Punjab,"Sports,Toys,Grocery",2023-05-02,False,True
U04480,user04480,user4480@smartcart.ai,pbkdf2:sha256:600000$saltXYZ$hashedvalue,Rahul Sharma 4480,21,Male,Jaipur,West Bengal,Books,2025-03-25,False,True
U04481,user04481,user4481@smartcart.ai,pbkdf2:sha256:600000$saltXYZ$hashedvalue,Ananya Joshi 4481,36,Other,Delhi,UP,"Home & Kitchen,Beauty,Toys",2023-09-08,False,True
U04482,user04482,user4482@smartcart.ai,pbkdf2:sha256:600000$saltXYZ$hashedvalue,Karan Mehta 4482,18,Male,Chennai,Rajasthan,"Toys,Books",2026-01-01,False,True
U04483,user04483,user4483@smartcart.ai,pbkdf2:sha256:600000$saltXYZ$hashedvalue,Rahul Sharma 4483,34,Male,Pune,Maharashtra,Home & Kitchen,2024-08-22,False,True
U04484,user04484,user4484@smartcart.ai,pbkdf2:sha256:600000$saltXYZ$hashedvalue,Sneha Gupta 4484,41,Male,Pune,UP,Fashion,2025-10-14,False,True
U04485,user04485,user4485@smartcart.ai,pbkdf2:sha256:600000$saltXYZ$hashedvalue,Karan Mehta 4485,18,Other,Delhi,Karnataka,"Home & Kitchen,Grocery,Books,Beauty",2026-03-13,False,True
U04486,user04486,user4486@smartcart.ai,pbkdf2:sha256:600000$saltXYZ$hashedvalue,Karan Mehta 4486,60,Female,Chennai,West Bengal,"Home & Kitchen,Beauty",2025-02-22,False,False
U04487,user04487,user4487@smartcart.ai,pbkdf2:sha256:600000$saltXYZ$hashedvalue,Ananya Joshi 4487,38,Male,Jaipur,Telangana,Beauty,2024-09-17,False,True
U04488,user04488,user4488@smartcart.ai,pbkdf2:sha256:600000$saltXYZ$hashedvalue,Deepika Nair 4488,30,Female,Chennai,Delhi,"Toys,Electronics,Books,Health",2023-11-20,False,True
U04489,user04489,user4489@smartcart.ai,pbkdf2:sha256:600000$saltXYZ$hashedvalue,Priya Singh 4489,25,Male,Jaipur,Maharashtra,"Electronics,Beauty",2023-05-28,False,False
U04490,user04490,user4490@smartcart.ai,pbkdf2:sha256:600000$saltXYZ$hashedvalue,Sneha Gupta 4490,55,Other,Chandigarh,Karnataka,"Beauty,Toys",2026-03-21,False,True
U04491,user04491,user4491@smartcart.ai,pbkdf2:sha256:600000$saltXYZ$hashedvalue,Karan Mehta 4491,50,Male,Pune,Rajasthan,Automotive,2024-05-25,False,True
U04492,user04492,user4492@smartcart.ai,pbkdf2:sha256:600000$saltXYZ$hashedvalue,Pooja Pillai 4492,29,Male,Chennai,Gujarat,"Fashion,Toys,Sports,Health",2023-09-09,False,True
U04493,user04493,user4493@smartcart.ai,pbkdf2:sha256:600000$saltXYZ$hashedvalue,Priya Singh 4493,32,Female,Bangalore,Delhi,Fashion,2024-12-08,False,True
U04494,user04494,user4494@smartcart.ai,pbkdf2:sha256:600000$saltXYZ$hashedvalue,Sneha Gupta 4494,64,Other,Jaipur,Telangana,"Sports,Home & Kitchen,Electronics,Fashion",2026-02-24,False,True
U04495,user04495,user4495@smartcart.ai,pbkdf2:sha256:600000$saltXYZ$hashedvalue,Amit Patel 4495,56,Male,Chennai,Telangana,"Beauty,Electronics",2024-08-28,False,True
U04496,user04496,user4496@smartcart.ai,pbkdf2:sha256:600000$saltXYZ$hashedvalue,Rahul Sharma 4496,64,Female,Chandigarh,Rajasthan,"Sports,Books,Toys",2026-03-08,False,True
U04497,user04497,user4497@smartcart.ai,pbkdf2:sha256:600000$saltXYZ$hashedvalue,Rohit Verma 4497,27,Male,Lucknow,Gujarat,"Books,Health",2025-08-25,False,False
U04498,user04498,user4498@smartcart.ai,pbkdf2:sha256:600000$saltXYZ$hashedvalue,Amit Patel 4498,41,Female,Chandigarh,West Bengal,Grocery,2024-08-03,False,True
U04499,user04499,user4499@smartcart.ai,pbkdf2:sha256:600000$saltXYZ$hashedvalue,Vijay Kumar 4499,55,Female,Chennai,Karnataka,"Books,Toys",2025-03-28,False,True
U04500,user04500,user4500@smartcart.ai,pbkdf2:sha256:600000$saltXYZ$hashedvalue,Pooja Pillai 4500,39,Male,Bangalore,Tamil Nadu,"Health,Books,Toys",2023-08-28,False,True
U04501,user04501,user4501@smartcart.ai,pbkdf2:sha256:600000$saltXYZ$hashedvalue,Rohit Verma 4501,58,Other,Chandigarh,Rajasthan,"Health,Beauty,Grocery,Automotive",2025-05-19,False,True
U04502,user04502,user4502@smartcart.ai,pbkdf2:sha256:600000$saltXYZ$hashedvalue,Pooja Pillai 4502,58,Female,Chandigarh,Karnataka,"Toys,Home & Kitchen,Sports,Grocery",2025-10-16,False,True
U04503,user04503,user4503@smartcart.ai,pbkdf2:sha256:600000$saltXYZ$hashedvalue,Amit Patel 4503,25,Male,Mumbai,Tamil Nadu,Beauty,2023-11-03,False,False
U04504,user04504,user4504@smartcart.ai,pbkdf2:sha256:600000$saltXYZ$hashedvalue,Rohit Verma 4504,29,Male,Chennai,Gujarat,"Electronics,Automotive",2025-10-27,False,True
U04505,user04505,user4505@smartcart.ai,pbkdf2:sha256:600000$saltXYZ$hashedvalue,Karan Mehta 4505,33,Male,Bangalore,Rajasthan,Automotive,2025-06-15,False,True
U04506,user04506,user4506@smartcart.ai,pbkdf2:sha256:600000$saltXYZ$hashedvalue,Rahul Sharma 4506,50,Female,Kolkata,Tamil Nadu,"Toys,Books,Electronics,Grocery",2023-09-08,False,True
U04507,user04507,user4507@smartcart.ai,pbkdf2:sha256:600000$saltXYZ$hashedvalue,Amit Patel 4507,47,Male,Hyderabad,Punjab,"Fashion,Health",2025-10-20,False,True
U04508,user04508,user4508@smartcart.ai,pbkdf2:sha256:600000$saltXYZ$hashedvalue,Rahul Sharma 4508,27,Female,Delhi,Rajasthan,Grocery,2024-08-27,False,True
U04509,user04509,user4509@smartcart.ai,pbkdf2:sha256:600000$saltXYZ$hashedvalue,Rohit Verma 4509,24,Male,Mumbai,West Bengal,Grocery,2025-04-13,False,True
U04510,user04510,user4510@smartcart.ai,pbkdf2:sha256:600000$saltXYZ$hashedvalue,Vijay Kumar 4510,47,Male,Surat,Rajasthan,"Books,Fashion",2023-11-25,False,True
U04511,user04511,user4511@smartcart.ai,pbkdf2:sha256:600000$saltXYZ$hashedvalue,Karan Mehta 4511,24,Male,Kolkata,Punjab,Grocery,2024-01-18,False,True
U04512,user04512,user4512@smartcart.ai,pbkdf2:sha256:600000$saltXYZ$hashedvalue,Karan Mehta 4512,30,Male,Ahmedabad,Rajasthan,"Fashion,Home & Kitchen",2024-10-26,False,True
U04513,user04513,user4513@smartcart.ai,pbkdf2:sha256:600000$saltXYZ$hashedvalue,Vijay Kumar 4513,56,Other,Delhi,Punjab,"Sports,Grocery",2023-05-28,False,True
U04514,user04514,user4514@smartcart.ai,pbkdf2:sha256:600000$saltXYZ$hashedvalue,Pooja Pillai 4514,47,Other,Mumbai,West Bengal,"Home & Kitchen,Books,Grocery,Sports",2024-07-22,False,True
U04515,user04515,user4515@smartcart.ai,pbkdf2:sha256:600000$saltXYZ$hashedvalue,Vijay Kumar 4515,46,Other,Mumbai,Gujarat,"Electronics,Toys",2025-04-30,False,True
U04516,user04516,user4516@smartcart.ai,pbkdf2:sha256:600000$saltXYZ$hashedvalue,Sneha Gupta 4516,54,Female,Jaipur,Telangana,Toys,2024-01-14,False,False
U04517,user04517,user4517@smartcart.ai,pbkdf2:sha256:600000$saltXYZ$hashedvalue,Pooja Pillai 4517,61,Male,Jaipur,West Bengal,"Health,Sports",2025-11-17,False,True
U04518,user04518,user4518@smartcart.ai,pbkdf2:sha256:600000$saltXYZ$hashedvalue,Rohit Verma 4518,23,Female,Chandigarh,Karnataka,"Electronics,Books,Sports",2023-06-28,False,True
U04519,user04519,user4519@smartcart.ai,pbkdf2:sha256:600000$saltXYZ$hashedvalue,Priya Singh 4519,34,Other,Delhi,Telangana,"Grocery,Electronics",2024-09-25,False,True
U04520,user04520,user4520@smartcart.ai,pbkdf2:sha256:600000$saltXYZ$hashedvalue,Rohit Verma 4520,37,Male,Kolkata,Gujarat,Sports,2025-12-28,False,True
U04521,user04521,user4521@smartcart.ai,pbkdf2:sha256:600000$saltXYZ$hashedvalue,Priya Singh 4521,20,Male,Chandigarh,Karnataka,"Fashion,Books,Grocery,Health",2025-12-07,False,True
U04522,user04522,user4522@smartcart.ai,pbkdf2:sha256:600000$saltXYZ$hashedvalue,Vijay Kumar 4522,34,Female,Chennai,UP,Health,2024-02-04,False,True
U04523,user04523,user4523@smartcart.ai,pbkdf2:sha256:600000$saltXYZ$hashedvalue,Deepika Nair 4523,52,Male,Surat,West Bengal,"Fashion,Electronics,Automotive",2023-07-13,False,True
U04524,user04524,user4524@smartcart.ai,pbkdf2:sha256:600000$saltXYZ$hashedvalue,Ananya Joshi 4524,33,Female,Hyderabad,Telangana,Toys,2025-02-08,False,True
U04525,user04525,user4525@smartcart.ai,pbkdf2:sha256:600000$saltXYZ$hashedvalue,Ananya Joshi 4525,55,Other,Chennai,Delhi,"Beauty,Fashion,Home & Kitchen",2025-10-29,False,True
U04526,user04526,user4526@smartcart.ai,pbkdf2:sha256:600000$saltXYZ$hashedvalue,Vijay Kumar 4526,46,Other,Surat,Gujarat,"Books,Health",2023-11-03,False,True
U04527,user04527,user4527@smartcart.ai,pbkdf2:sha256:600000$saltXYZ$hashedvalue,Ananya Joshi 4527,64,Female,Bangalore,Karnataka,Beauty,2025-05-17,False,True
U04528,user04528,user4528@smartcart.ai,pbkdf2:sha256:600000$saltXYZ$hashedvalue,Rohit Verma 4528,58,Other,Kolkata,West Bengal,"Fashion,Automotive",2025-03-30,False,True
U04529,user04529,user4529@smartcart.ai,pbkdf2:sha256:600000$saltXYZ$hashedvalue,Sneha Gupta 4529,39,Other,Bangalore,Punjab,"Health,Books,Automotive,Grocery",2024-09-09,False,True
U04530,user04530,user4530@smartcart.ai,pbkdf2:sha256:600000$saltXYZ$hashedvalue,Sneha Gupta 4530,59,Female,Kolkata,Punjab,Books,2023-04-25,False,True
U04531,user04531,user4531@smartcart.ai,pbkdf2:sha256:600000$saltXYZ$hashedvalue,Karan Mehta 4531,20,Female,Surat,Rajasthan,"Home & Kitchen,Automotive,Toys",2024-09-28,False,True
U04532,user04532,user4532@smartcart.ai,pbkdf2:sha256:600000$saltXYZ$hashedvalue,Sneha Gupta 4532,22,Female,Jaipur,Maharashtra,"Electronics,Books",2024-10-07,False,True
U04533,user04533,user4533@smartcart.ai,pbkdf2:sha256:600000$saltXYZ$hashedvalue,Pooja Pillai 4533,50,Female,Chandigarh,Punjab,"Toys,Electronics,Beauty",2024-01-15,False,True
U04534,user04534,user4534@smartcart.ai,pbkdf2:sha256:600000$saltXYZ$hashedvalue,Sneha Gupta 4534,46,Male,Chandigarh,Gujarat,"Books,Beauty,Fashion",2025-07-24,False,True
U04535,user04535,user4535@smartcart.ai,pbkdf2:sha256:600000$saltXYZ$hashedvalue,Sneha Gupta 4535,18,Other,Jaipur,Tamil Nadu,Toys,2024-10-09,False,False
U04536,user04536,user4536@smartcart.ai,pbkdf2:sha256:600000$saltXYZ$hashedvalue,Vijay Kumar 4536,19,Other,Ahmedabad,Telangana,Sports,2025-11-23,False,True
U04537,user04537,user4537@smartcart.ai,pbkdf2:sha256:600000$saltXYZ$hashedvalue,Sneha Gupta 4537,38,Other,Chennai,Telangana,"Toys,Sports,Fashion",2024-03-30,False,True
U04538,user04538,user4538@smartcart.ai,pbkdf2:sha256:600000$saltXYZ$hashedvalue,Priya Singh 4538,36,Male,Ahmedabad,Punjab,"Beauty,Grocery,Books",2025-02-04,False,True
U04539,user04539,user4539@smartcart.ai,pbkdf2:sha256:600000$saltXYZ$hashedvalue,Rahul Sharma 4539,60,Male,Delhi,Tamil Nadu,"Books,Grocery,Automotive",2024-05-26,False,True
U04540,user04540,user4540@smartcart.ai,pbkdf2:sha256:600000$saltXYZ$hashedvalue,Priya Singh 4540,43,Female,Ahmedabad,West Bengal,"Home & Kitchen,Books,Automotive,Beauty",2024-03-25,False,True
U04541,user04541,user4541@smartcart.ai,pbkdf2:sha256:600000$saltXYZ$hashedvalue,Rohit Verma 4541,60,Other,Ahmedabad,UP,"Books,Electronics,Grocery",2026-02-14,False,True
U04542,user04542,user4542@smartcart.ai,pbkdf2:sha256:600000$saltXYZ$hashedvalue,Priya Singh 4542,60,Female,Mumbai,Karnataka,"Books,Fashion,Sports,Health",2024-04-08,False,True
U04543,user04543,user4543@smartcart.ai,pbkdf2:sha256:600000$saltXYZ$hashedvalue,Vijay Kumar 4543,56,Other,Bangalore,Delhi,"Toys,Beauty",2024-04-10,False,True
U04544,user04544,user4544@smartcart.ai,pbkdf2:sha256:600000$saltXYZ$hashedvalue,Sneha Gupta 4544,56,Other,Ahmedabad,Punjab,"Toys,Fashion,Home & Kitchen",2025-10-29,False,True
U04545,user04545,user4545@smartcart.ai,pbkdf2:sha256:600000$saltXYZ$hashedvalue,Sneha Gupta 4545,22,Female,Lucknow,Rajasthan,"Electronics,Fashion",2023-11-11,False,True
U04546,user04546,user4546@smartcart.ai,pbkdf2:sha256:600000$saltXYZ$hashedvalue,Amit Patel 4546,32,Other,Pune,Delhi,Grocery,2024-07-08,False,True
U04547,user04547,user4547@smartcart.ai,pbkdf2:sha256:600000$saltXYZ$hashedvalue,Rohit Verma 4547,42,Male,Hyderabad,Rajasthan,"Fashion,Home & Kitchen,Books,Sports",2025-09-13,False,True
U04548,user04548,user4548@smartcart.ai,pbkdf2:sha256:600000$saltXYZ$hashedvalue,Ananya Joshi 4548,53,Other,Delhi,Karnataka,"Automotive,Books,Sports",2023-06-07,False,True
U04549,user04549,user4549@smartcart.ai,pbkdf2:sha256:600000$saltXYZ$hashedvalue,Pooja Pillai 4549,18,Male,Mumbai,Rajasthan,Books,2024-07-04,False,True
U04550,user04550,user4550@smartcart.ai,pbkdf2:sha256:600000$saltXYZ$hashedvalue,Karan Mehta 4550,62,Female,Mumbai,West Bengal,"Electronics,Beauty,Sports",2024-09-23,False,True
U04551,user04551,user4551@smartcart.ai,pbkdf2:sha256:600000$saltXYZ$hashedvalue,Ananya Joshi 4551,53,Female,Hyderabad,West Bengal,"Automotive,Fashion,Health,Books",2023-06-17,False,True
U04552,user04552,user4552@smartcart.ai,pbkdf2:sha256:600000$saltXYZ$hashedvalue,Rahul Sharma 4552,49,Female,Ahmedabad,Delhi,"Sports,Toys,Automotive,Books",2023-11-13,False,True
U04553,user04553,user4553@smartcart.ai,pbkdf2:sha256:600000$saltXYZ$hashedvalue,Rahul Sharma 4553,60,Male,Mumbai,UP,"Automotive,Home & Kitchen",2025-12-01,False,True
U04554,user04554,user4554@smartcart.ai,pbkdf2:sha256:600000$saltXYZ$hashedvalue,Vijay Kumar 4554,40,Female,Surat,Tamil Nadu,"Sports,Beauty,Grocery",2026-01-04,False,True
U04555,user04555,user4555@smartcart.ai,pbkdf2:sha256:600000$saltXYZ$hashedvalue,Priya Singh 4555,36,Male,Lucknow,Rajasthan,"Sports,Home & Kitchen,Books",2026-01-02,False,True
U04556,user04556,user4556@smartcart.ai,pbkdf2:sha256:600000$saltXYZ$hashedvalue,Ananya Joshi 4556,41,Female,Pune,Punjab,"Beauty,Grocery,Toys,Sports",2024-08-23,False,True
U04557,user04557,user4557@smartcart.ai,pbkdf2:sha256:600000$saltXYZ$hashedvalue,Amit Patel 4557,19,Female,Surat,Telangana,"Electronics,Toys,Automotive,Fashion",2025-09-07,False,True
U04558,user04558,user4558@smartcart.ai,pbkdf2:sha256:600000$saltXYZ$hashedvalue,Karan Mehta 4558,54,Male,Bangalore,Delhi,"Sports,Beauty,Grocery",2023-07-03,False,True
U04559,user04559,user4559@smartcart.ai,pbkdf2:sha256:600000$saltXYZ$hashedvalue,Vijay Kumar 4559,51,Female,Mumbai,Karnataka,"Sports,Electronics,Home & Kitchen",2026-04-16,False,True
U04560,user04560,user4560@smartcart.ai,pbkdf2:sha256:600000$saltXYZ$hashedvalue,Priya Singh 4560,43,Other,Pune,Karnataka,Health,2024-09-02,False,True
U04561,user04561,user4561@smartcart.ai,pbkdf2:sha256:600000$saltXYZ$hashedvalue,Deepika Nair 4561,59,Other,Ahmedabad,West Bengal,"Books,Electronics",2025-10-03,False,True
U04562,user04562,user4562@smartcart.ai,pbkdf2:sha256:600000$saltXYZ$hashedvalue,Deepika Nair 4562,39,Male,Delhi,Telangana,"Fashion,Automotive,Health,Electronics",2023-07-29,False,True
U04563,user04563,user4563@smartcart.ai,pbkdf2:sha256:600000$saltXYZ$hashedvalue,Deepika Nair 4563,50,Male,Lucknow,Telangana,"Toys,Electronics",2025-02-13,False,True
U04564,user04564,user4564@smartcart.ai,pbkdf2:sha256:600000$saltXYZ$hashedvalue,Vijay Kumar 4564,45,Male,Chandigarh,West Bengal,"Toys,Books",2023-09-15,False,True
U04565,user04565,user4565@smartcart.ai,pbkdf2:sha256:600000$saltXYZ$hashedvalue,Deepika Nair 4565,30,Female,Kolkata,Tamil Nadu,"Fashion,Toys,Automotive",2025-07-13,False,True
U04566,user04566,user4566@smartcart.ai,pbkdf2:sha256:600000$saltXYZ$hashedvalue,Karan Mehta 4566,26,Male,Chandigarh,Rajasthan,Beauty,2026-02-28,False,True
U04567,user04567,user4567@smartcart.ai,pbkdf2:sha256:600000$saltXYZ$hashedvalue,Vijay Kumar 4567,59,Female,Chandigarh,Maharashtra,"Books,Health",2023-08-09,False,True
U04568,user04568,user4568@smartcart.ai,pbkdf2:sha256:600000$saltXYZ$hashedvalue,Ananya Joshi 4568,35,Female,Lucknow,Delhi,"Beauty,Electronics,Grocery,Books",2023-08-30,False,True
U04569,user04569,user4569@smartcart.ai,pbkdf2:sha256:600000$saltXYZ$hashedvalue,Priya Singh 4569,44,Other,Bangalore,Tamil Nadu,"Grocery,Sports",2023-07-19,False,True
U04570,user04570,user4570@smartcart.ai,pbkdf2:sha256:600000$saltXYZ$hashedvalue,Ananya Joshi 4570,60,Other,Kolkata,Karnataka,"Health,Toys,Books",2024-11-26,False,True
U04571,user04571,user4571@smartcart.ai,pbkdf2:sha256:600000$saltXYZ$hashedvalue,Sneha Gupta 4571,53,Male,Mumbai,Gujarat,"Grocery,Beauty",2024-01-26,False,True
U04572,user04572,user4572@smartcart.ai,pbkdf2:sha256:600000$saltXYZ$hashedvalue,Amit Patel 4572,46,Male,Bangalore,Rajasthan,"Health,Home & Kitchen,Books,Toys",2023-06-20,False,True
U04573,user04573,user4573@smartcart.ai,pbkdf2:sha256:600000$saltXYZ$hashedvalue,Vijay Kumar 4573,26,Other,Ahmedabad,Gujarat,"Health,Electronics,Automotive",2025-12-04,False,True
U04574,user04574,user4574@smartcart.ai,pbkdf2:sha256:600000$saltXYZ$hashedvalue,Amit Patel 4574,62,Female,Mumbai,Gujarat,"Toys,Home & Kitchen",2026-04-20,False,True
U04575,user04575,user4575@smartcart.ai,pbkdf2:sha256:600000$saltXYZ$hashedvalue,Deepika Nair 4575,47,Male,Mumbai,Karnataka,Fashion,2025-10-09,False,True
U04576,user04576,user4576@smartcart.ai,pbkdf2:sha256:600000$saltXYZ$hashedvalue,Sneha Gupta 4576,37,Other,Surat,Delhi,"Electronics,Toys,Home & Kitchen,Sports",2023-06-23,False,True
U04577,user04577,user4577@smartcart.ai,pbkdf2:sha256:600000$saltXYZ$hashedvalue,Deepika Nair 4577,40,Male,Kolkata,Tamil Nadu,"Toys,Electronics,Grocery,Fashion",2023-10-16,False,False
U04578,user04578,user4578@smartcart.ai,pbkdf2:sha256:600000$saltXYZ$hashedvalue,Karan Mehta 4578,51,Female,Bangalore,West Bengal,"Beauty,Grocery,Automotive,Sports",2025-12-16,False,True
U04579,user04579,user4579@smartcart.ai,pbkdf2:sha256:600000$saltXYZ$hashedvalue,Karan Mehta 4579,65,Male,Bangalore,Punjab,Electronics,2023-06-15,False,True
U04580,user04580,user4580@smartcart.ai,pbkdf2:sha256:600000$saltXYZ$hashedvalue,Karan Mehta 4580,65,Other,Surat,West Bengal,"Sports,Electronics,Home & Kitchen,Fashion",2025-02-03,False,True
U04581,user04581,user4581@smartcart.ai,pbkdf2:sha256:600000$saltXYZ$hashedvalue,Sneha Gupta 4581,36,Male,Delhi,Maharashtra,"Books,Electronics,Fashion,Sports",2023-12-06,False,True
U04582,user04582,user4582@smartcart.ai,pbkdf2:sha256:600000$saltXYZ$hashedvalue,Priya Singh 4582,27,Other,Pune,UP,"Automotive,Toys,Beauty",2024-08-22,False,True
U04583,user04583,user4583@smartcart.ai,pbkdf2:sha256:600000$saltXYZ$hashedvalue,Priya Singh 4583,48,Male,Surat,Rajasthan,"Toys,Health",2023-06-23,False,False
U04584,user04584,user4584@smartcart.ai,pbkdf2:sha256:600000$saltXYZ$hashedvalue,Rahul Sharma 4584,42,Other,Pune,Gujarat,Grocery,2025-11-10,False,True
U04585,user04585,user4585@smartcart.ai,pbkdf2:sha256:600000$saltXYZ$hashedvalue,Priya Singh 4585,28,Male,Jaipur,Delhi,"Electronics,Beauty,Automotive",2023-08-15,False,True
U04586,user04586,user4586@smartcart.ai,pbkdf2:sha256:600000$saltXYZ$hashedvalue,Pooja Pillai 4586,39,Male,Chandigarh,Delhi,"Home & Kitchen,Books,Electronics,Automotive",2026-04-23,False,True
U04587,user04587,user4587@smartcart.ai,pbkdf2:sha256:600000$saltXYZ$hashedvalue,Vijay Kumar 4587,46,Female,Hyderabad,Delhi,Toys,2024-11-22,False,True
U04588,user04588,user4588@smartcart.ai,pbkdf2:sha256:600000$saltXYZ$hashedvalue,Vijay Kumar 4588,25,Female,Bangalore,Delhi,"Automotive,Beauty",2024-07-16,False,True
U04589,user04589,user4589@smartcart.ai,pbkdf2:sha256:600000$saltXYZ$hashedvalue,Priya Singh 4589,34,Female,Surat,West Bengal,Books,2026-02-14,False,True
U04590,user04590,user4590@smartcart.ai,pbkdf2:sha256:600000$saltXYZ$hashedvalue,Priya Singh 4590,25,Male,Jaipur,Tamil Nadu,Books,2025-05-13,False,True
U04591,user04591,user4591@smartcart.ai,pbkdf2:sha256:600000$saltXYZ$hashedvalue,Vijay Kumar 4591,45,Other,Ahmedabad,Gujarat,Beauty,2025-08-14,False,True
U04592,user04592,user4592@smartcart.ai,pbkdf2:sha256:600000$saltXYZ$hashedvalue,Priya Singh 4592,24,Female,Jaipur,Maharashtra,"Health,Sports,Beauty,Home & Kitchen",2024-01-03,False,True
U04593,user04593,user4593@smartcart.ai,pbkdf2:sha256:600000$saltXYZ$hashedvalue,Rohit Verma 4593,22,Male,Lucknow,Telangana,"Sports,Toys",2025-09-25,False,True
U04594,user04594,user4594@smartcart.ai,pbkdf2:sha256:600000$saltXYZ$hashedvalue,Vijay Kumar 4594,32,Female,Hyderabad,Delhi,"Grocery,Automotive,Books,Fashion",2025-08-08,False,True
U04595,user04595,user4595@smartcart.ai,pbkdf2:sha256:600000$saltXYZ$hashedvalue,Priya Singh 4595,50,Other,Kolkata,Punjab,"Beauty,Home & Kitchen,Health,Electronics",2026-03-16,False,True
U04596,user04596,user4596@smartcart.ai,pbkdf2:sha256:600000$saltXYZ$hashedvalue,Rahul Sharma 4596,32,Other,Mumbai,UP,"Automotive,Fashion",2025-06-01,False,True
U04597,user04597,user4597@smartcart.ai,pbkdf2:sha256:600000$saltXYZ$hashedvalue,Rohit Verma 4597,26,Other,Surat,Telangana,"Fashion,Grocery,Health",2024-05-27,False,True
U04598,user04598,user4598@smartcart.ai,pbkdf2:sha256:600000$saltXYZ$hashedvalue,Karan Mehta 4598,35,Male,Surat,Telangana,"Automotive,Beauty",2025-05-08,False,True
U04599,user04599,user4599@smartcart.ai,pbkdf2:sha256:600000$saltXYZ$hashedvalue,Rahul Sharma 4599,48,Other,Lucknow,Tamil Nadu,Fashion,2024-03-12,False,True
U04600,user04600,user4600@smartcart.ai,pbkdf2:sha256:600000$saltXYZ$hashedvalue,Rohit Verma 4600,53,Male,Delhi,UP,"Health,Automotive,Sports",2025-01-02,False,True
U04601,user04601,user4601@smartcart.ai,pbkdf2:sha256:600000$saltXYZ$hashedvalue,Deepika Nair 4601,18,Female,Bangalore,Karnataka,"Electronics,Books",2025-09-12,False,True
U04602,user04602,user4602@smartcart.ai,pbkdf2:sha256:600000$saltXYZ$hashedvalue,Sneha Gupta 4602,31,Male,Jaipur,West Bengal,Fashion,2025-11-27,False,True
U04603,user04603,user4603@smartcart.ai,pbkdf2:sha256:600000$saltXYZ$hashedvalue,Amit Patel 4603,50,Other,Ahmedabad,Tamil Nadu,"Grocery,Fashion,Electronics",2023-12-30,False,True
U04604,user04604,user4604@smartcart.ai,pbkdf2:sha256:600000$saltXYZ$hashedvalue,Ananya Joshi 4604,55,Male,Hyderabad,Maharashtra,Electronics,2025-01-28,False,True
U04605,user04605,user4605@smartcart.ai,pbkdf2:sha256:600000$saltXYZ$hashedvalue,Rahul Sharma 4605,55,Female,Pune,Tamil Nadu,"Books,Health,Sports,Fashion",2025-07-07,False,True
U04606,user04606,user4606@smartcart.ai,pbkdf2:sha256:600000$saltXYZ$hashedvalue,Rahul Sharma 4606,63,Male,Jaipur,Telangana,"Electronics,Grocery,Automotive",2024-01-02,False,True
U04607,user04607,user4607@smartcart.ai,pbkdf2:sha256:600000$saltXYZ$hashedvalue,Amit Patel 4607,63,Female,Jaipur,Punjab,"Health,Fashion,Sports,Toys",2024-10-18,False,True
U04608,user04608,user4608@smartcart.ai,pbkdf2:sha256:600000$saltXYZ$hashedvalue,Ananya Joshi 4608,36,Male,Bangalore,Gujarat,"Electronics,Grocery,Fashion",2026-03-09,False,True
U04609,user04609,user4609@smartcart.ai,pbkdf2:sha256:600000$saltXYZ$hashedvalue,Pooja Pillai 4609,65,Male,Lucknow,Telangana,"Fashion,Electronics",2024-12-12,False,True
U04610,user04610,user4610@smartcart.ai,pbkdf2:sha256:600000$saltXYZ$hashedvalue,Deepika Nair 4610,22,Male,Lucknow,Gujarat,"Beauty,Toys,Books",2025-03-05,False,True
U04611,user04611,user4611@smartcart.ai,pbkdf2:sha256:600000$saltXYZ$hashedvalue,Rohit Verma 4611,49,Male,Jaipur,Maharashtra,Beauty,2025-07-15,False,True
U04612,user04612,user4612@smartcart.ai,pbkdf2:sha256:600000$saltXYZ$hashedvalue,Pooja Pillai 4612,49,Other,Hyderabad,West Bengal,"Electronics,Home & Kitchen",2026-03-14,False,True
U04613,user04613,user4613@smartcart.ai,pbkdf2:sha256:600000$saltXYZ$hashedvalue,Sneha Gupta 4613,19,Female,Lucknow,Gujarat,"Books,Fashion,Automotive",2023-08-07,False,True
U04614,user04614,user4614@smartcart.ai,pbkdf2:sha256:600000$saltXYZ$hashedvalue,Ananya Joshi 4614,31,Male,Jaipur,Punjab,"Health,Fashion",2023-09-10,False,True
U04615,user04615,user4615@smartcart.ai,pbkdf2:sha256:600000$saltXYZ$hashedvalue,Ananya Joshi 4615,32,Female,Ahmedabad,UP,"Fashion,Sports",2025-05-28,False,True
U04616,user04616,user4616@smartcart.ai,pbkdf2:sha256:600000$saltXYZ$hashedvalue,Deepika Nair 4616,40,Other,Kolkata,Rajasthan,"Electronics,Home & Kitchen",2025-04-18,False,True
U04617,user04617,user4617@smartcart.ai,pbkdf2:sha256:600000$saltXYZ$hashedvalue,Amit Patel 4617,25,Male,Chennai,Telangana,Electronics,2025-06-19,False,True
U04618,user04618,user4618@smartcart.ai,pbkdf2:sha256:600000$saltXYZ$hashedvalue,Pooja Pillai 4618,62,Other,Pune,Rajasthan,"Beauty,Fashion,Toys,Electronics",2023-07-19,False,True
U04619,user04619,user4619@smartcart.ai,pbkdf2:sha256:600000$saltXYZ$hashedvalue,Sneha Gupta 4619,29,Female,Delhi,Karnataka,Home & Kitchen,2023-07-24,False,True
U04620,user04620,user4620@smartcart.ai,pbkdf2:sha256:600000$saltXYZ$hashedvalue,Deepika Nair 4620,46,Female,Bangalore,Tamil Nadu,Sports,2024-09-08,False,True
U04621,user04621,user4621@smartcart.ai,pbkdf2:sha256:600000$saltXYZ$hashedvalue,Sneha Gupta 4621,60,Other,Mumbai,Gujarat,"Books,Fashion,Beauty",2025-02-03,False,True
U04622,user04622,user4622@smartcart.ai,pbkdf2:sha256:600000$saltXYZ$hashedvalue,Ananya Joshi 4622,39,Female,Lucknow,Maharashtra,"Sports,Toys,Beauty,Home & Kitchen",2024-02-18,False,True
U04623,user04623,user4623@smartcart.ai,pbkdf2:sha256:600000$saltXYZ$hashedvalue,Deepika Nair 4623,31,Male,Jaipur,Gujarat,"Fashion,Home & Kitchen",2025-03-06,False,True
U04624,user04624,user4624@smartcart.ai,pbkdf2:sha256:600000$saltXYZ$hashedvalue,Sneha Gupta 4624,49,Male,Surat,Gujarat,"Sports,Toys,Automotive",2025-04-22,False,True
U04625,user04625,user4625@smartcart.ai,pbkdf2:sha256:600000$saltXYZ$hashedvalue,Pooja Pillai 4625,40,Male,Chandigarh,Rajasthan,"Beauty,Automotive,Fashion",2024-12-17,False,True
U04626,user04626,user4626@smartcart.ai,pbkdf2:sha256:600000$saltXYZ$hashedvalue,Sneha Gupta 4626,34,Female,Jaipur,Rajasthan,"Books,Automotive,Beauty,Health",2025-05-25,False,True
U04627,user04627,user4627@smartcart.ai,pbkdf2:sha256:600000$saltXYZ$hashedvalue,Ananya Joshi 4627,19,Other,Chandigarh,Rajasthan,"Books,Health,Electronics,Automotive",2025-09-01,False,True
U04628,user04628,user4628@smartcart.ai,pbkdf2:sha256:600000$saltXYZ$hashedvalue,Ananya Joshi 4628,53,Male,Kolkata,Gujarat,"Automotive,Sports,Health,Fashion",2025-10-24,False,True
U04629,user04629,user4629@smartcart.ai,pbkdf2:sha256:600000$saltXYZ$hashedvalue,Ananya Joshi 4629,55,Other,Pune,West Bengal,"Grocery,Sports,Electronics",2025-08-14,False,False
U04630,user04630,user4630@smartcart.ai,pbkdf2:sha256:600000$saltXYZ$hashedvalue,Karan Mehta 4630,28,Male,Mumbai,Tamil Nadu,"Beauty,Electronics,Grocery,Automotive",2024-04-22,False,True
U04631,user04631,user4631@smartcart.ai,pbkdf2:sha256:600000$saltXYZ$hashedvalue,Rohit Verma 4631,32,Female,Ahmedabad,UP,"Health,Books,Fashion",2025-10-06,False,True
U04632,user04632,user4632@smartcart.ai,pbkdf2:sha256:600000$saltXYZ$hashedvalue,Rahul Sharma 4632,63,Female,Bangalore,Delhi,"Beauty,Grocery,Home & Kitchen",2023-05-24,False,True
U04633,user04633,user4633@smartcart.ai,pbkdf2:sha256:600000$saltXYZ$hashedvalue,Vijay Kumar 4633,54,Other,Chennai,Punjab,"Fashion,Home & Kitchen,Toys,Grocery",2023-09-14,False,True
U04634,user04634,user4634@smartcart.ai,pbkdf2:sha256:600000$saltXYZ$hashedvalue,Rohit Verma 4634,23,Female,Pune,Karnataka,"Grocery,Books,Beauty",2023-05-22,False,True
U04635,user04635,user4635@smartcart.ai,pbkdf2:sha256:600000$saltXYZ$hashedvalue,Sneha Gupta 4635,26,Female,Chandigarh,Telangana,"Automotive,Grocery,Health",2025-09-03,False,True
U04636,user04636,user4636@smartcart.ai,pbkdf2:sha256:600000$saltXYZ$hashedvalue,Amit Patel 4636,27,Other,Delhi,West Bengal,"Sports,Home & Kitchen",2025-08-16,False,True
U04637,user04637,user4637@smartcart.ai,pbkdf2:sha256:600000$saltXYZ$hashedvalue,Sneha Gupta 4637,49,Female,Delhi,West Bengal,"Health,Books,Home & Kitchen,Fashion",2026-03-26,False,True
U04638,user04638,user4638@smartcart.ai,pbkdf2:sha256:600000$saltXYZ$hashedvalue,Amit Patel 4638,20,Male,Delhi,West Bengal,Electronics,2023-10-27,False,True
U04639,user04639,user4639@smartcart.ai,pbkdf2:sha256:600000$saltXYZ$hashedvalue,Pooja Pillai 4639,50,Female,Bangalore,Telangana,"Books,Fashion,Home & Kitchen,Beauty",2025-08-23,False,True
U04640,user04640,user4640@smartcart.ai,pbkdf2:sha256:600000$saltXYZ$hashedvalue,Priya Singh 4640,37,Male,Chandigarh,Gujarat,Grocery,2025-02-01,False,True
U04641,user04641,user4641@smartcart.ai,pbkdf2:sha256:600000$saltXYZ$hashedvalue,Deepika Nair 4641,33,Female,Jaipur,UP,Automotive,2025-11-04,False,True
U04642,user04642,user4642@smartcart.ai,pbkdf2:sha256:600000$saltXYZ$hashedvalue,Pooja Pillai 4642,42,Other,Chandigarh,UP,"Health,Automotive,Electronics,Toys",2025-05-06,False,True
U04643,user04643,user4643@smartcart.ai,pbkdf2:sha256:600000$saltXYZ$hashedvalue,Vijay Kumar 4643,32,Other,Bangalore,West Bengal,"Health,Beauty",2026-01-04,False,True
U04644,user04644,user4644@smartcart.ai,pbkdf2:sha256:600000$saltXYZ$hashedvalue,Sneha Gupta 4644,41,Other,Mumbai,Karnataka,"Sports,Beauty,Grocery,Health",2024-09-10,False,True
U04645,user04645,user4645@smartcart.ai,pbkdf2:sha256:600000$saltXYZ$hashedvalue,Rohit Verma 4645,30,Other,Bangalore,Rajasthan,Beauty,2025-05-08,False,True
U04646,user04646,user4646@smartcart.ai,pbkdf2:sha256:600000$saltXYZ$hashedvalue,Rohit Verma 4646,33,Other,Pune,Karnataka,"Beauty,Health,Books",2024-08-19,False,True
U04647,user04647,user4647@smartcart.ai,pbkdf2:sha256:600000$saltXYZ$hashedvalue,Vijay Kumar 4647,55,Male,Bangalore,West Bengal,"Electronics,Toys,Sports",2025-04-25,False,True
U04648,user04648,user4648@smartcart.ai,pbkdf2:sha256:600000$saltXYZ$hashedvalue,Amit Patel 4648,63,Female,Ahmedabad,West Bengal,"Home & Kitchen,Electronics",2025-02-03,False,True
U04649,user04649,user4649@smartcart.ai,pbkdf2:sha256:600000$saltXYZ$hashedvalue,Deepika Nair 4649,23,Other,Pune,UP,"Home & Kitchen,Books,Electronics",2025-10-11,False,True
U04650,user04650,user4650@smartcart.ai,pbkdf2:sha256:600000$saltXYZ$hashedvalue,Karan Mehta 4650,52,Male,Mumbai,Tamil Nadu,"Beauty,Fashion,Toys,Sports",2025-07-21,False,True
U04651,user04651,user4651@smartcart.ai,pbkdf2:sha256:600000$saltXYZ$hashedvalue,Sneha Gupta 4651,25,Female,Hyderabad,Punjab,"Books,Sports,Fashion,Toys",2023-12-06,False,True
U04652,user04652,user4652@smartcart.ai,pbkdf2:sha256:600000$saltXYZ$hashedvalue,Sneha Gupta 4652,50,Male,Chandigarh,Gujarat,"Fashion,Automotive,Grocery,Toys",2024-12-04,False,True
U04653,user04653,user4653@smartcart.ai,pbkdf2:sha256:600000$saltXYZ$hashedvalue,Rahul Sharma 4653,50,Other,Jaipur,Tamil Nadu,"Automotive,Home & Kitchen,Toys,Sports",2024-01-12,False,True
U04654,user04654,user4654@smartcart.ai,pbkdf2:sha256:600000$saltXYZ$hashedvalue,Pooja Pillai 4654,27,Other,Mumbai,UP,"Electronics,Grocery,Sports,Toys",2024-05-22,False,True
U04655,user04655,user4655@smartcart.ai,pbkdf2:sha256:600000$saltXYZ$hashedvalue,Rahul Sharma 4655,22,Male,Surat,UP,"Home & Kitchen,Fashion,Sports,Automotive",2023-12-18,False,True
U04656,user04656,user4656@smartcart.ai,pbkdf2:sha256:600000$saltXYZ$hashedvalue,Sneha Gupta 4656,44,Female,Bangalore,Tamil Nadu,"Fashion,Grocery,Toys,Home & Kitchen",2023-09-27,False,True
U04657,user04657,user4657@smartcart.ai,pbkdf2:sha256:600000$saltXYZ$hashedvalue,Rahul Sharma 4657,29,Male,Ahmedabad,Karnataka,"Electronics,Automotive",2024-09-28,False,True
U04658,user04658,user4658@smartcart.ai,pbkdf2:sha256:600000$saltXYZ$hashedvalue,Priya Singh 4658,18,Other,Mumbai,West Bengal,"Home & Kitchen,Health,Beauty,Grocery",2025-02-23,False,True
U04659,user04659,user4659@smartcart.ai,pbkdf2:sha256:600000$saltXYZ$hashedvalue,Ananya Joshi 4659,41,Female,Hyderabad,UP,"Toys,Health,Sports",2024-05-27,False,True
U04660,user04660,user4660@smartcart.ai,pbkdf2:sha256:600000$saltXYZ$hashedvalue,Rahul Sharma 4660,60,Other,Mumbai,Rajasthan,"Electronics,Beauty",2023-07-12,False,True
U04661,user04661,user4661@smartcart.ai,pbkdf2:sha256:600000$saltXYZ$hashedvalue,Rohit Verma 4661,37,Female,Chandigarh,Gujarat,"Books,Toys,Grocery,Sports",2025-05-13,False,True
U04662,user04662,user4662@smartcart.ai,pbkdf2:sha256:600000$saltXYZ$hashedvalue,Pooja Pillai 4662,62,Female,Mumbai,UP,Sports,2025-08-12,False,True
U04663,user04663,user4663@smartcart.ai,pbkdf2:sha256:600000$saltXYZ$hashedvalue,Pooja Pillai 4663,23,Male,Chennai,Rajasthan,"Home & Kitchen,Fashion,Beauty,Health",2026-03-26,False,True
U04664,user04664,user4664@smartcart.ai,pbkdf2:sha256:600000$saltXYZ$hashedvalue,Pooja Pillai 4664,54,Female,Bangalore,Telangana,Automotive,2025-02-17,False,True
U04665,user04665,user4665@smartcart.ai,pbkdf2:sha256:600000$saltXYZ$hashedvalue,Vijay Kumar 4665,28,Female,Mumbai,West Bengal,Home & Kitchen,2025-09-26,False,True
U04666,user04666,user4666@smartcart.ai,pbkdf2:sha256:600000$saltXYZ$hashedvalue,Priya Singh 4666,51,Female,Chandigarh,Punjab,Health,2024-06-18,False,True
U04667,user04667,user4667@smartcart.ai,pbkdf2:sha256:600000$saltXYZ$hashedvalue,Vijay Kumar 4667,23,Other,Kolkata,Gujarat,Toys,2024-04-25,False,True
U04668,user04668,user4668@smartcart.ai,pbkdf2:sha256:600000$saltXYZ$hashedvalue,Rohit Verma 4668,18,Male,Kolkata,West Bengal,"Fashion,Beauty",2024-05-10,False,True
U04669,user04669,user4669@smartcart.ai,pbkdf2:sha256:600000$saltXYZ$hashedvalue,Deepika Nair 4669,42,Female,Chandigarh,Karnataka,"Health,Automotive,Fashion,Books",2024-05-30,False,False
U04670,user04670,user4670@smartcart.ai,pbkdf2:sha256:600000$saltXYZ$hashedvalue,Rahul Sharma 4670,33,Other,Surat,Tamil Nadu,Books,2025-06-09,False,True
U04671,user04671,user4671@smartcart.ai,pbkdf2:sha256:600000$saltXYZ$hashedvalue,Amit Patel 4671,37,Male,Pune,Punjab,"Home & Kitchen,Beauty,Grocery",2025-04-25,False,True
U04672,user04672,user4672@smartcart.ai,pbkdf2:sha256:600000$saltXYZ$hashedvalue,Pooja Pillai 4672,59,Female,Mumbai,Rajasthan,"Sports,Automotive,Toys,Books",2024-12-09,False,True
U04673,user04673,user4673@smartcart.ai,pbkdf2:sha256:600000$saltXYZ$hashedvalue,Sneha Gupta 4673,45,Female,Jaipur,Rajasthan,Books,2023-06-09,False,True
U04674,user04674,user4674@smartcart.ai,pbkdf2:sha256:600000$saltXYZ$hashedvalue,Vijay Kumar 4674,19,Other,Pune,Punjab,"Electronics,Home & Kitchen",2024-01-08,False,True
U04675,user04675,user4675@smartcart.ai,pbkdf2:sha256:600000$saltXYZ$hashedvalue,Amit Patel 4675,39,Other,Kolkata,Maharashtra,Sports,2024-07-05,False,True
U04676,user04676,user4676@smartcart.ai,pbkdf2:sha256:600000$saltXYZ$hashedvalue,Sneha Gupta 4676,34,Other,Pune,Delhi,"Grocery,Toys,Fashion",2023-04-25,False,True
U04677,user04677,user4677@smartcart.ai,pbkdf2:sha256:600000$saltXYZ$hashedvalue,Vijay Kumar 4677,25,Other,Ahmedabad,West Bengal,"Electronics,Health,Home & Kitchen",2025-06-14,False,True
U04678,user04678,user4678@smartcart.ai,pbkdf2:sha256:600000$saltXYZ$hashedvalue,Pooja Pillai 4678,38,Male,Hyderabad,Delhi,Sports,2026-04-13,False,True
U04679,user04679,user4679@smartcart.ai,pbkdf2:sha256:600000$saltXYZ$hashedvalue,Rohit Verma 4679,42,Male,Mumbai,Karnataka,Electronics,2023-12-23,False,True
U04680,user04680,user4680@smartcart.ai,pbkdf2:sha256:600000$saltXYZ$hashedvalue,Priya Singh 4680,49,Female,Surat,Karnataka,"Grocery,Home & Kitchen,Fashion,Beauty",2025-02-18,False,True
U04681,user04681,user4681@smartcart.ai,pbkdf2:sha256:600000$saltXYZ$hashedvalue,Rohit Verma 4681,45,Male,Kolkata,Punjab,Health,2024-04-22,False,True
U04682,user04682,user4682@smartcart.ai,pbkdf2:sha256:600000$saltXYZ$hashedvalue,Rahul Sharma 4682,25,Other,Chennai,Telangana,"Toys,Health,Grocery,Home & Kitchen",2026-01-07,False,True
U04683,user04683,user4683@smartcart.ai,pbkdf2:sha256:600000$saltXYZ$hashedvalue,Rohit Verma 4683,22,Male,Delhi,Maharashtra,"Home & Kitchen,Toys,Books,Fashion",2025-04-13,False,True
U04684,user04684,user4684@smartcart.ai,pbkdf2:sha256:600000$saltXYZ$hashedvalue,Pooja Pillai 4684,35,Other,Pune,Maharashtra,"Beauty,Home & Kitchen",2025-07-13,False,True
U04685,user04685,user4685@smartcart.ai,pbkdf2:sha256:600000$saltXYZ$hashedvalue,Ananya Joshi 4685,50,Female,Chennai,Rajasthan,"Electronics,Automotive",2026-02-11,False,True
U04686,user04686,user4686@smartcart.ai,pbkdf2:sha256:600000$saltXYZ$hashedvalue,Deepika Nair 4686,60,Female,Jaipur,Delhi,"Automotive,Beauty,Sports,Fashion",2026-02-05,False,True
U04687,user04687,user4687@smartcart.ai,pbkdf2:sha256:600000$saltXYZ$hashedvalue,Ananya Joshi 4687,47,Female,Kolkata,Telangana,"Health,Fashion",2023-08-05,False,True
U04688,user04688,user4688@smartcart.ai,pbkdf2:sha256:600000$saltXYZ$hashedvalue,Amit Patel 4688,57,Female,Lucknow,UP,"Grocery,Sports",2024-07-16,False,True
U04689,user04689,user4689@smartcart.ai,pbkdf2:sha256:600000$saltXYZ$hashedvalue,Deepika Nair 4689,56,Male,Bangalore,Gujarat,Health,2024-02-23,False,True
U04690,user04690,user4690@smartcart.ai,pbkdf2:sha256:600000$saltXYZ$hashedvalue,Karan Mehta 4690,28,Other,Ahmedabad,Gujarat,"Beauty,Electronics,Sports,Books",2023-11-24,False,True
U04691,user04691,user4691@smartcart.ai,pbkdf2:sha256:600000$saltXYZ$hashedvalue,Pooja Pillai 4691,57,Other,Hyderabad,Rajasthan,Grocery,2024-06-24,False,True
U04692,user04692,user4692@smartcart.ai,pbkdf2:sha256:600000$saltXYZ$hashedvalue,Pooja Pillai 4692,32,Other,Pune,UP,Electronics,2025-03-22,False,True
U04693,user04693,user4693@smartcart.ai,pbkdf2:sha256:600000$saltXYZ$hashedvalue,Rohit Verma 4693,57,Female,Bangalore,Punjab,Health,2025-03-09,False,True
U04694,user04694,user4694@smartcart.ai,pbkdf2:sha256:600000$saltXYZ$hashedvalue,Rohit Verma 4694,48,Other,Kolkata,Rajasthan,Books,2023-06-22,False,True
U04695,user04695,user4695@smartcart.ai,pbkdf2:sha256:600000$saltXYZ$hashedvalue,Priya Singh 4695,41,Female,Bangalore,Tamil Nadu,"Automotive,Books",2023-05-07,False,True
U04696,user04696,user4696@smartcart.ai,pbkdf2:sha256:600000$saltXYZ$hashedvalue,Pooja Pillai 4696,30,Other,Pune,Karnataka,"Sports,Electronics,Health",2026-03-16,False,True
U04697,user04697,user4697@smartcart.ai,pbkdf2:sha256:600000$saltXYZ$hashedvalue,Karan Mehta 4697,49,Male,Delhi,UP,"Grocery,Books,Beauty,Electronics",2026-04-01,False,True
U04698,user04698,user4698@smartcart.ai,pbkdf2:sha256:600000$saltXYZ$hashedvalue,Priya Singh 4698,26,Other,Pune,Maharashtra,"Sports,Books,Beauty",2024-02-05,False,True
U04699,user04699,user4699@smartcart.ai,pbkdf2:sha256:600000$saltXYZ$hashedvalue,Deepika Nair 4699,63,Female,Lucknow,Karnataka,"Sports,Grocery,Home & Kitchen",2025-02-15,False,True
U04700,user04700,user4700@smartcart.ai,pbkdf2:sha256:600000$saltXYZ$hashedvalue,Rahul Sharma 4700,63,Male,Lucknow,Delhi,"Electronics,Books,Home & Kitchen",2026-01-07,False,True
U04701,user04701,user4701@smartcart.ai,pbkdf2:sha256:600000$saltXYZ$hashedvalue,Deepika Nair 4701,44,Other,Kolkata,Delhi,Health,2026-03-11,False,True
U04702,user04702,user4702@smartcart.ai,pbkdf2:sha256:600000$saltXYZ$hashedvalue,Karan Mehta 4702,49,Male,Delhi,Tamil Nadu,"Sports,Fashion,Beauty,Home & Kitchen",2024-02-09,False,True
U04703,user04703,user4703@smartcart.ai,pbkdf2:sha256:600000$saltXYZ$hashedvalue,Rohit Verma 4703,34,Male,Chandigarh,UP,"Home & Kitchen,Fashion,Grocery,Books",2025-08-05,False,True
U04704,user04704,user4704@smartcart.ai,pbkdf2:sha256:600000$saltXYZ$hashedvalue,Deepika Nair 4704,58,Other,Bangalore,Delhi,"Grocery,Beauty,Home & Kitchen",2026-03-10,False,True
U04705,user04705,user4705@smartcart.ai,pbkdf2:sha256:600000$saltXYZ$hashedvalue,Amit Patel 4705,55,Male,Mumbai,Maharashtra,Automotive,2025-12-16,False,True
U04706,user04706,user4706@smartcart.ai,pbkdf2:sha256:600000$saltXYZ$hashedvalue,Pooja Pillai 4706,43,Female,Jaipur,Karnataka,"Home & Kitchen,Books,Health,Sports",2025-10-27,False,True
U04707,user04707,user4707@smartcart.ai,pbkdf2:sha256:600000$saltXYZ$hashedvalue,Sneha Gupta 4707,34,Other,Kolkata,Punjab,"Beauty,Fashion",2023-11-22,False,True
U04708,user04708,user4708@smartcart.ai,pbkdf2:sha256:600000$saltXYZ$hashedvalue,Amit Patel 4708,20,Male,Pune,UP,"Beauty,Books,Toys",2025-05-12,False,True
U04709,user04709,user4709@smartcart.ai,pbkdf2:sha256:600000$saltXYZ$hashedvalue,Priya Singh 4709,29,Other,Bangalore,UP,"Fashion,Health",2024-04-08,False,True
U04710,user04710,user4710@smartcart.ai,pbkdf2:sha256:600000$saltXYZ$hashedvalue,Pooja Pillai 4710,48,Male,Mumbai,Tamil Nadu,"Beauty,Home & Kitchen,Toys",2024-10-24,False,True
U04711,user04711,user4711@smartcart.ai,pbkdf2:sha256:600000$saltXYZ$hashedvalue,Deepika Nair 4711,25,Male,Hyderabad,Delhi,"Toys,Electronics,Books,Fashion",2024-05-23,False,True
U04712,user04712,user4712@smartcart.ai,pbkdf2:sha256:600000$saltXYZ$hashedvalue,Sneha Gupta 4712,23,Male,Chennai,West Bengal,Home & Kitchen,2024-12-24,False,True
U04713,user04713,user4713@smartcart.ai,pbkdf2:sha256:600000$saltXYZ$hashedvalue,Sneha Gupta 4713,23,Other,Pune,Karnataka,Books,2024-08-10,False,True
U04714,user04714,user4714@smartcart.ai,pbkdf2:sha256:600000$saltXYZ$hashedvalue,Rahul Sharma 4714,52,Other,Delhi,Karnataka,"Home & Kitchen,Beauty,Fashion,Automotive",2024-11-13,False,True
U04715,user04715,user4715@smartcart.ai,pbkdf2:sha256:600000$saltXYZ$hashedvalue,Rahul Sharma 4715,31,Male,Mumbai,Delhi,Health,2025-10-17,False,True
U04716,user04716,user4716@smartcart.ai,pbkdf2:sha256:600000$saltXYZ$hashedvalue,Priya Singh 4716,52,Male,Ahmedabad,Maharashtra,"Fashion,Home & Kitchen",2024-06-14,False,True
U04717,user04717,user4717@smartcart.ai,pbkdf2:sha256:600000$saltXYZ$hashedvalue,Rahul Sharma 4717,18,Other,Delhi,Maharashtra,"Beauty,Automotive",2025-01-13,False,True
U04718,user04718,user4718@smartcart.ai,pbkdf2:sha256:600000$saltXYZ$hashedvalue,Ananya Joshi 4718,21,Other,Pune,Maharashtra,Books,2025-04-13,False,True
U04719,user04719,user4719@smartcart.ai,pbkdf2:sha256:600000$saltXYZ$hashedvalue,Rohit Verma 4719,59,Other,Ahmedabad,Telangana,"Toys,Electronics",2023-07-11,False,True
U04720,user04720,user4720@smartcart.ai,pbkdf2:sha256:600000$saltXYZ$hashedvalue,Ananya Joshi 4720,36,Other,Hyderabad,West Bengal,"Home & Kitchen,Automotive,Fashion,Health",2024-03-22,False,True
U04721,user04721,user4721@smartcart.ai,pbkdf2:sha256:600000$saltXYZ$hashedvalue,Rohit Verma 4721,38,Other,Chennai,Maharashtra,Automotive,2025-05-29,False,True
U04722,user04722,user4722@smartcart.ai,pbkdf2:sha256:600000$saltXYZ$hashedvalue,Pooja Pillai 4722,58,Other,Ahmedabad,Karnataka,"Automotive,Grocery",2024-12-25,False,True
U04723,user04723,user4723@smartcart.ai,pbkdf2:sha256:600000$saltXYZ$hashedvalue,Pooja Pillai 4723,28,Male,Bangalore,Karnataka,"Automotive,Home & Kitchen",2024-09-15,False,True
U04724,user04724,user4724@smartcart.ai,pbkdf2:sha256:600000$saltXYZ$hashedvalue,Deepika Nair 4724,22,Male,Chandigarh,Delhi,"Toys,Books,Home & Kitchen,Health",2024-04-22,False,True
U04725,user04725,user4725@smartcart.ai,pbkdf2:sha256:600000$saltXYZ$hashedvalue,Amit Patel 4725,32,Male,Mumbai,Tamil Nadu,"Sports,Automotive",2025-06-09,False,True
U04726,user04726,user4726@smartcart.ai,pbkdf2:sha256:600000$saltXYZ$hashedvalue,Sneha Gupta 4726,51,Female,Pune,Tamil Nadu,Health,2025-11-01,False,True
U04727,user04727,user4727@smartcart.ai,pbkdf2:sha256:600000$saltXYZ$hashedvalue,Karan Mehta 4727,49,Female,Bangalore,Rajasthan,"Toys,Grocery,Beauty",2024-07-27,False,True
U04728,user04728,user4728@smartcart.ai,pbkdf2:sha256:600000$saltXYZ$hashedvalue,Vijay Kumar 4728,29,Female,Hyderabad,West Bengal,"Sports,Grocery,Automotive,Home & Kitchen",2024-07-17,False,True
U04729,user04729,user4729@smartcart.ai,pbkdf2:sha256:600000$saltXYZ$hashedvalue,Amit Patel 4729,58,Female,Ahmedabad,UP,"Automotive,Electronics",2023-09-04,False,True
U04730,user04730,user4730@smartcart.ai,pbkdf2:sha256:600000$saltXYZ$hashedvalue,Deepika Nair 4730,22,Male,Lucknow,Maharashtra,"Fashion,Beauty",2026-03-04,False,True
U04731,user04731,user4731@smartcart.ai,pbkdf2:sha256:600000$saltXYZ$hashedvalue,Rahul Sharma 4731,36,Other,Mumbai,Maharashtra,Home & Kitchen,2023-11-29,False,True
U04732,user04732,user4732@smartcart.ai,pbkdf2:sha256:600000$saltXYZ$hashedvalue,Karan Mehta 4732,22,Female,Surat,Karnataka,"Health,Grocery,Toys,Electronics",2023-06-30,False,True
U04733,user04733,user4733@smartcart.ai,pbkdf2:sha256:600000$saltXYZ$hashedvalue,Priya Singh 4733,29,Male,Chandigarh,Delhi,"Health,Home & Kitchen,Grocery",2024-01-14,False,True
U04734,user04734,user4734@smartcart.ai,pbkdf2:sha256:600000$saltXYZ$hashedvalue,Vijay Kumar 4734,52,Female,Jaipur,UP,"Toys,Sports,Books",2025-04-29,False,True
U04735,user04735,user4735@smartcart.ai,pbkdf2:sha256:600000$saltXYZ$hashedvalue,Priya Singh 4735,52,Other,Delhi,Maharashtra,"Home & Kitchen,Books",2024-09-05,False,True
U04736,user04736,user4736@smartcart.ai,pbkdf2:sha256:600000$saltXYZ$hashedvalue,Sneha Gupta 4736,29,Other,Kolkata,Delhi,"Toys,Automotive,Books",2025-11-24,False,False
U04737,user04737,user4737@smartcart.ai,pbkdf2:sha256:600000$saltXYZ$hashedvalue,Karan Mehta 4737,44,Other,Ahmedabad,West Bengal,"Sports,Toys,Automotive",2025-11-02,False,True
U04738,user04738,user4738@smartcart.ai,pbkdf2:sha256:600000$saltXYZ$hashedvalue,Ananya Joshi 4738,41,Other,Ahmedabad,Delhi,"Automotive,Sports,Books",2025-02-12,False,True
U04739,user04739,user4739@smartcart.ai,pbkdf2:sha256:600000$saltXYZ$hashedvalue,Pooja Pillai 4739,46,Female,Hyderabad,Punjab,Sports,2024-05-07,False,True
U04740,user04740,user4740@smartcart.ai,pbkdf2:sha256:600000$saltXYZ$hashedvalue,Vijay Kumar 4740,38,Female,Chennai,Punjab,"Automotive,Beauty",2024-11-17,False,True
U04741,user04741,user4741@smartcart.ai,pbkdf2:sha256:600000$saltXYZ$hashedvalue,Amit Patel 4741,49,Male,Jaipur,Gujarat,"Health,Sports,Toys,Home & Kitchen",2023-04-24,False,True
U04742,user04742,user4742@smartcart.ai,pbkdf2:sha256:600000$saltXYZ$hashedvalue,Amit Patel 4742,36,Male,Jaipur,Punjab,Automotive,2023-09-29,False,True
U04743,user04743,user4743@smartcart.ai,pbkdf2:sha256:600000$saltXYZ$hashedvalue,Ananya Joshi 4743,42,Female,Hyderabad,UP,"Health,Fashion",2024-04-27,False,True
U04744,user04744,user4744@smartcart.ai,pbkdf2:sha256:600000$saltXYZ$hashedvalue,Pooja Pillai 4744,56,Male,Chandigarh,Delhi,"Toys,Sports,Home & Kitchen,Fashion",2024-11-25,False,True
U04745,user04745,user4745@smartcart.ai,pbkdf2:sha256:600000$saltXYZ$hashedvalue,Amit Patel 4745,18,Other,Lucknow,UP,"Automotive,Beauty,Home & Kitchen,Grocery",2023-05-14,False,True
U04746,user04746,user4746@smartcart.ai,pbkdf2:sha256:600000$saltXYZ$hashedvalue,Pooja Pillai 4746,23,Other,Delhi,Telangana,Books,2025-12-22,False,True
U04747,user04747,user4747@smartcart.ai,pbkdf2:sha256:600000$saltXYZ$hashedvalue,Vijay Kumar 4747,39,Female,Chennai,UP,"Books,Fashion,Toys,Electronics",2024-10-24,False,True
U04748,user04748,user4748@smartcart.ai,pbkdf2:sha256:600000$saltXYZ$hashedvalue,Vijay Kumar 4748,24,Female,Mumbai,Maharashtra,Books,2023-07-09,False,True
U04749,user04749,user4749@smartcart.ai,pbkdf2:sha256:600000$saltXYZ$hashedvalue,Vijay Kumar 4749,29,Male,Chennai,West Bengal,Beauty,2024-10-18,False,True
U04750,user04750,user4750@smartcart.ai,pbkdf2:sha256:600000$saltXYZ$hashedvalue,Sneha Gupta 4750,59,Female,Ahmedabad,Telangana,"Toys,Beauty,Electronics",2024-06-27,False,True
U04751,user04751,user4751@smartcart.ai,pbkdf2:sha256:600000$saltXYZ$hashedvalue,Rohit Verma 4751,40,Female,Jaipur,UP,"Books,Automotive,Home & Kitchen",2023-12-02,False,True
U04752,user04752,user4752@smartcart.ai,pbkdf2:sha256:600000$saltXYZ$hashedvalue,Deepika Nair 4752,63,Female,Ahmedabad,Gujarat,"Electronics,Books,Beauty,Automotive",2024-08-28,False,True
U04753,user04753,user4753@smartcart.ai,pbkdf2:sha256:600000$saltXYZ$hashedvalue,Karan Mehta 4753,45,Female,Ahmedabad,Delhi,"Toys,Books",2024-01-12,False,True
U04754,user04754,user4754@smartcart.ai,pbkdf2:sha256:600000$saltXYZ$hashedvalue,Vijay Kumar 4754,39,Other,Pune,Punjab,"Toys,Electronics,Grocery,Fashion",2024-07-16,False,True
U04755,user04755,user4755@smartcart.ai,pbkdf2:sha256:600000$saltXYZ$hashedvalue,Rohit Verma 4755,65,Other,Pune,UP,"Electronics,Home & Kitchen,Beauty",2024-01-03,False,True
U04756,user04756,user4756@smartcart.ai,pbkdf2:sha256:600000$saltXYZ$hashedvalue,Sneha Gupta 4756,34,Other,Surat,Tamil Nadu,"Grocery,Health,Books,Fashion",2026-03-23,False,True
U04757,user04757,user4757@smartcart.ai,pbkdf2:sha256:600000$saltXYZ$hashedvalue,Priya Singh 4757,31,Female,Ahmedabad,Telangana,"Automotive,Sports,Beauty,Electronics",2023-05-09,False,True
U04758,user04758,user4758@smartcart.ai,pbkdf2:sha256:600000$saltXYZ$hashedvalue,Deepika Nair 4758,54,Male,Kolkata,Karnataka,Automotive,2023-07-22,False,True
U04759,user04759,user4759@smartcart.ai,pbkdf2:sha256:600000$saltXYZ$hashedvalue,Rohit Verma 4759,23,Other,Kolkata,Karnataka,"Fashion,Electronics,Toys",2025-12-11,False,True
U04760,user04760,user4760@smartcart.ai,pbkdf2:sha256:600000$saltXYZ$hashedvalue,Karan Mehta 4760,22,Female,Lucknow,Delhi,"Beauty,Electronics,Books",2026-04-15,False,True
U04761,user04761,user4761@smartcart.ai,pbkdf2:sha256:600000$saltXYZ$hashedvalue,Vijay Kumar 4761,31,Male,Jaipur,West Bengal,Beauty,2026-02-21,False,True
U04762,user04762,user4762@smartcart.ai,pbkdf2:sha256:600000$saltXYZ$hashedvalue,Amit Patel 4762,49,Female,Jaipur,Gujarat,"Electronics,Beauty",2026-01-20,False,True
U04763,user04763,user4763@smartcart.ai,pbkdf2:sha256:600000$saltXYZ$hashedvalue,Priya Singh 4763,59,Other,Delhi,Delhi,"Electronics,Beauty,Books",2025-04-01,False,True
U04764,user04764,user4764@smartcart.ai,pbkdf2:sha256:600000$saltXYZ$hashedvalue,Pooja Pillai 4764,22,Other,Lucknow,Rajasthan,Grocery,2024-11-16,False,True
U04765,user04765,user4765@smartcart.ai,pbkdf2:sha256:600000$saltXYZ$hashedvalue,Amit Patel 4765,21,Male,Ahmedabad,West Bengal,"Grocery,Electronics",2024-12-03,False,True
U04766,user04766,user4766@smartcart.ai,pbkdf2:sha256:600000$saltXYZ$hashedvalue,Deepika Nair 4766,42,Other,Pune,Karnataka,Home & Kitchen,2025-12-02,False,True
U04767,user04767,user4767@smartcart.ai,pbkdf2:sha256:600000$saltXYZ$hashedvalue,Deepika Nair 4767,18,Female,Lucknow,UP,"Health,Fashion,Automotive,Home & Kitchen",2026-01-04,False,True
U04768,user04768,user4768@smartcart.ai,pbkdf2:sha256:600000$saltXYZ$hashedvalue,Sneha Gupta 4768,41,Female,Chennai,Karnataka,Automotive,2025-09-15,False,True
U04769,user04769,user4769@smartcart.ai,pbkdf2:sha256:600000$saltXYZ$hashedvalue,Deepika Nair 4769,54,Male,Bangalore,Rajasthan,"Home & Kitchen,Toys,Grocery,Automotive",2026-03-13,False,False
U04770,user04770,user4770@smartcart.ai,pbkdf2:sha256:600000$saltXYZ$hashedvalue,Priya Singh 4770,60,Female,Chandigarh,West Bengal,"Toys,Home & Kitchen",2026-01-02,False,True
U04771,user04771,user4771@smartcart.ai,pbkdf2:sha256:600000$saltXYZ$hashedvalue,Sneha Gupta 4771,65,Other,Mumbai,UP,"Electronics,Home & Kitchen",2023-07-17,False,True
U04772,user04772,user4772@smartcart.ai,pbkdf2:sha256:600000$saltXYZ$hashedvalue,Priya Singh 4772,24,Male,Pune,Telangana,"Books,Sports,Fashion,Health",2024-04-13,False,True
U04773,user04773,user4773@smartcart.ai,pbkdf2:sha256:600000$saltXYZ$hashedvalue,Rahul Sharma 4773,18,Male,Jaipur,West Bengal,"Toys,Electronics",2025-03-31,False,True
U04774,user04774,user4774@smartcart.ai,pbkdf2:sha256:600000$saltXYZ$hashedvalue,Deepika Nair 4774,35,Other,Bangalore,Tamil Nadu,"Automotive,Books",2025-08-12,False,True
U04775,user04775,user4775@smartcart.ai,pbkdf2:sha256:600000$saltXYZ$hashedvalue,Sneha Gupta 4775,38,Other,Bangalore,Gujarat,"Fashion,Health,Grocery,Books",2025-07-14,False,True
U04776,user04776,user4776@smartcart.ai,pbkdf2:sha256:600000$saltXYZ$hashedvalue,Rahul Sharma 4776,52,Male,Kolkata,Tamil Nadu,"Sports,Beauty,Home & Kitchen,Electronics",2023-09-30,False,True
U04777,user04777,user4777@smartcart.ai,pbkdf2:sha256:600000$saltXYZ$hashedvalue,Priya Singh 4777,34,Other,Chennai,Rajasthan,"Home & Kitchen,Sports,Books,Beauty",2025-03-30,False,True
U04778,user04778,user4778@smartcart.ai,pbkdf2:sha256:600000$saltXYZ$hashedvalue,Priya Singh 4778,25,Male,Mumbai,Telangana,"Beauty,Books,Fashion",2025-12-22,False,True
U04779,user04779,user4779@smartcart.ai,pbkdf2:sha256:600000$saltXYZ$hashedvalue,Pooja Pillai 4779,54,Male,Chennai,Telangana,"Grocery,Books",2024-08-13,False,True
U04780,user04780,user4780@smartcart.ai,pbkdf2:sha256:600000$saltXYZ$hashedvalue,Priya Singh 4780,19,Female,Ahmedabad,Karnataka,"Health,Toys,Beauty",2025-04-28,False,True
U04781,user04781,user4781@smartcart.ai,pbkdf2:sha256:600000$saltXYZ$hashedvalue,Pooja Pillai 4781,26,Female,Hyderabad,Rajasthan,Beauty,2025-12-14,False,True
U04782,user04782,user4782@smartcart.ai,pbkdf2:sha256:600000$saltXYZ$hashedvalue,Pooja Pillai 4782,18,Male,Mumbai,Karnataka,"Books,Toys,Automotive",2024-06-22,False,True
U04783,user04783,user4783@smartcart.ai,pbkdf2:sha256:600000$saltXYZ$hashedvalue,Vijay Kumar 4783,36,Other,Surat,Tamil Nadu,"Automotive,Beauty",2024-03-25,False,True
U04784,user04784,user4784@smartcart.ai,pbkdf2:sha256:600000$saltXYZ$hashedvalue,Karan Mehta 4784,62,Other,Ahmedabad,Punjab,"Sports,Health",2023-12-24,False,True
U04785,user04785,user4785@smartcart.ai,pbkdf2:sha256:600000$saltXYZ$hashedvalue,Priya Singh 4785,56,Male,Hyderabad,Tamil Nadu,"Electronics,Toys,Books,Home & Kitchen",2023-08-07,False,True
U04786,user04786,user4786@smartcart.ai,pbkdf2:sha256:600000$saltXYZ$hashedvalue,Amit Patel 4786,57,Male,Chennai,UP,"Home & Kitchen,Health,Electronics",2024-04-19,False,True
U04787,user04787,user4787@smartcart.ai,pbkdf2:sha256:600000$saltXYZ$hashedvalue,Karan Mehta 4787,48,Male,Chandigarh,Karnataka,"Beauty,Books,Electronics,Sports",2023-10-09,False,True
U04788,user04788,user4788@smartcart.ai,pbkdf2:sha256:600000$saltXYZ$hashedvalue,Pooja Pillai 4788,18,Male,Surat,Delhi,"Fashion,Books",2024-10-28,False,True
U04789,user04789,user4789@smartcart.ai,pbkdf2:sha256:600000$saltXYZ$hashedvalue,Amit Patel 4789,20,Female,Ahmedabad,UP,"Sports,Automotive",2023-07-16,False,True
U04790,user04790,user4790@smartcart.ai,pbkdf2:sha256:600000$saltXYZ$hashedvalue,Sneha Gupta 4790,64,Female,Jaipur,Karnataka,"Beauty,Toys",2025-02-06,False,True
U04791,user04791,user4791@smartcart.ai,pbkdf2:sha256:600000$saltXYZ$hashedvalue,Deepika Nair 4791,64,Male,Mumbai,Delhi,Toys,2026-04-21,False,True
U04792,user04792,user4792@smartcart.ai,pbkdf2:sha256:600000$saltXYZ$hashedvalue,Pooja Pillai 4792,27,Male,Mumbai,Rajasthan,"Home & Kitchen,Toys,Books,Automotive",2026-03-03,False,True
U04793,user04793,user4793@smartcart.ai,pbkdf2:sha256:600000$saltXYZ$hashedvalue,Sneha Gupta 4793,27,Other,Bangalore,Tamil Nadu,Fashion,2025-08-28,False,True
U04794,user04794,user4794@smartcart.ai,pbkdf2:sha256:600000$saltXYZ$hashedvalue,Pooja Pillai 4794,60,Female,Chennai,Karnataka,"Books,Fashion",2023-08-09,False,True
U04795,user04795,user4795@smartcart.ai,pbkdf2:sha256:600000$saltXYZ$hashedvalue,Ananya Joshi 4795,41,Other,Lucknow,UP,"Sports,Automotive,Fashion",2023-10-09,False,True
U04796,user04796,user4796@smartcart.ai,pbkdf2:sha256:600000$saltXYZ$hashedvalue,Rahul Sharma 4796,19,Female,Lucknow,Delhi,"Home & Kitchen,Grocery,Fashion",2025-08-22,False,True
U04797,user04797,user4797@smartcart.ai,pbkdf2:sha256:600000$saltXYZ$hashedvalue,Pooja Pillai 4797,30,Other,Ahmedabad,Rajasthan,"Automotive,Fashion,Electronics,Books",2025-09-23,False,True
U04798,user04798,user4798@smartcart.ai,pbkdf2:sha256:600000$saltXYZ$hashedvalue,Pooja Pillai 4798,24,Male,Bangalore,Delhi,"Health,Beauty",2026-03-15,False,True
U04799,user04799,user4799@smartcart.ai,pbkdf2:sha256:600000$saltXYZ$hashedvalue,Deepika Nair 4799,35,Other,Bangalore,UP,"Beauty,Fashion",2024-04-17,False,True
U04800,user04800,user4800@smartcart.ai,pbkdf2:sha256:600000$saltXYZ$hashedvalue,Vijay Kumar 4800,50,Female,Kolkata,Tamil Nadu,"Toys,Grocery,Health,Electronics",2026-02-01,False,True
U04801,user04801,user4801@smartcart.ai,pbkdf2:sha256:600000$saltXYZ$hashedvalue,Amit Patel 4801,25,Other,Ahmedabad,Telangana,"Toys,Fashion,Beauty,Automotive",2026-03-04,False,True
U04802,user04802,user4802@smartcart.ai,pbkdf2:sha256:600000$saltXYZ$hashedvalue,Sneha Gupta 4802,27,Other,Delhi,Gujarat,Home & Kitchen,2025-04-26,False,True
U04803,user04803,user4803@smartcart.ai,pbkdf2:sha256:600000$saltXYZ$hashedvalue,Vijay Kumar 4803,62,Female,Chandigarh,Tamil Nadu,"Beauty,Electronics",2025-06-29,False,True
U04804,user04804,user4804@smartcart.ai,pbkdf2:sha256:600000$saltXYZ$hashedvalue,Priya Singh 4804,46,Other,Kolkata,UP,"Automotive,Electronics",2024-05-24,False,True
U04805,user04805,user4805@smartcart.ai,pbkdf2:sha256:600000$saltXYZ$hashedvalue,Rahul Sharma 4805,36,Other,Mumbai,UP,"Beauty,Fashion,Health,Grocery",2025-09-03,False,True
U04806,user04806,user4806@smartcart.ai,pbkdf2:sha256:600000$saltXYZ$hashedvalue,Pooja Pillai 4806,20,Other,Pune,Gujarat,"Home & Kitchen,Books,Health,Electronics",2026-03-30,False,True
U04807,user04807,user4807@smartcart.ai,pbkdf2:sha256:600000$saltXYZ$hashedvalue,Pooja Pillai 4807,65,Female,Lucknow,Gujarat,Home & Kitchen,2023-06-24,False,True
U04808,user04808,user4808@smartcart.ai,pbkdf2:sha256:600000$saltXYZ$hashedvalue,Amit Patel 4808,40,Female,Ahmedabad,Tamil Nadu,Automotive,2024-08-30,False,False
U04809,user04809,user4809@smartcart.ai,pbkdf2:sha256:600000$saltXYZ$hashedvalue,Pooja Pillai 4809,45,Female,Chandigarh,Karnataka,Automotive,2025-11-30,False,True
U04810,user04810,user4810@smartcart.ai,pbkdf2:sha256:600000$saltXYZ$hashedvalue,Rahul Sharma 4810,43,Other,Ahmedabad,Maharashtra,Health,2026-02-06,False,True
U04811,user04811,user4811@smartcart.ai,pbkdf2:sha256:600000$saltXYZ$hashedvalue,Sneha Gupta 4811,64,Female,Ahmedabad,Gujarat,"Beauty,Home & Kitchen",2026-02-22,False,True
U04812,user04812,user4812@smartcart.ai,pbkdf2:sha256:600000$saltXYZ$hashedvalue,Ananya Joshi 4812,65,Female,Chandigarh,Karnataka,"Automotive,Electronics",2026-04-01,False,True
U04813,user04813,user4813@smartcart.ai,pbkdf2:sha256:600000$saltXYZ$hashedvalue,Ananya Joshi 4813,19,Female,Delhi,Gujarat,Home & Kitchen,2024-12-02,False,True
U04814,user04814,user4814@smartcart.ai,pbkdf2:sha256:600000$saltXYZ$hashedvalue,Rahul Sharma 4814,20,Male,Mumbai,Rajasthan,"Electronics,Automotive,Sports,Grocery",2024-10-21,False,True
U04815,user04815,user4815@smartcart.ai,pbkdf2:sha256:600000$saltXYZ$hashedvalue,Pooja Pillai 4815,65,Other,Chennai,Maharashtra,"Sports,Beauty,Electronics,Books",2025-04-06,False,True
U04816,user04816,user4816@smartcart.ai,pbkdf2:sha256:600000$saltXYZ$hashedvalue,Karan Mehta 4816,47,Male,Pune,Tamil Nadu,Health,2023-04-28,False,True
U04817,user04817,user4817@smartcart.ai,pbkdf2:sha256:600000$saltXYZ$hashedvalue,Pooja Pillai 4817,61,Female,Lucknow,Telangana,"Toys,Fashion",2024-06-04,False,True
U04818,user04818,user4818@smartcart.ai,pbkdf2:sha256:600000$saltXYZ$hashedvalue,Sneha Gupta 4818,21,Male,Mumbai,Punjab,"Grocery,Health,Books",2026-02-26,False,True
U04819,user04819,user4819@smartcart.ai,pbkdf2:sha256:600000$saltXYZ$hashedvalue,Rohit Verma 4819,61,Other,Jaipur,Telangana,"Fashion,Automotive",2024-02-07,False,True
U04820,user04820,user4820@smartcart.ai,pbkdf2:sha256:600000$saltXYZ$hashedvalue,Rahul Sharma 4820,30,Male,Pune,UP,"Grocery,Sports",2024-09-24,False,True
U04821,user04821,user4821@smartcart.ai,pbkdf2:sha256:600000$saltXYZ$hashedvalue,Amit Patel 4821,61,Female,Pune,Rajasthan,"Sports,Home & Kitchen",2023-07-15,False,True
U04822,user04822,user4822@smartcart.ai,pbkdf2:sha256:600000$saltXYZ$hashedvalue,Amit Patel 4822,39,Other,Surat,Maharashtra,Home & Kitchen,2025-06-21,False,True
U04823,user04823,user4823@smartcart.ai,pbkdf2:sha256:600000$saltXYZ$hashedvalue,Rohit Verma 4823,26,Other,Mumbai,Rajasthan,"Toys,Automotive,Fashion,Books",2025-10-25,False,True
U04824,user04824,user4824@smartcart.ai,pbkdf2:sha256:600000$saltXYZ$hashedvalue,Pooja Pillai 4824,20,Male,Chandigarh,Gujarat,"Grocery,Automotive",2024-11-17,False,True
U04825,user04825,user4825@smartcart.ai,pbkdf2:sha256:600000$saltXYZ$hashedvalue,Rohit Verma 4825,58,Female,Chandigarh,West Bengal,"Fashion,Grocery",2025-12-08,False,True
U04826,user04826,user4826@smartcart.ai,pbkdf2:sha256:600000$saltXYZ$hashedvalue,Ananya Joshi 4826,23,Female,Surat,Telangana,"Home & Kitchen,Electronics",2024-04-28,False,True
U04827,user04827,user4827@smartcart.ai,pbkdf2:sha256:600000$saltXYZ$hashedvalue,Karan Mehta 4827,64,Female,Mumbai,Telangana,"Grocery,Toys",2023-04-28,False,True
U04828,user04828,user4828@smartcart.ai,pbkdf2:sha256:600000$saltXYZ$hashedvalue,Sneha Gupta 4828,54,Male,Surat,Maharashtra,"Automotive,Electronics",2025-03-05,False,True
U04829,user04829,user4829@smartcart.ai,pbkdf2:sha256:600000$saltXYZ$hashedvalue,Rohit Verma 4829,53,Male,Mumbai,Telangana,"Home & Kitchen,Health,Books",2025-04-24,False,True
U04830,user04830,user4830@smartcart.ai,pbkdf2:sha256:600000$saltXYZ$hashedvalue,Rohit Verma 4830,38,Male,Hyderabad,Delhi,Automotive,2025-07-17,False,True
U04831,user04831,user4831@smartcart.ai,pbkdf2:sha256:600000$saltXYZ$hashedvalue,Sneha Gupta 4831,34,Male,Pune,Gujarat,Electronics,2024-01-30,False,True
U04832,user04832,user4832@smartcart.ai,pbkdf2:sha256:600000$saltXYZ$hashedvalue,Priya Singh 4832,55,Male,Jaipur,Rajasthan,Home & Kitchen,2024-02-07,False,False
U04833,user04833,user4833@smartcart.ai,pbkdf2:sha256:600000$saltXYZ$hashedvalue,Amit Patel 4833,35,Other,Hyderabad,Gujarat,Beauty,2025-05-04,False,True
U04834,user04834,user4834@smartcart.ai,pbkdf2:sha256:600000$saltXYZ$hashedvalue,Priya Singh 4834,54,Female,Ahmedabad,UP,"Books,Home & Kitchen",2023-06-28,False,True
U04835,user04835,user4835@smartcart.ai,pbkdf2:sha256:600000$saltXYZ$hashedvalue,Priya Singh 4835,23,Female,Pune,Gujarat,"Health,Electronics,Books",2023-12-01,False,True
U04836,user04836,user4836@smartcart.ai,pbkdf2:sha256:600000$saltXYZ$hashedvalue,Vijay Kumar 4836,62,Male,Kolkata,Tamil Nadu,"Sports,Fashion",2025-03-26,False,True
U04837,user04837,user4837@smartcart.ai,pbkdf2:sha256:600000$saltXYZ$hashedvalue,Deepika Nair 4837,37,Other,Ahmedabad,Tamil Nadu,"Grocery,Automotive,Fashion,Electronics",2024-05-08,False,True
U04838,user04838,user4838@smartcart.ai,pbkdf2:sha256:600000$saltXYZ$hashedvalue,Rohit Verma 4838,61,Male,Surat,Delhi,Beauty,2024-05-27,False,True
U04839,user04839,user4839@smartcart.ai,pbkdf2:sha256:600000$saltXYZ$hashedvalue,Sneha Gupta 4839,39,Male,Chennai,Punjab,"Sports,Health,Automotive",2024-08-21,False,True
U04840,user04840,user4840@smartcart.ai,pbkdf2:sha256:600000$saltXYZ$hashedvalue,Amit Patel 4840,52,Male,Hyderabad,Gujarat,Grocery,2025-12-25,False,True
U04841,user04841,user4841@smartcart.ai,pbkdf2:sha256:600000$saltXYZ$hashedvalue,Vijay Kumar 4841,33,Other,Mumbai,Tamil Nadu,"Automotive,Beauty,Books,Sports",2025-05-04,False,True
U04842,user04842,user4842@smartcart.ai,pbkdf2:sha256:600000$saltXYZ$hashedvalue,Rohit Verma 4842,28,Other,Bangalore,Punjab,Automotive,2025-10-16,False,True
U04843,user04843,user4843@smartcart.ai,pbkdf2:sha256:600000$saltXYZ$hashedvalue,Ananya Joshi 4843,57,Female,Chennai,Gujarat,"Toys,Sports,Books",2023-12-30,False,True
U04844,user04844,user4844@smartcart.ai,pbkdf2:sha256:600000$saltXYZ$hashedvalue,Vijay Kumar 4844,51,Other,Mumbai,Rajasthan,"Health,Books,Beauty,Sports",2026-03-28,False,True
U04845,user04845,user4845@smartcart.ai,pbkdf2:sha256:600000$saltXYZ$hashedvalue,Priya Singh 4845,24,Female,Chandigarh,Delhi,"Automotive,Fashion",2023-12-01,False,True
U04846,user04846,user4846@smartcart.ai,pbkdf2:sha256:600000$saltXYZ$hashedvalue,Vijay Kumar 4846,28,Female,Jaipur,Tamil Nadu,"Beauty,Grocery,Health,Fashion",2026-02-06,False,True
U04847,user04847,user4847@smartcart.ai,pbkdf2:sha256:600000$saltXYZ$hashedvalue,Sneha Gupta 4847,48,Male,Hyderabad,Gujarat,Beauty,2024-07-28,False,True
U04848,user04848,user4848@smartcart.ai,pbkdf2:sha256:600000$saltXYZ$hashedvalue,Karan Mehta 4848,27,Male,Chennai,West Bengal,Toys,2023-08-23,False,True
U04849,user04849,user4849@smartcart.ai,pbkdf2:sha256:600000$saltXYZ$hashedvalue,Vijay Kumar 4849,43,Male,Hyderabad,Telangana,"Books,Toys,Grocery",2025-07-11,False,True
U04850,user04850,user4850@smartcart.ai,pbkdf2:sha256:600000$saltXYZ$hashedvalue,Rahul Sharma 4850,50,Other,Delhi,Delhi,Sports,2023-07-07,False,True
U04851,user04851,user4851@smartcart.ai,pbkdf2:sha256:600000$saltXYZ$hashedvalue,Pooja Pillai 4851,32,Female,Hyderabad,Rajasthan,"Fashion,Automotive,Toys",2025-03-31,False,True
U04852,user04852,user4852@smartcart.ai,pbkdf2:sha256:600000$saltXYZ$hashedvalue,Pooja Pillai 4852,38,Other,Ahmedabad,Telangana,"Home & Kitchen,Fashion,Sports,Toys",2023-08-27,False,True
U04853,user04853,user4853@smartcart.ai,pbkdf2:sha256:600000$saltXYZ$hashedvalue,Deepika Nair 4853,58,Male,Ahmedabad,UP,Automotive,2025-11-04,False,True
U04854,user04854,user4854@smartcart.ai,pbkdf2:sha256:600000$saltXYZ$hashedvalue,Priya Singh 4854,44,Other,Jaipur,Delhi,"Automotive,Books,Fashion",2024-03-08,False,True
U04855,user04855,user4855@smartcart.ai,pbkdf2:sha256:600000$saltXYZ$hashedvalue,Vijay Kumar 4855,23,Male,Ahmedabad,Tamil Nadu,Beauty,2025-08-03,False,True
U04856,user04856,user4856@smartcart.ai,pbkdf2:sha256:600000$saltXYZ$hashedvalue,Amit Patel 4856,30,Other,Chennai,Rajasthan,"Electronics,Grocery",2025-04-25,False,True
U04857,user04857,user4857@smartcart.ai,pbkdf2:sha256:600000$saltXYZ$hashedvalue,Karan Mehta 4857,29,Male,Hyderabad,Delhi,Home & Kitchen,2025-02-22,False,True
U04858,user04858,user4858@smartcart.ai,pbkdf2:sha256:600000$saltXYZ$hashedvalue,Vijay Kumar 4858,54,Other,Pune,Tamil Nadu,"Beauty,Fashion",2025-12-02,False,True
U04859,user04859,user4859@smartcart.ai,pbkdf2:sha256:600000$saltXYZ$hashedvalue,Rohit Verma 4859,53,Other,Mumbai,Rajasthan,"Automotive,Beauty,Fashion",2025-06-27,False,False
U04860,user04860,user4860@smartcart.ai,pbkdf2:sha256:600000$saltXYZ$hashedvalue,Sneha Gupta 4860,64,Male,Ahmedabad,West Bengal,"Home & Kitchen,Books,Automotive,Sports",2024-09-20,False,True
U04861,user04861,user4861@smartcart.ai,pbkdf2:sha256:600000$saltXYZ$hashedvalue,Deepika Nair 4861,31,Female,Hyderabad,Telangana,"Fashion,Grocery,Home & Kitchen",2025-04-26,False,True
U04862,user04862,user4862@smartcart.ai,pbkdf2:sha256:600000$saltXYZ$hashedvalue,Priya Singh 4862,61,Male,Pune,Rajasthan,"Fashion,Sports,Beauty,Books",2023-08-14,False,True
U04863,user04863,user4863@smartcart.ai,pbkdf2:sha256:600000$saltXYZ$hashedvalue,Rohit Verma 4863,28,Other,Ahmedabad,Rajasthan,"Electronics,Toys,Books,Automotive",2026-02-26,False,True
U04864,user04864,user4864@smartcart.ai,pbkdf2:sha256:600000$saltXYZ$hashedvalue,Deepika Nair 4864,58,Male,Jaipur,Gujarat,"Home & Kitchen,Books",2023-07-08,False,True
U04865,user04865,user4865@smartcart.ai,pbkdf2:sha256:600000$saltXYZ$hashedvalue,Rahul Sharma 4865,29,Other,Mumbai,Telangana,"Sports,Home & Kitchen",2026-04-16,False,True
U04866,user04866,user4866@smartcart.ai,pbkdf2:sha256:600000$saltXYZ$hashedvalue,Priya Singh 4866,62,Female,Kolkata,Gujarat,"Books,Beauty,Grocery",2024-07-16,False,True
U04867,user04867,user4867@smartcart.ai,pbkdf2:sha256:600000$saltXYZ$hashedvalue,Amit Patel 4867,61,Other,Delhi,Punjab,"Health,Beauty,Sports",2024-06-18,False,True
U04868,user04868,user4868@smartcart.ai,pbkdf2:sha256:600000$saltXYZ$hashedvalue,Rahul Sharma 4868,53,Male,Kolkata,Maharashtra,"Home & Kitchen,Automotive,Grocery,Sports",2023-05-19,False,True
U04869,user04869,user4869@smartcart.ai,pbkdf2:sha256:600000$saltXYZ$hashedvalue,Ananya Joshi 4869,43,Other,Ahmedabad,Delhi,"Books,Sports,Health,Electronics",2025-05-06,False,True
U04870,user04870,user4870@smartcart.ai,pbkdf2:sha256:600000$saltXYZ$hashedvalue,Rahul Sharma 4870,20,Female,Chennai,Punjab,"Grocery,Automotive",2025-12-04,False,True
U04871,user04871,user4871@smartcart.ai,pbkdf2:sha256:600000$saltXYZ$hashedvalue,Karan Mehta 4871,49,Other,Kolkata,Gujarat,"Grocery,Fashion,Sports",2024-11-09,False,True
U04872,user04872,user4872@smartcart.ai,pbkdf2:sha256:600000$saltXYZ$hashedvalue,Rahul Sharma 4872,56,Male,Kolkata,Rajasthan,"Sports,Health,Books,Fashion",2026-01-21,False,True
U04873,user04873,user4873@smartcart.ai,pbkdf2:sha256:600000$saltXYZ$hashedvalue,Amit Patel 4873,42,Other,Kolkata,Tamil Nadu,Grocery,2024-11-11,False,True
U04874,user04874,user4874@smartcart.ai,pbkdf2:sha256:600000$saltXYZ$hashedvalue,Ananya Joshi 4874,28,Male,Mumbai,Karnataka,Grocery,2023-06-18,False,True
U04875,user04875,user4875@smartcart.ai,pbkdf2:sha256:600000$saltXYZ$hashedvalue,Deepika Nair 4875,57,Male,Mumbai,West Bengal,"Toys,Grocery,Books,Health",2023-07-03,False,True
U04876,user04876,user4876@smartcart.ai,pbkdf2:sha256:600000$saltXYZ$hashedvalue,Deepika Nair 4876,48,Other,Jaipur,Delhi,"Health,Toys,Automotive",2024-03-04,False,True
U04877,user04877,user4877@smartcart.ai,pbkdf2:sha256:600000$saltXYZ$hashedvalue,Priya Singh 4877,44,Other,Kolkata,Delhi,"Beauty,Sports,Automotive,Fashion",2024-04-01,False,True
U04878,user04878,user4878@smartcart.ai,pbkdf2:sha256:600000$saltXYZ$hashedvalue,Sneha Gupta 4878,33,Other,Lucknow,Delhi,"Toys,Health",2025-01-28,False,True
U04879,user04879,user4879@smartcart.ai,pbkdf2:sha256:600000$saltXYZ$hashedvalue,Rahul Sharma 4879,50,Female,Hyderabad,Tamil Nadu,"Health,Automotive,Beauty",2025-11-13,False,True
U04880,user04880,user4880@smartcart.ai,pbkdf2:sha256:600000$saltXYZ$hashedvalue,Amit Patel 4880,22,Female,Kolkata,Maharashtra,Health,2025-04-10,False,True
U04881,user04881,user4881@smartcart.ai,pbkdf2:sha256:600000$saltXYZ$hashedvalue,Rohit Verma 4881,32,Male,Mumbai,Rajasthan,"Sports,Electronics,Home & Kitchen,Beauty",2024-12-11,False,True
U04882,user04882,user4882@smartcart.ai,pbkdf2:sha256:600000$saltXYZ$hashedvalue,Amit Patel 4882,51,Other,Delhi,Punjab,Sports,2024-01-21,False,True
U04883,user04883,user4883@smartcart.ai,pbkdf2:sha256:600000$saltXYZ$hashedvalue,Deepika Nair 4883,44,Other,Hyderabad,Gujarat,"Beauty,Health,Books,Sports",2025-01-28,False,True
U04884,user04884,user4884@smartcart.ai,pbkdf2:sha256:600000$saltXYZ$hashedvalue,Amit Patel 4884,26,Female,Chandigarh,Telangana,"Toys,Beauty,Home & Kitchen",2025-04-04,False,True
U04885,user04885,user4885@smartcart.ai,pbkdf2:sha256:600000$saltXYZ$hashedvalue,Karan Mehta 4885,63,Other,Bangalore,West Bengal,Sports,2025-11-24,False,True
U04886,user04886,user4886@smartcart.ai,pbkdf2:sha256:600000$saltXYZ$hashedvalue,Sneha Gupta 4886,22,Female,Chennai,West Bengal,Health,2023-05-20,False,True
U04887,user04887,user4887@smartcart.ai,pbkdf2:sha256:600000$saltXYZ$hashedvalue,Priya Singh 4887,48,Female,Delhi,Delhi,"Health,Automotive,Toys",2025-05-05,False,True
U04888,user04888,user4888@smartcart.ai,pbkdf2:sha256:600000$saltXYZ$hashedvalue,Sneha Gupta 4888,21,Other,Lucknow,UP,"Health,Toys,Books",2025-02-02,False,True
U04889,user04889,user4889@smartcart.ai,pbkdf2:sha256:600000$saltXYZ$hashedvalue,Ananya Joshi 4889,19,Female,Surat,Delhi,"Sports,Toys,Books",2023-11-25,False,True
U04890,user04890,user4890@smartcart.ai,pbkdf2:sha256:600000$saltXYZ$hashedvalue,Rohit Verma 4890,61,Other,Mumbai,Karnataka,"Automotive,Home & Kitchen,Beauty",2023-08-03,False,True
U04891,user04891,user4891@smartcart.ai,pbkdf2:sha256:600000$saltXYZ$hashedvalue,Priya Singh 4891,64,Male,Jaipur,UP,"Home & Kitchen,Grocery",2025-11-01,False,True
U04892,user04892,user4892@smartcart.ai,pbkdf2:sha256:600000$saltXYZ$hashedvalue,Rohit Verma 4892,20,Other,Pune,Maharashtra,"Home & Kitchen,Books,Beauty",2023-12-16,False,True
U04893,user04893,user4893@smartcart.ai,pbkdf2:sha256:600000$saltXYZ$hashedvalue,Deepika Nair 4893,44,Other,Bangalore,Telangana,Toys,2025-02-23,False,True
U04894,user04894,user4894@smartcart.ai,pbkdf2:sha256:600000$saltXYZ$hashedvalue,Karan Mehta 4894,38,Other,Mumbai,Punjab,"Electronics,Health",2025-04-25,False,True
U04895,user04895,user4895@smartcart.ai,pbkdf2:sha256:600000$saltXYZ$hashedvalue,Priya Singh 4895,54,Male,Kolkata,Karnataka,"Books,Automotive",2025-03-24,False,True
U04896,user04896,user4896@smartcart.ai,pbkdf2:sha256:600000$saltXYZ$hashedvalue,Rohit Verma 4896,61,Male,Jaipur,UP,"Fashion,Grocery,Sports,Automotive",2024-08-05,False,False
U04897,user04897,user4897@smartcart.ai,pbkdf2:sha256:600000$saltXYZ$hashedvalue,Karan Mehta 4897,41,Female,Jaipur,Tamil Nadu,"Sports,Grocery",2024-05-09,False,True
U04898,user04898,user4898@smartcart.ai,pbkdf2:sha256:600000$saltXYZ$hashedvalue,Sneha Gupta 4898,57,Female,Chennai,West Bengal,"Home & Kitchen,Electronics,Automotive,Fashion",2023-08-06,False,True
U04899,user04899,user4899@smartcart.ai,pbkdf2:sha256:600000$saltXYZ$hashedvalue,Rahul Sharma 4899,25,Female,Hyderabad,Tamil Nadu,"Home & Kitchen,Books,Beauty,Toys",2023-11-29,False,True
U04900,user04900,user4900@smartcart.ai,pbkdf2:sha256:600000$saltXYZ$hashedvalue,Priya Singh 4900,34,Female,Pune,Karnataka,"Automotive,Toys,Sports",2024-03-15,False,True
U04901,user04901,user4901@smartcart.ai,pbkdf2:sha256:600000$saltXYZ$hashedvalue,Sneha Gupta 4901,50,Other,Mumbai,Telangana,"Beauty,Books,Sports,Automotive",2023-07-21,False,True
U04902,user04902,user4902@smartcart.ai,pbkdf2:sha256:600000$saltXYZ$hashedvalue,Karan Mehta 4902,62,Female,Hyderabad,Telangana,"Toys,Sports,Books,Home & Kitchen",2024-07-03,False,False
U04903,user04903,user4903@smartcart.ai,pbkdf2:sha256:600000$saltXYZ$hashedvalue,Pooja Pillai 4903,49,Other,Chandigarh,Karnataka,"Beauty,Automotive",2024-08-03,False,True
U04904,user04904,user4904@smartcart.ai,pbkdf2:sha256:600000$saltXYZ$hashedvalue,Karan Mehta 4904,40,Female,Chennai,UP,Grocery,2025-03-29,False,True
U04905,user04905,user4905@smartcart.ai,pbkdf2:sha256:600000$saltXYZ$hashedvalue,Amit Patel 4905,65,Male,Hyderabad,Punjab,"Sports,Books,Beauty",2025-05-02,False,True
U04906,user04906,user4906@smartcart.ai,pbkdf2:sha256:600000$saltXYZ$hashedvalue,Priya Singh 4906,40,Other,Jaipur,Maharashtra,"Sports,Electronics,Home & Kitchen",2025-11-05,False,True
U04907,user04907,user4907@smartcart.ai,pbkdf2:sha256:600000$saltXYZ$hashedvalue,Karan Mehta 4907,47,Other,Pune,Punjab,Home & Kitchen,2023-10-01,False,True
U04908,user04908,user4908@smartcart.ai,pbkdf2:sha256:600000$saltXYZ$hashedvalue,Vijay Kumar 4908,46,Female,Chennai,Telangana,"Books,Fashion,Beauty",2023-04-26,False,False
U04909,user04909,user4909@smartcart.ai,pbkdf2:sha256:600000$saltXYZ$hashedvalue,Rahul Sharma 4909,52,Other,Jaipur,Rajasthan,Beauty,2024-11-27,False,True
U04910,user04910,user4910@smartcart.ai,pbkdf2:sha256:600000$saltXYZ$hashedvalue,Sneha Gupta 4910,49,Other,Kolkata,Punjab,Home & Kitchen,2024-05-04,False,True
U04911,user04911,user4911@smartcart.ai,pbkdf2:sha256:600000$saltXYZ$hashedvalue,Pooja Pillai 4911,55,Male,Mumbai,UP,"Books,Automotive,Beauty,Health",2025-07-30,False,True
U04912,user04912,user4912@smartcart.ai,pbkdf2:sha256:600000$saltXYZ$hashedvalue,Ananya Joshi 4912,50,Female,Ahmedabad,UP,"Automotive,Toys,Electronics",2025-09-26,False,True
U04913,user04913,user4913@smartcart.ai,pbkdf2:sha256:600000$saltXYZ$hashedvalue,Pooja Pillai 4913,65,Male,Chandigarh,Rajasthan,Home & Kitchen,2023-05-06,False,True
U04914,user04914,user4914@smartcart.ai,pbkdf2:sha256:600000$saltXYZ$hashedvalue,Pooja Pillai 4914,65,Male,Ahmedabad,Delhi,"Fashion,Health",2024-01-09,False,True
U04915,user04915,user4915@smartcart.ai,pbkdf2:sha256:600000$saltXYZ$hashedvalue,Priya Singh 4915,20,Female,Chennai,Rajasthan,"Books,Fashion",2023-10-26,False,True
U04916,user04916,user4916@smartcart.ai,pbkdf2:sha256:600000$saltXYZ$hashedvalue,Vijay Kumar 4916,36,Other,Jaipur,Punjab,Health,2023-10-29,False,True
U04917,user04917,user4917@smartcart.ai,pbkdf2:sha256:600000$saltXYZ$hashedvalue,Deepika Nair 4917,60,Female,Lucknow,Rajasthan,"Fashion,Beauty,Automotive",2025-10-27,False,True
U04918,user04918,user4918@smartcart.ai,pbkdf2:sha256:600000$saltXYZ$hashedvalue,Karan Mehta 4918,47,Female,Mumbai,UP,Home & Kitchen,2024-12-20,False,True
U04919,user04919,user4919@smartcart.ai,pbkdf2:sha256:600000$saltXYZ$hashedvalue,Deepika Nair 4919,30,Female,Kolkata,Maharashtra,"Grocery,Toys,Sports,Books",2023-08-08,False,True
U04920,user04920,user4920@smartcart.ai,pbkdf2:sha256:600000$saltXYZ$hashedvalue,Vijay Kumar 4920,21,Other,Ahmedabad,Karnataka,"Sports,Automotive,Electronics",2025-06-21,False,True
U04921,user04921,user4921@smartcart.ai,pbkdf2:sha256:600000$saltXYZ$hashedvalue,Rohit Verma 4921,48,Female,Lucknow,West Bengal,"Fashion,Automotive,Books,Sports",2025-10-26,False,False
U04922,user04922,user4922@smartcart.ai,pbkdf2:sha256:600000$saltXYZ$hashedvalue,Vijay Kumar 4922,30,Male,Mumbai,Tamil Nadu,Grocery,2023-12-04,False,True
U04923,user04923,user4923@smartcart.ai,pbkdf2:sha256:600000$saltXYZ$hashedvalue,Rahul Sharma 4923,28,Male,Jaipur,Tamil Nadu,"Health,Automotive,Books",2023-05-04,False,True
U04924,user04924,user4924@smartcart.ai,pbkdf2:sha256:600000$saltXYZ$hashedvalue,Sneha Gupta 4924,36,Other,Chennai,West Bengal,"Toys,Home & Kitchen,Health",2023-05-12,False,True
U04925,user04925,user4925@smartcart.ai,pbkdf2:sha256:600000$saltXYZ$hashedvalue,Vijay Kumar 4925,45,Male,Hyderabad,Rajasthan,"Electronics,Home & Kitchen",2024-12-13,False,True
U04926,user04926,user4926@smartcart.ai,pbkdf2:sha256:600000$saltXYZ$hashedvalue,Vijay Kumar 4926,40,Female,Ahmedabad,Telangana,"Grocery,Sports,Home & Kitchen,Health",2024-05-07,False,False
U04927,user04927,user4927@smartcart.ai,pbkdf2:sha256:600000$saltXYZ$hashedvalue,Karan Mehta 4927,54,Female,Delhi,Gujarat,Health,2025-09-22,False,True
U04928,user04928,user4928@smartcart.ai,pbkdf2:sha256:600000$saltXYZ$hashedvalue,Deepika Nair 4928,32,Male,Jaipur,Gujarat,Fashion,2026-03-18,False,True
U04929,user04929,user4929@smartcart.ai,pbkdf2:sha256:600000$saltXYZ$hashedvalue,Ananya Joshi 4929,35,Other,Chennai,Delhi,"Home & Kitchen,Grocery",2023-08-15,False,True
U04930,user04930,user4930@smartcart.ai,pbkdf2:sha256:600000$saltXYZ$hashedvalue,Priya Singh 4930,41,Other,Jaipur,Punjab,Health,2024-03-09,False,True
U04931,user04931,user4931@smartcart.ai,pbkdf2:sha256:600000$saltXYZ$hashedvalue,Sneha Gupta 4931,61,Other,Jaipur,Punjab,"Health,Beauty,Books",2023-06-22,False,True
U04932,user04932,user4932@smartcart.ai,pbkdf2:sha256:600000$saltXYZ$hashedvalue,Sneha Gupta 4932,22,Male,Chennai,Telangana,Grocery,2023-11-12,False,True
U04933,user04933,user4933@smartcart.ai,pbkdf2:sha256:600000$saltXYZ$hashedvalue,Priya Singh 4933,19,Other,Jaipur,Telangana,"Health,Books",2025-04-11,False,True
U04934,user04934,user4934@smartcart.ai,pbkdf2:sha256:600000$saltXYZ$hashedvalue,Deepika Nair 4934,31,Other,Mumbai,UP,"Sports,Books",2024-05-08,False,True
U04935,user04935,user4935@smartcart.ai,pbkdf2:sha256:600000$saltXYZ$hashedvalue,Sneha Gupta 4935,61,Male,Bangalore,Maharashtra,"Toys,Automotive,Health",2025-08-28,False,True
U04936,user04936,user4936@smartcart.ai,pbkdf2:sha256:600000$saltXYZ$hashedvalue,Vijay Kumar 4936,65,Female,Chandigarh,Rajasthan,Automotive,2025-12-15,False,True
U04937,user04937,user4937@smartcart.ai,pbkdf2:sha256:600000$saltXYZ$hashedvalue,Karan Mehta 4937,28,Female,Pune,Punjab,"Home & Kitchen,Automotive,Electronics,Sports",2025-11-14,False,True
U04938,user04938,user4938@smartcart.ai,pbkdf2:sha256:600000$saltXYZ$hashedvalue,Vijay Kumar 4938,19,Male,Chennai,Telangana,"Fashion,Automotive,Toys",2026-02-20,False,True
U04939,user04939,user4939@smartcart.ai,pbkdf2:sha256:600000$saltXYZ$hashedvalue,Deepika Nair 4939,63,Female,Jaipur,UP,"Toys,Grocery",2025-07-20,False,True
U04940,user04940,user4940@smartcart.ai,pbkdf2:sha256:600000$saltXYZ$hashedvalue,Sneha Gupta 4940,41,Male,Bangalore,Karnataka,"Beauty,Home & Kitchen",2025-02-07,False,True
U04941,user04941,user4941@smartcart.ai,pbkdf2:sha256:600000$saltXYZ$hashedvalue,Rahul Sharma 4941,32,Female,Delhi,Karnataka,Books,2023-09-07,False,True
U04942,user04942,user4942@smartcart.ai,pbkdf2:sha256:600000$saltXYZ$hashedvalue,Ananya Joshi 4942,29,Female,Delhi,Karnataka,Electronics,2024-12-14,False,True
U04943,user04943,user4943@smartcart.ai,pbkdf2:sha256:600000$saltXYZ$hashedvalue,Vijay Kumar 4943,61,Other,Mumbai,Telangana,"Beauty,Grocery,Health",2024-05-25,False,True
U04944,user04944,user4944@smartcart.ai,pbkdf2:sha256:600000$saltXYZ$hashedvalue,Amit Patel 4944,29,Male,Surat,Punjab,"Grocery,Fashion,Home & Kitchen,Toys",2024-05-09,False,True
U04945,user04945,user4945@smartcart.ai,pbkdf2:sha256:600000$saltXYZ$hashedvalue,Deepika Nair 4945,21,Male,Lucknow,Gujarat,"Books,Beauty",2024-12-22,False,True
U04946,user04946,user4946@smartcart.ai,pbkdf2:sha256:600000$saltXYZ$hashedvalue,Rohit Verma 4946,49,Female,Delhi,UP,"Toys,Grocery",2026-03-31,False,True
U04947,user04947,user4947@smartcart.ai,pbkdf2:sha256:600000$saltXYZ$hashedvalue,Pooja Pillai 4947,35,Female,Surat,Telangana,"Health,Sports,Grocery",2025-11-05,False,True
U04948,user04948,user4948@smartcart.ai,pbkdf2:sha256:600000$saltXYZ$hashedvalue,Deepika Nair 4948,23,Male,Hyderabad,Karnataka,Beauty,2024-12-27,False,True
U04949,user04949,user4949@smartcart.ai,pbkdf2:sha256:600000$saltXYZ$hashedvalue,Sneha Gupta 4949,37,Male,Pune,UP,Books,2024-05-12,False,True
U04950,user04950,user4950@smartcart.ai,pbkdf2:sha256:600000$saltXYZ$hashedvalue,Deepika Nair 4950,60,Male,Kolkata,Maharashtra,"Home & Kitchen,Electronics,Automotive,Toys",2023-05-17,False,True
U04951,user04951,user4951@smartcart.ai,pbkdf2:sha256:600000$saltXYZ$hashedvalue,Priya Singh 4951,57,Other,Ahmedabad,Telangana,"Books,Beauty,Electronics,Fashion",2024-03-13,False,True
U04952,user04952,user4952@smartcart.ai,pbkdf2:sha256:600000$saltXYZ$hashedvalue,Pooja Pillai 4952,60,Other,Kolkata,UP,Grocery,2023-11-05,False,True
U04953,user04953,user4953@smartcart.ai,pbkdf2:sha256:600000$saltXYZ$hashedvalue,Rahul Sharma 4953,21,Female,Mumbai,Karnataka,"Sports,Home & Kitchen,Grocery",2024-07-10,False,True
U04954,user04954,user4954@smartcart.ai,pbkdf2:sha256:600000$saltXYZ$hashedvalue,Amit Patel 4954,39,Male,Mumbai,Karnataka,Sports,2024-02-15,False,True
U04955,user04955,user4955@smartcart.ai,pbkdf2:sha256:600000$saltXYZ$hashedvalue,Rohit Verma 4955,61,Male,Mumbai,Tamil Nadu,"Grocery,Automotive,Toys",2024-04-29,False,True
U04956,user04956,user4956@smartcart.ai,pbkdf2:sha256:600000$saltXYZ$hashedvalue,Vijay Kumar 4956,50,Male,Pune,Punjab,"Books,Beauty,Electronics,Fashion",2025-12-02,False,True
U04957,user04957,user4957@smartcart.ai,pbkdf2:sha256:600000$saltXYZ$hashedvalue,Vijay Kumar 4957,63,Male,Chandigarh,Maharashtra,"Books,Beauty",2025-09-27,False,True
U04958,user04958,user4958@smartcart.ai,pbkdf2:sha256:600000$saltXYZ$hashedvalue,Rahul Sharma 4958,22,Other,Chandigarh,Tamil Nadu,Beauty,2026-04-19,False,True
U04959,user04959,user4959@smartcart.ai,pbkdf2:sha256:600000$saltXYZ$hashedvalue,Vijay Kumar 4959,42,Other,Ahmedabad,Karnataka,"Sports,Home & Kitchen,Books,Electronics",2025-08-11,False,True
U04960,user04960,user4960@smartcart.ai,pbkdf2:sha256:600000$saltXYZ$hashedvalue,Rahul Sharma 4960,24,Female,Jaipur,Tamil Nadu,"Automotive,Electronics,Health,Grocery",2024-11-28,False,True
U04961,user04961,user4961@smartcart.ai,pbkdf2:sha256:600000$saltXYZ$hashedvalue,Vijay Kumar 4961,42,Other,Hyderabad,UP,"Beauty,Electronics",2025-02-17,False,True
U04962,user04962,user4962@smartcart.ai,pbkdf2:sha256:600000$saltXYZ$hashedvalue,Karan Mehta 4962,58,Female,Pune,Punjab,"Sports,Books",2025-11-18,False,True
U04963,user04963,user4963@smartcart.ai,pbkdf2:sha256:600000$saltXYZ$hashedvalue,Vijay Kumar 4963,27,Male,Lucknow,Delhi,"Toys,Books,Grocery",2024-02-17,False,True
U04964,user04964,user4964@smartcart.ai,pbkdf2:sha256:600000$saltXYZ$hashedvalue,Ananya Joshi 4964,62,Male,Jaipur,UP,Toys,2025-12-16,False,True
U04965,user04965,user4965@smartcart.ai,pbkdf2:sha256:600000$saltXYZ$hashedvalue,Amit Patel 4965,55,Male,Ahmedabad,West Bengal,Health,2023-08-28,False,True
U04966,user04966,user4966@smartcart.ai,pbkdf2:sha256:600000$saltXYZ$hashedvalue,Rahul Sharma 4966,59,Male,Pune,Karnataka,"Toys,Beauty",2024-12-04,False,True
U04967,user04967,user4967@smartcart.ai,pbkdf2:sha256:600000$saltXYZ$hashedvalue,Deepika Nair 4967,35,Other,Kolkata,Karnataka,"Health,Beauty,Home & Kitchen",2025-02-16,False,True
U04968,user04968,user4968@smartcart.ai,pbkdf2:sha256:600000$saltXYZ$hashedvalue,Rahul Sharma 4968,33,Female,Ahmedabad,Delhi,"Toys,Grocery,Beauty",2023-09-12,False,True
U04969,user04969,user4969@smartcart.ai,pbkdf2:sha256:600000$saltXYZ$hashedvalue,Vijay Kumar 4969,53,Other,Chennai,UP,"Toys,Fashion",2023-09-09,False,True
U04970,user04970,user4970@smartcart.ai,pbkdf2:sha256:600000$saltXYZ$hashedvalue,Amit Patel 4970,48,Female,Chennai,Karnataka,"Automotive,Electronics",2024-01-23,False,True
U04971,user04971,user4971@smartcart.ai,pbkdf2:sha256:600000$saltXYZ$hashedvalue,Amit Patel 4971,36,Other,Mumbai,West Bengal,Beauty,2025-06-28,False,True
U04972,user04972,user4972@smartcart.ai,pbkdf2:sha256:600000$saltXYZ$hashedvalue,Deepika Nair 4972,52,Male,Surat,Delhi,Beauty,2025-03-12,False,True
U04973,user04973,user4973@smartcart.ai,pbkdf2:sha256:600000$saltXYZ$hashedvalue,Rahul Sharma 4973,30,Female,Kolkata,Punjab,"Fashion,Beauty",2024-08-14,False,True
U04974,user04974,user4974@smartcart.ai,pbkdf2:sha256:600000$saltXYZ$hashedvalue,Deepika Nair 4974,29,Female,Chandigarh,Punjab,"Toys,Sports",2026-01-08,False,True
U04975,user04975,user4975@smartcart.ai,pbkdf2:sha256:600000$saltXYZ$hashedvalue,Deepika Nair 4975,44,Other,Bangalore,West Bengal,"Grocery,Toys,Books,Sports",2024-07-19,False,True
U04976,user04976,user4976@smartcart.ai,pbkdf2:sha256:600000$saltXYZ$hashedvalue,Sneha Gupta 4976,57,Other,Bangalore,Delhi,"Books,Beauty,Home & Kitchen,Grocery",2023-09-06,False,True
U04977,user04977,user4977@smartcart.ai,pbkdf2:sha256:600000$saltXYZ$hashedvalue,Rahul Sharma 4977,31,Male,Ahmedabad,Rajasthan,Sports,2025-09-14,False,True
U04978,user04978,user4978@smartcart.ai,pbkdf2:sha256:600000$saltXYZ$hashedvalue,Rahul Sharma 4978,48,Male,Chandigarh,Karnataka,"Home & Kitchen,Fashion,Electronics",2025-11-29,False,True
U04979,user04979,user4979@smartcart.ai,pbkdf2:sha256:600000$saltXYZ$hashedvalue,Rahul Sharma 4979,36,Other,Hyderabad,Gujarat,"Toys,Beauty,Grocery,Electronics",2024-12-04,False,True
U04980,user04980,user4980@smartcart.ai,pbkdf2:sha256:600000$saltXYZ$hashedvalue,Rohit Verma 4980,56,Female,Bangalore,Karnataka,"Fashion,Home & Kitchen,Beauty",2026-02-16,False,True
U04981,user04981,user4981@smartcart.ai,pbkdf2:sha256:600000$saltXYZ$hashedvalue,Karan Mehta 4981,41,Male,Bangalore,Karnataka,Automotive,2023-10-26,False,True
U04982,user04982,user4982@smartcart.ai,pbkdf2:sha256:600000$saltXYZ$hashedvalue,Karan Mehta 4982,37,Other,Chandigarh,Tamil Nadu,Books,2026-04-18,False,True
U04983,user04983,user4983@smartcart.ai,pbkdf2:sha256:600000$saltXYZ$hashedvalue,Priya Singh 4983,19,Female,Pune,Tamil Nadu,"Books,Beauty,Health,Toys",2025-10-17,False,True
U04984,user04984,user4984@smartcart.ai,pbkdf2:sha256:600000$saltXYZ$hashedvalue,Rahul Sharma 4984,56,Female,Kolkata,Rajasthan,"Sports,Home & Kitchen",2023-05-17,False,True
U04985,user04985,user4985@smartcart.ai,pbkdf2:sha256:600000$saltXYZ$hashedvalue,Ananya Joshi 4985,65,Female,Hyderabad,Karnataka,"Grocery,Toys,Books",2025-02-18,False,True
U04986,user04986,user4986@smartcart.ai,pbkdf2:sha256:600000$saltXYZ$hashedvalue,Rohit Verma 4986,46,Other,Pune,Rajasthan,"Home & Kitchen,Automotive",2023-10-03,False,True
U04987,user04987,user4987@smartcart.ai,pbkdf2:sha256:600000$saltXYZ$hashedvalue,Vijay Kumar 4987,28,Male,Pune,Tamil Nadu,"Fashion,Automotive",2024-09-19,False,True
U04988,user04988,user4988@smartcart.ai,pbkdf2:sha256:600000$saltXYZ$hashedvalue,Vijay Kumar 4988,28,Male,Kolkata,Maharashtra,Automotive,2024-07-26,False,True
U04989,user04989,user4989@smartcart.ai,pbkdf2:sha256:600000$saltXYZ$hashedvalue,Ananya Joshi 4989,19,Male,Bangalore,Gujarat,"Grocery,Home & Kitchen",2024-06-22,False,True
U04990,user04990,user4990@smartcart.ai,pbkdf2:sha256:600000$saltXYZ$hashedvalue,Rohit Verma 4990,29,Other,Kolkata,Rajasthan,"Health,Sports",2025-04-13,False,True
U04991,user04991,user4991@smartcart.ai,pbkdf2:sha256:600000$saltXYZ$hashedvalue,Amit Patel 4991,25,Female,Kolkata,Rajasthan,"Home & Kitchen,Health,Beauty,Automotive",2023-08-02,False,True
U04992,user04992,user4992@smartcart.ai,pbkdf2:sha256:600000$saltXYZ$hashedvalue,Rahul Sharma 4992,49,Female,Jaipur,Rajasthan,"Home & Kitchen,Beauty,Automotive,Books",2024-08-04,False,True
U04993,user04993,user4993@smartcart.ai,pbkdf2:sha256:600000$saltXYZ$hashedvalue,Deepika Nair 4993,46,Female,Mumbai,UP,"Sports,Fashion,Home & Kitchen",2023-10-20,False,True
U04994,user04994,user4994@smartcart.ai,pbkdf2:sha256:600000$saltXYZ$hashedvalue,Amit Patel 4994,34,Male,Chennai,Rajasthan,Electronics,2024-07-23,False,True
U04995,user04995,user4995@smartcart.ai,pbkdf2:sha256:600000$saltXYZ$hashedvalue,Amit Patel 4995,39,Female,Kolkata,Punjab,"Beauty,Automotive,Grocery",2026-02-18,False,True
U04996,user04996,user4996@smartcart.ai,pbkdf2:sha256:600000$saltXYZ$hashedvalue,Pooja Pillai 4996,37,Other,Chandigarh,West Bengal,"Beauty,Books,Fashion",2025-05-31,False,True
U04997,user04997,user4997@smartcart.ai,pbkdf2:sha256:600000$saltXYZ$hashedvalue,Deepika Nair 4997,45,Female,Lucknow,Telangana,"Grocery,Health,Home & Kitchen",2023-06-26,False,True
U04998,user04998,user4998@smartcart.ai,pbkdf2:sha256:600000$saltXYZ$hashedvalue,Priya Singh 4998,39,Female,Ahmedabad,Rajasthan,"Health,Fashion,Automotive,Sports",2025-09-26,False,True
U04999,user04999,user4999@smartcart.ai,pbkdf2:sha256:600000$saltXYZ$hashedvalue,Deepika Nair 4999,50,Male,Surat,Rajasthan,Home & Kitchen,2023-12-21,False,True
U05000,user05000,user5000@smartcart.ai,pbkdf2:sha256:600000$saltXYZ$hashedvalue,Ananya Joshi 5000,55,Female,Lucknow,Tamil Nadu,"Health,Grocery,Sports,Books",2024-04-02,False,True
U05001,user05001,user5001@smartcart.ai,pbkdf2:sha256:600000$saltXYZ$hashedvalue,Pooja Pillai 5001,61,Female,Pune,Karnataka,Automotive,2023-05-22,False,True
U05002,user05002,user5002@smartcart.ai,pbkdf2:sha256:600000$saltXYZ$hashedvalue,Deepika Nair 5002,31,Male,Mumbai,Maharashtra,"Beauty,Toys",2023-07-09,False,True
U05003,user05003,user5003@smartcart.ai,pbkdf2:sha256:600000$saltXYZ$hashedvalue,Amit Patel 5003,57,Male,Surat,Delhi,Electronics,2025-03-19,False,True
U05004,user05004,user5004@smartcart.ai,pbkdf2:sha256:600000$saltXYZ$hashedvalue,Rahul Sharma 5004,37,Other,Lucknow,Maharashtra,"Toys,Sports,Electronics",2024-10-25,False,True
U05005,user05005,user5005@smartcart.ai,pbkdf2:sha256:600000$saltXYZ$hashedvalue,Ananya Joshi 5005,62,Female,Surat,Punjab,"Automotive,Electronics",2023-08-19,False,True
U05006,user05006,user5006@smartcart.ai,pbkdf2:sha256:600000$saltXYZ$hashedvalue,Deepika Nair 5006,24,Female,Jaipur,Rajasthan,Sports,2025-10-04,False,True
U05007,user05007,user5007@smartcart.ai,pbkdf2:sha256:600000$saltXYZ$hashedvalue,Karan Mehta 5007,24,Other,Ahmedabad,Delhi,"Home & Kitchen,Beauty,Sports",2023-05-03,False,True
U05008,user05008,user5008@smartcart.ai,pbkdf2:sha256:600000$saltXYZ$hashedvalue,Deepika Nair 5008,27,Female,Chennai,Gujarat,"Beauty,Home & Kitchen",2024-10-31,False,True
U05009,user05009,user5009@smartcart.ai,pbkdf2:sha256:600000$saltXYZ$hashedvalue,Sneha Gupta 5009,51,Male,Kolkata,Punjab,"Books,Automotive,Sports,Home & Kitchen",2025-11-17,False,True
U05010,user05010,user5010@smartcart.ai,pbkdf2:sha256:600000$saltXYZ$hashedvalue,Priya Singh 5010,65,Other,Surat,Punjab,"Automotive,Books,Electronics",2024-02-28,False,True
U05011,user05011,user5011@smartcart.ai,pbkdf2:sha256:600000$saltXYZ$hashedvalue,Deepika Nair 5011,34,Female,Bangalore,Rajasthan,"Fashion,Books,Toys,Sports",2024-08-03,False,True
U05012,user05012,user5012@smartcart.ai,pbkdf2:sha256:600000$saltXYZ$hashedvalue,Deepika Nair 5012,48,Male,Pune,Rajasthan,"Health,Electronics",2024-10-13,False,True
U05013,user05013,user5013@smartcart.ai,pbkdf2:sha256:600000$saltXYZ$hashedvalue,Rahul Sharma 5013,28,Other,Bangalore,Tamil Nadu,"Automotive,Fashion",2024-01-01,False,True
U05014,user05014,user5014@smartcart.ai,pbkdf2:sha256:600000$saltXYZ$hashedvalue,Priya Singh 5014,57,Other,Lucknow,Telangana,"Grocery,Books,Health,Toys",2024-11-07,False,True
U05015,user05015,user5015@smartcart.ai,pbkdf2:sha256:600000$saltXYZ$hashedvalue,Vijay Kumar 5015,49,Male,Mumbai,Tamil Nadu,"Toys,Books,Fashion",2025-04-17,False,True
U05016,user05016,user5016@smartcart.ai,pbkdf2:sha256:600000$saltXYZ$hashedvalue,Deepika Nair 5016,58,Male,Jaipur,Tamil Nadu,"Health,Beauty",2023-08-05,False,False
U05017,user05017,user5017@smartcart.ai,pbkdf2:sha256:600000$saltXYZ$hashedvalue,Pooja Pillai 5017,32,Other,Ahmedabad,Delhi,"Home & Kitchen,Books",2025-07-14,False,True
U05018,user05018,user5018@smartcart.ai,pbkdf2:sha256:600000$saltXYZ$hashedvalue,Karan Mehta 5018,38,Other,Kolkata,Maharashtra,Beauty,2025-10-22,False,True
U05019,user05019,user5019@smartcart.ai,pbkdf2:sha256:600000$saltXYZ$hashedvalue,Priya Singh 5019,37,Female,Kolkata,Gujarat,"Beauty,Fashion,Electronics,Automotive",2025-07-30,False,True
U05020,user05020,user5020@smartcart.ai,pbkdf2:sha256:600000$saltXYZ$hashedvalue,Pooja Pillai 5020,63,Female,Lucknow,Rajasthan,Electronics,2023-12-30,False,True
U05021,user05021,user5021@smartcart.ai,pbkdf2:sha256:600000$saltXYZ$hashedvalue,Ananya Joshi 5021,53,Other,Mumbai,Karnataka,"Toys,Electronics",2023-07-19,False,True
U05022,user05022,user5022@smartcart.ai,pbkdf2:sha256:600000$saltXYZ$hashedvalue,Rahul Sharma 5022,39,Other,Delhi,Delhi,Sports,2025-07-29,False,True
U05023,user05023,user5023@smartcart.ai,pbkdf2:sha256:600000$saltXYZ$hashedvalue,Deepika Nair 5023,48,Other,Surat,UP,Electronics,2025-04-20,False,True
U05024,user05024,user5024@smartcart.ai,pbkdf2:sha256:600000$saltXYZ$hashedvalue,Ananya Joshi 5024,59,Male,Mumbai,Punjab,Toys,2025-02-17,False,True
U05025,user05025,user5025@smartcart.ai,pbkdf2:sha256:600000$saltXYZ$hashedvalue,Ananya Joshi 5025,38,Male,Ahmedabad,Punjab,Books,2024-04-07,False,True
U05026,user05026,user5026@smartcart.ai,pbkdf2:sha256:600000$saltXYZ$hashedvalue,Vijay Kumar 5026,42,Other,Surat,Tamil Nadu,"Electronics,Fashion,Home & Kitchen",2023-09-16,False,True
U05027,user05027,user5027@smartcart.ai,pbkdf2:sha256:600000$saltXYZ$hashedvalue,Pooja Pillai 5027,56,Other,Pune,Tamil Nadu,"Beauty,Electronics,Books,Automotive",2025-12-13,False,True
U05028,user05028,user5028@smartcart.ai,pbkdf2:sha256:600000$saltXYZ$hashedvalue,Sneha Gupta 5028,20,Male,Lucknow,Tamil Nadu,"Electronics,Health,Grocery,Toys",2024-03-01,False,True
U05029,user05029,user5029@smartcart.ai,pbkdf2:sha256:600000$saltXYZ$hashedvalue,Deepika Nair 5029,18,Male,Jaipur,UP,Grocery,2025-01-23,False,True
U05030,user05030,user5030@smartcart.ai,pbkdf2:sha256:600000$saltXYZ$hashedvalue,Karan Mehta 5030,56,Other,Jaipur,UP,"Automotive,Grocery,Electronics,Toys",2026-03-26,False,True
U05031,user05031,user5031@smartcart.ai,pbkdf2:sha256:600000$saltXYZ$hashedvalue,Deepika Nair 5031,59,Male,Delhi,Delhi,"Grocery,Health,Automotive",2023-12-22,False,True
U05032,user05032,user5032@smartcart.ai,pbkdf2:sha256:600000$saltXYZ$hashedvalue,Karan Mehta 5032,20,Female,Delhi,Telangana,"Grocery,Books,Electronics",2024-03-08,False,True
U05033,user05033,user5033@smartcart.ai,pbkdf2:sha256:600000$saltXYZ$hashedvalue,Ananya Joshi 5033,30,Other,Delhi,Gujarat,"Electronics,Health,Sports",2025-08-07,False,True
U05034,user05034,user5034@smartcart.ai,pbkdf2:sha256:600000$saltXYZ$hashedvalue,Sneha Gupta 5034,50,Female,Lucknow,Rajasthan,"Fashion,Toys",2024-04-30,False,True
U05035,user05035,user5035@smartcart.ai,pbkdf2:sha256:600000$saltXYZ$hashedvalue,Rahul Sharma 5035,50,Male,Chandigarh,Tamil Nadu,Fashion,2024-02-10,False,True
U05036,user05036,user5036@smartcart.ai,pbkdf2:sha256:600000$saltXYZ$hashedvalue,Priya Singh 5036,59,Female,Bangalore,Maharashtra,"Automotive,Home & Kitchen,Books,Sports",2024-02-06,False,True
U05037,user05037,user5037@smartcart.ai,pbkdf2:sha256:600000$saltXYZ$hashedvalue,Sneha Gupta 5037,54,Female,Bangalore,West Bengal,"Fashion,Beauty,Toys",2023-06-30,False,True
U05038,user05038,user5038@smartcart.ai,pbkdf2:sha256:600000$saltXYZ$hashedvalue,Sneha Gupta 5038,65,Other,Surat,Telangana,Health,2025-09-14,False,True
U05039,user05039,user5039@smartcart.ai,pbkdf2:sha256:600000$saltXYZ$hashedvalue,Vijay Kumar 5039,26,Female,Pune,Tamil Nadu,"Toys,Fashion,Grocery,Home & Kitchen",2026-04-12,False,True
U05040,user05040,user5040@smartcart.ai,pbkdf2:sha256:600000$saltXYZ$hashedvalue,Sneha Gupta 5040,23,Female,Jaipur,Gujarat,"Sports,Books",2025-09-09,False,True
U05041,user05041,user5041@smartcart.ai,pbkdf2:sha256:600000$saltXYZ$hashedvalue,Rohit Verma 5041,43,Female,Ahmedabad,Rajasthan,"Sports,Automotive",2025-10-21,False,True
U05042,user05042,user5042@smartcart.ai,pbkdf2:sha256:600000$saltXYZ$hashedvalue,Rahul Sharma 5042,33,Male,Lucknow,Punjab,"Books,Health,Home & Kitchen,Grocery",2026-01-10,False,True
U05043,user05043,user5043@smartcart.ai,pbkdf2:sha256:600000$saltXYZ$hashedvalue,Deepika Nair 5043,27,Female,Kolkata,Gujarat,"Toys,Automotive",2025-07-20,False,True
U05044,user05044,user5044@smartcart.ai,pbkdf2:sha256:600000$saltXYZ$hashedvalue,Karan Mehta 5044,19,Female,Delhi,UP,"Electronics,Grocery",2024-08-02,False,True
U05045,user05045,user5045@smartcart.ai,pbkdf2:sha256:600000$saltXYZ$hashedvalue,Amit Patel 5045,53,Other,Ahmedabad,West Bengal,"Home & Kitchen,Toys,Books,Automotive",2025-02-23,False,True
U05046,user05046,user5046@smartcart.ai,pbkdf2:sha256:600000$saltXYZ$hashedvalue,Karan Mehta 5046,60,Other,Pune,UP,"Toys,Books,Home & Kitchen,Fashion",2025-08-16,False,True
U05047,user05047,user5047@smartcart.ai,pbkdf2:sha256:600000$saltXYZ$hashedvalue,Rohit Verma 5047,48,Other,Kolkata,Delhi,Health,2025-02-17,False,True
U05048,user05048,user5048@smartcart.ai,pbkdf2:sha256:600000$saltXYZ$hashedvalue,Pooja Pillai 5048,57,Female,Bangalore,Telangana,"Fashion,Sports",2025-02-27,False,True
U05049,user05049,user5049@smartcart.ai,pbkdf2:sha256:600000$saltXYZ$hashedvalue,Rohit Verma 5049,25,Female,Chennai,Tamil Nadu,Books,2026-03-25,False,False
U05050,user05050,user5050@smartcart.ai,pbkdf2:sha256:600000$saltXYZ$hashedvalue,Ananya Joshi 5050,43,Other,Lucknow,West Bengal,"Toys,Beauty,Grocery,Electronics",2023-05-18,False,True
U05051,user05051,user5051@smartcart.ai,pbkdf2:sha256:600000$saltXYZ$hashedvalue,Sneha Gupta 5051,46,Male,Bangalore,Maharashtra,Electronics,2026-04-17,False,True
U05052,user05052,user5052@smartcart.ai,pbkdf2:sha256:600000$saltXYZ$hashedvalue,Ananya Joshi 5052,23,Male,Lucknow,West Bengal,"Automotive,Sports",2026-02-03,False,True
U05053,user05053,user5053@smartcart.ai,pbkdf2:sha256:600000$saltXYZ$hashedvalue,Karan Mehta 5053,54,Other,Bangalore,West Bengal,"Electronics,Grocery,Beauty,Health",2023-12-08,False,True
U05054,user05054,user5054@smartcart.ai,pbkdf2:sha256:600000$saltXYZ$hashedvalue,Amit Patel 5054,31,Other,Hyderabad,Rajasthan,"Electronics,Toys,Health",2025-12-06,False,True
U05055,user05055,user5055@smartcart.ai,pbkdf2:sha256:600000$saltXYZ$hashedvalue,Pooja Pillai 5055,43,Other,Pune,Rajasthan,"Grocery,Automotive,Toys",2023-08-04,False,True
U05056,user05056,user5056@smartcart.ai,pbkdf2:sha256:600000$saltXYZ$hashedvalue,Deepika Nair 5056,46,Male,Lucknow,Rajasthan,"Health,Home & Kitchen,Toys,Books",2025-08-15,False,True
U05057,user05057,user5057@smartcart.ai,pbkdf2:sha256:600000$saltXYZ$hashedvalue,Deepika Nair 5057,28,Male,Hyderabad,UP,"Health,Sports,Toys",2026-02-28,False,True
U05058,user05058,user5058@smartcart.ai,pbkdf2:sha256:600000$saltXYZ$hashedvalue,Karan Mehta 5058,37,Male,Kolkata,Tamil Nadu,Fashion,2023-12-07,False,True
U05059,user05059,user5059@smartcart.ai,pbkdf2:sha256:600000$saltXYZ$hashedvalue,Karan Mehta 5059,59,Male,Jaipur,Rajasthan,"Toys,Home & Kitchen,Automotive",2026-01-15,False,True
U05060,user05060,user5060@smartcart.ai,pbkdf2:sha256:600000$saltXYZ$hashedvalue,Pooja Pillai 5060,44,Female,Chandigarh,Telangana,Automotive,2023-11-08,False,True
U05061,user05061,user5061@smartcart.ai,pbkdf2:sha256:600000$saltXYZ$hashedvalue,Priya Singh 5061,63,Male,Pune,Karnataka,"Fashion,Books,Automotive",2023-07-08,False,True
U05062,user05062,user5062@smartcart.ai,pbkdf2:sha256:600000$saltXYZ$hashedvalue,Rahul Sharma 5062,54,Female,Bangalore,Karnataka,"Home & Kitchen,Toys,Health,Sports",2023-09-10,False,True
U05063,user05063,user5063@smartcart.ai,pbkdf2:sha256:600000$saltXYZ$hashedvalue,Rohit Verma 5063,26,Female,Hyderabad,Telangana,"Sports,Grocery",2025-06-20,False,True
U05064,user05064,user5064@smartcart.ai,pbkdf2:sha256:600000$saltXYZ$hashedvalue,Ananya Joshi 5064,38,Male,Bangalore,Tamil Nadu,"Health,Fashion,Toys",2024-09-02,False,True
U05065,user05065,user5065@smartcart.ai,pbkdf2:sha256:600000$saltXYZ$hashedvalue,Priya Singh 5065,60,Other,Pune,Telangana,"Health,Home & Kitchen",2025-11-10,False,True
U05066,user05066,user5066@smartcart.ai,pbkdf2:sha256:600000$saltXYZ$hashedvalue,Vijay Kumar 5066,28,Female,Jaipur,Telangana,"Grocery,Sports,Books",2025-08-30,False,True
U05067,user05067,user5067@smartcart.ai,pbkdf2:sha256:600000$saltXYZ$hashedvalue,Rohit Verma 5067,29,Other,Lucknow,Telangana,"Automotive,Books,Electronics,Grocery",2023-08-15,False,True
U05068,user05068,user5068@smartcart.ai,pbkdf2:sha256:600000$saltXYZ$hashedvalue,Sneha Gupta 5068,28,Female,Jaipur,Tamil Nadu,"Fashion,Sports,Automotive,Beauty",2025-12-03,False,True
U05069,user05069,user5069@smartcart.ai,pbkdf2:sha256:600000$saltXYZ$hashedvalue,Rahul Sharma 5069,65,Other,Mumbai,Karnataka,"Beauty,Toys",2025-10-18,False,True
U05070,user05070,user5070@smartcart.ai,pbkdf2:sha256:600000$saltXYZ$hashedvalue,Deepika Nair 5070,32,Male,Lucknow,UP,"Electronics,Beauty,Home & Kitchen",2024-12-28,False,True
U05071,user05071,user5071@smartcart.ai,pbkdf2:sha256:600000$saltXYZ$hashedvalue,Sneha Gupta 5071,25,Female,Lucknow,Tamil Nadu,Books,2024-12-02,False,True
U05072,user05072,user5072@smartcart.ai,pbkdf2:sha256:600000$saltXYZ$hashedvalue,Sneha Gupta 5072,44,Male,Hyderabad,West Bengal,Grocery,2025-05-17,False,True
U05073,user05073,user5073@smartcart.ai,pbkdf2:sha256:600000$saltXYZ$hashedvalue,Ananya Joshi 5073,54,Male,Hyderabad,Tamil Nadu,"Sports,Home & Kitchen",2024-12-01,False,True
U05074,user05074,user5074@smartcart.ai,pbkdf2:sha256:600000$saltXYZ$hashedvalue,Sneha Gupta 5074,50,Female,Surat,Delhi,Health,2025-08-12,False,True
U05075,user05075,user5075@smartcart.ai,pbkdf2:sha256:600000$saltXYZ$hashedvalue,Vijay Kumar 5075,65,Other,Pune,Gujarat,"Books,Toys",2024-12-09,False,True
U05076,user05076,user5076@smartcart.ai,pbkdf2:sha256:600000$saltXYZ$hashedvalue,Deepika Nair 5076,19,Other,Pune,Gujarat,Home & Kitchen,2023-06-03,False,True
U05077,user05077,user5077@smartcart.ai,pbkdf2:sha256:600000$saltXYZ$hashedvalue,Amit Patel 5077,28,Other,Jaipur,UP,"Health,Automotive",2024-07-13,False,True
U05078,user05078,user5078@smartcart.ai,pbkdf2:sha256:600000$saltXYZ$hashedvalue,Amit Patel 5078,42,Female,Kolkata,Tamil Nadu,"Beauty,Books",2025-08-13,False,True
U05079,user05079,user5079@smartcart.ai,pbkdf2:sha256:600000$saltXYZ$hashedvalue,Amit Patel 5079,50,Male,Jaipur,Rajasthan,"Grocery,Electronics,Health",2024-06-01,False,True
U05080,user05080,user5080@smartcart.ai,pbkdf2:sha256:600000$saltXYZ$hashedvalue,Rahul Sharma 5080,23,Female,Surat,Maharashtra,"Fashion,Books,Electronics",2024-07-05,False,True
U05081,user05081,user5081@smartcart.ai,pbkdf2:sha256:600000$saltXYZ$hashedvalue,Priya Singh 5081,59,Female,Jaipur,Telangana,"Fashion,Toys,Health,Sports",2025-02-22,False,True
U05082,user05082,user5082@smartcart.ai,pbkdf2:sha256:600000$saltXYZ$hashedvalue,Rohit Verma 5082,28,Other,Mumbai,Tamil Nadu,"Toys,Books,Sports,Beauty",2024-05-31,False,True
U05083,user05083,user5083@smartcart.ai,pbkdf2:sha256:600000$saltXYZ$hashedvalue,Priya Singh 5083,44,Male,Bangalore,Delhi,Home & Kitchen,2024-07-06,False,True
U05084,user05084,user5084@smartcart.ai,pbkdf2:sha256:600000$saltXYZ$hashedvalue,Rohit Verma 5084,52,Male,Chandigarh,Karnataka,"Sports,Beauty,Automotive,Home & Kitchen",2024-12-26,False,True
U05085,user05085,user5085@smartcart.ai,pbkdf2:sha256:600000$saltXYZ$hashedvalue,Karan Mehta 5085,51,Other,Bangalore,UP,"Toys,Home & Kitchen,Beauty,Electronics",2023-07-08,False,True
U05086,user05086,user5086@smartcart.ai,pbkdf2:sha256:600000$saltXYZ$hashedvalue,Rohit Verma 5086,45,Male,Lucknow,Rajasthan,"Automotive,Electronics,Books",2025-09-18,False,True
U05087,user05087,user5087@smartcart.ai,pbkdf2:sha256:600000$saltXYZ$hashedvalue,Deepika Nair 5087,19,Other,Delhi,Rajasthan,"Automotive,Health",2025-05-08,False,True
U05088,user05088,user5088@smartcart.ai,pbkdf2:sha256:600000$saltXYZ$hashedvalue,Amit Patel 5088,32,Other,Bangalore,West Bengal,"Grocery,Electronics",2025-10-12,False,True
U05089,user05089,user5089@smartcart.ai,pbkdf2:sha256:600000$saltXYZ$hashedvalue,Amit Patel 5089,38,Female,Chennai,Gujarat,Health,2024-06-10,False,True
U05090,user05090,user5090@smartcart.ai,pbkdf2:sha256:600000$saltXYZ$hashedvalue,Rohit Verma 5090,53,Male,Kolkata,Maharashtra,Electronics,2025-04-17,False,True
U05091,user05091,user5091@smartcart.ai,pbkdf2:sha256:600000$saltXYZ$hashedvalue,Rahul Sharma 5091,58,Male,Ahmedabad,Delhi,"Health,Electronics,Books,Fashion",2026-04-17,False,True
U05092,user05092,user5092@smartcart.ai,pbkdf2:sha256:600000$saltXYZ$hashedvalue,Sneha Gupta 5092,23,Female,Lucknow,Maharashtra,Home & Kitchen,2023-10-14,False,True
U05093,user05093,user5093@smartcart.ai,pbkdf2:sha256:600000$saltXYZ$hashedvalue,Karan Mehta 5093,60,Other,Surat,Rajasthan,"Home & Kitchen,Sports,Toys",2026-03-12,False,True
U05094,user05094,user5094@smartcart.ai,pbkdf2:sha256:600000$saltXYZ$hashedvalue,Rohit Verma 5094,21,Other,Pune,Delhi,Automotive,2026-02-22,False,True
U05095,user05095,user5095@smartcart.ai,pbkdf2:sha256:600000$saltXYZ$hashedvalue,Deepika Nair 5095,53,Female,Jaipur,UP,"Home & Kitchen,Fashion,Beauty",2023-07-10,False,True
U05096,user05096,user5096@smartcart.ai,pbkdf2:sha256:600000$saltXYZ$hashedvalue,Rohit Verma 5096,65,Other,Kolkata,Delhi,"Grocery,Home & Kitchen",2023-09-01,False,True
U05097,user05097,user5097@smartcart.ai,pbkdf2:sha256:600000$saltXYZ$hashedvalue,Vijay Kumar 5097,19,Male,Mumbai,UP,"Toys,Beauty",2025-12-26,False,True
U05098,user05098,user5098@smartcart.ai,pbkdf2:sha256:600000$saltXYZ$hashedvalue,Ananya Joshi 5098,45,Female,Lucknow,Karnataka,"Sports,Books,Fashion",2025-04-26,False,True
U05099,user05099,user5099@smartcart.ai,pbkdf2:sha256:600000$saltXYZ$hashedvalue,Rahul Sharma 5099,24,Other,Mumbai,Telangana,Sports,2024-03-29,False,True
U05100,user05100,user5100@smartcart.ai,pbkdf2:sha256:600000$saltXYZ$hashedvalue,Karan Mehta 5100,47,Other,Bangalore,Punjab,"Home & Kitchen,Grocery,Automotive",2024-06-09,False,True
U05101,user05101,user5101@smartcart.ai,pbkdf2:sha256:600000$saltXYZ$hashedvalue,Amit Patel 5101,41,Female,Delhi,Telangana,"Sports,Automotive",2023-08-12,False,True
U05102,user05102,user5102@smartcart.ai,pbkdf2:sha256:600000$saltXYZ$hashedvalue,Priya Singh 5102,35,Female,Lucknow,Karnataka,Automotive,2026-01-05,False,True
U05103,user05103,user5103@smartcart.ai,pbkdf2:sha256:600000$saltXYZ$hashedvalue,Ananya Joshi 5103,31,Female,Ahmedabad,Karnataka,"Fashion,Home & Kitchen,Health",2025-03-25,False,True
U05104,user05104,user5104@smartcart.ai,pbkdf2:sha256:600000$saltXYZ$hashedvalue,Sneha Gupta 5104,51,Female,Pune,Maharashtra,"Books,Sports",2023-12-02,False,True
U05105,user05105,user5105@smartcart.ai,pbkdf2:sha256:600000$saltXYZ$hashedvalue,Karan Mehta 5105,32,Female,Chandigarh,Tamil Nadu,"Toys,Electronics,Sports,Grocery",2024-12-31,False,True
U05106,user05106,user5106@smartcart.ai,pbkdf2:sha256:600000$saltXYZ$hashedvalue,Vijay Kumar 5106,29,Female,Jaipur,Rajasthan,Fashion,2024-12-09,False,True
U05107,user05107,user5107@smartcart.ai,pbkdf2:sha256:600000$saltXYZ$hashedvalue,Rahul Sharma 5107,61,Other,Jaipur,Telangana,"Electronics,Toys",2025-11-06,False,True
U05108,user05108,user5108@smartcart.ai,pbkdf2:sha256:600000$saltXYZ$hashedvalue,Deepika Nair 5108,64,Male,Chandigarh,Karnataka,"Electronics,Health",2024-11-17,False,True
U05109,user05109,user5109@smartcart.ai,pbkdf2:sha256:600000$saltXYZ$hashedvalue,Deepika Nair 5109,19,Male,Hyderabad,Maharashtra,Books,2025-02-23,False,True
U05110,user05110,user5110@smartcart.ai,pbkdf2:sha256:600000$saltXYZ$hashedvalue,Karan Mehta 5110,41,Female,Delhi,UP,Sports,2024-10-18,False,False
U05111,user05111,user5111@smartcart.ai,pbkdf2:sha256:600000$saltXYZ$hashedvalue,Karan Mehta 5111,23,Other,Pune,Rajasthan,"Grocery,Beauty,Books,Sports",2026-03-02,False,True
U05112,user05112,user5112@smartcart.ai,pbkdf2:sha256:600000$saltXYZ$hashedvalue,Deepika Nair 5112,23,Other,Jaipur,Rajasthan,"Fashion,Automotive",2025-12-03,False,True
U05113,user05113,user5113@smartcart.ai,pbkdf2:sha256:600000$saltXYZ$hashedvalue,Pooja Pillai 5113,20,Female,Jaipur,Gujarat,"Home & Kitchen,Sports,Beauty",2025-05-12,False,True
U05114,user05114,user5114@smartcart.ai,pbkdf2:sha256:600000$saltXYZ$hashedvalue,Ananya Joshi 5114,42,Other,Hyderabad,UP,"Books,Fashion,Sports",2026-04-13,False,False
U05115,user05115,user5115@smartcart.ai,pbkdf2:sha256:600000$saltXYZ$hashedvalue,Vijay Kumar 5115,53,Female,Bangalore,Maharashtra,"Fashion,Sports,Toys",2025-10-08,False,True
U05116,user05116,user5116@smartcart.ai,pbkdf2:sha256:600000$saltXYZ$hashedvalue,Rahul Sharma 5116,39,Male,Lucknow,Karnataka,"Toys,Beauty,Sports,Grocery",2024-02-20,False,True
U05117,user05117,user5117@smartcart.ai,pbkdf2:sha256:600000$saltXYZ$hashedvalue,Amit Patel 5117,47,Other,Chennai,Rajasthan,Electronics,2026-03-07,False,True
U05118,user05118,user5118@smartcart.ai,pbkdf2:sha256:600000$saltXYZ$hashedvalue,Sneha Gupta 5118,29,Female,Bangalore,Delhi,"Home & Kitchen,Books,Electronics",2026-02-19,False,True
U05119,user05119,user5119@smartcart.ai,pbkdf2:sha256:600000$saltXYZ$hashedvalue,Karan Mehta 5119,59,Male,Kolkata,Delhi,"Electronics,Grocery",2025-02-02,False,True
U05120,user05120,user5120@smartcart.ai,pbkdf2:sha256:600000$saltXYZ$hashedvalue,Rahul Sharma 5120,39,Male,Chandigarh,Punjab,"Grocery,Toys,Home & Kitchen,Beauty",2023-09-08,False,True
U05121,user05121,user5121@smartcart.ai,pbkdf2:sha256:600000$saltXYZ$hashedvalue,Amit Patel 5121,43,Male,Chennai,West Bengal,Grocery,2025-01-28,False,True
U05122,user05122,user5122@smartcart.ai,pbkdf2:sha256:600000$saltXYZ$hashedvalue,Amit Patel 5122,36,Male,Bangalore,Delhi,"Books,Beauty,Fashion,Automotive",2023-05-12,False,True
U05123,user05123,user5123@smartcart.ai,pbkdf2:sha256:600000$saltXYZ$hashedvalue,Deepika Nair 5123,32,Female,Kolkata,Delhi,"Fashion,Toys",2025-03-01,False,True
U05124,user05124,user5124@smartcart.ai,pbkdf2:sha256:600000$saltXYZ$hashedvalue,Rohit Verma 5124,29,Other,Mumbai,Maharashtra,"Books,Automotive,Electronics,Sports",2023-05-20,False,True
U05125,user05125,user5125@smartcart.ai,pbkdf2:sha256:600000$saltXYZ$hashedvalue,Vijay Kumar 5125,60,Other,Jaipur,Gujarat,"Automotive,Home & Kitchen",2023-05-24,False,True
U05126,user05126,user5126@smartcart.ai,pbkdf2:sha256:600000$saltXYZ$hashedvalue,Deepika Nair 5126,61,Female,Jaipur,Gujarat,"Beauty,Fashion,Automotive",2026-04-13,False,True
U05127,user05127,user5127@smartcart.ai,pbkdf2:sha256:600000$saltXYZ$hashedvalue,Amit Patel 5127,65,Male,Chandigarh,Maharashtra,"Grocery,Fashion",2023-08-11,False,True
U05128,user05128,user5128@smartcart.ai,pbkdf2:sha256:600000$saltXYZ$hashedvalue,Sneha Gupta 5128,46,Other,Ahmedabad,Rajasthan,"Fashion,Toys,Health,Automotive",2026-03-07,False,True
U05129,user05129,user5129@smartcart.ai,pbkdf2:sha256:600000$saltXYZ$hashedvalue,Sneha Gupta 5129,51,Female,Kolkata,Karnataka,"Health,Home & Kitchen,Fashion",2023-07-15,False,True
U05130,user05130,user5130@smartcart.ai,pbkdf2:sha256:600000$saltXYZ$hashedvalue,Pooja Pillai 5130,24,Male,Surat,West Bengal,"Home & Kitchen,Health,Beauty",2023-08-26,False,True
U05131,user05131,user5131@smartcart.ai,pbkdf2:sha256:600000$saltXYZ$hashedvalue,Ananya Joshi 5131,36,Other,Surat,Tamil Nadu,"Sports,Beauty,Grocery,Books",2023-12-31,False,True
U05132,user05132,user5132@smartcart.ai,pbkdf2:sha256:600000$saltXYZ$hashedvalue,Deepika Nair 5132,35,Male,Hyderabad,Tamil Nadu,Grocery,2023-07-28,False,True
U05133,user05133,user5133@smartcart.ai,pbkdf2:sha256:600000$saltXYZ$hashedvalue,Rohit Verma 5133,55,Other,Surat,Delhi,"Toys,Health,Grocery,Automotive",2025-11-01,False,True
U05134,user05134,user5134@smartcart.ai,pbkdf2:sha256:600000$saltXYZ$hashedvalue,Ananya Joshi 5134,34,Other,Hyderabad,Gujarat,Home & Kitchen,2023-05-07,False,True
U05135,user05135,user5135@smartcart.ai,pbkdf2:sha256:600000$saltXYZ$hashedvalue,Ananya Joshi 5135,55,Male,Chandigarh,West Bengal,"Toys,Sports",2024-10-11,False,True
U05136,user05136,user5136@smartcart.ai,pbkdf2:sha256:600000$saltXYZ$hashedvalue,Ananya Joshi 5136,27,Other,Mumbai,Maharashtra,Sports,2024-08-13,False,True
U05137,user05137,user5137@smartcart.ai,pbkdf2:sha256:600000$saltXYZ$hashedvalue,Priya Singh 5137,44,Male,Bangalore,Tamil Nadu,"Toys,Grocery,Electronics",2025-06-12,False,True
U05138,user05138,user5138@smartcart.ai,pbkdf2:sha256:600000$saltXYZ$hashedvalue,Pooja Pillai 5138,19,Other,Ahmedabad,Karnataka,"Sports,Beauty",2023-08-01,False,True
U05139,user05139,user5139@smartcart.ai,pbkdf2:sha256:600000$saltXYZ$hashedvalue,Rohit Verma 5139,42,Other,Chennai,Tamil Nadu,Grocery,2025-09-23,False,True
U05140,user05140,user5140@smartcart.ai,pbkdf2:sha256:600000$saltXYZ$hashedvalue,Pooja Pillai 5140,36,Female,Mumbai,Karnataka,"Electronics,Books,Fashion,Home & Kitchen",2025-07-01,False,True
U05141,user05141,user5141@smartcart.ai,pbkdf2:sha256:600000$saltXYZ$hashedvalue,Rahul Sharma 5141,35,Male,Mumbai,Maharashtra,"Fashion,Electronics,Sports",2023-12-01,False,True
U05142,user05142,user5142@smartcart.ai,pbkdf2:sha256:600000$saltXYZ$hashedvalue,Amit Patel 5142,37,Female,Jaipur,Delhi,"Fashion,Toys,Grocery,Health",2025-05-14,False,True
U05143,user05143,user5143@smartcart.ai,pbkdf2:sha256:600000$saltXYZ$hashedvalue,Priya Singh 5143,42,Female,Jaipur,Tamil Nadu,"Books,Health",2023-09-13,False,True
U05144,user05144,user5144@smartcart.ai,pbkdf2:sha256:600000$saltXYZ$hashedvalue,Sneha Gupta 5144,53,Male,Mumbai,Maharashtra,"Grocery,Health,Automotive",2025-09-08,False,True
U05145,user05145,user5145@smartcart.ai,pbkdf2:sha256:600000$saltXYZ$hashedvalue,Pooja Pillai 5145,40,Other,Kolkata,Telangana,Grocery,2024-12-30,False,True
U05146,user05146,user5146@smartcart.ai,pbkdf2:sha256:600000$saltXYZ$hashedvalue,Karan Mehta 5146,41,Female,Surat,Telangana,"Health,Beauty",2023-08-25,False,True
U05147,user05147,user5147@smartcart.ai,pbkdf2:sha256:600000$saltXYZ$hashedvalue,Priya Singh 5147,22,Other,Jaipur,Gujarat,"Toys,Home & Kitchen,Health",2023-09-30,False,False
U05148,user05148,user5148@smartcart.ai,pbkdf2:sha256:600000$saltXYZ$hashedvalue,Priya Singh 5148,36,Male,Lucknow,Maharashtra,"Health,Fashion",2023-12-16,False,True
U05149,user05149,user5149@smartcart.ai,pbkdf2:sha256:600000$saltXYZ$hashedvalue,Karan Mehta 5149,29,Male,Hyderabad,Maharashtra,Grocery,2025-01-19,False,True
U05150,user05150,user5150@smartcart.ai,pbkdf2:sha256:600000$saltXYZ$hashedvalue,Pooja Pillai 5150,30,Other,Ahmedabad,Punjab,"Automotive,Grocery,Fashion",2023-10-22,False,True
U05151,user05151,user5151@smartcart.ai,pbkdf2:sha256:600000$saltXYZ$hashedvalue,Karan Mehta 5151,46,Female,Jaipur,UP,"Grocery,Fashion",2024-07-16,False,True
U05152,user05152,user5152@smartcart.ai,pbkdf2:sha256:600000$saltXYZ$hashedvalue,Rahul Sharma 5152,32,Male,Jaipur,UP,"Home & Kitchen,Sports",2023-12-10,False,True
U05153,user05153,user5153@smartcart.ai,pbkdf2:sha256:600000$saltXYZ$hashedvalue,Priya Singh 5153,46,Male,Chennai,Punjab,"Grocery,Health,Sports",2026-01-23,False,True
U05154,user05154,user5154@smartcart.ai,pbkdf2:sha256:600000$saltXYZ$hashedvalue,Deepika Nair 5154,23,Other,Bangalore,Gujarat,"Books,Fashion",2026-04-01,False,True
U05155,user05155,user5155@smartcart.ai,pbkdf2:sha256:600000$saltXYZ$hashedvalue,Ananya Joshi 5155,40,Other,Surat,Telangana,"Automotive,Health",2026-03-04,False,True
U05156,user05156,user5156@smartcart.ai,pbkdf2:sha256:600000$saltXYZ$hashedvalue,Pooja Pillai 5156,24,Other,Hyderabad,Punjab,"Books,Toys",2023-10-02,False,True
U05157,user05157,user5157@smartcart.ai,pbkdf2:sha256:600000$saltXYZ$hashedvalue,Ananya Joshi 5157,24,Male,Delhi,Karnataka,Toys,2024-03-23,False,True
U05158,user05158,user5158@smartcart.ai,pbkdf2:sha256:600000$saltXYZ$hashedvalue,Rahul Sharma 5158,20,Female,Jaipur,Telangana,"Sports,Electronics",2024-07-01,False,True
U05159,user05159,user5159@smartcart.ai,pbkdf2:sha256:600000$saltXYZ$hashedvalue,Ananya Joshi 5159,28,Female,Kolkata,UP,"Sports,Electronics,Automotive",2023-08-26,False,True
U05160,user05160,user5160@smartcart.ai,pbkdf2:sha256:600000$saltXYZ$hashedvalue,Karan Mehta 5160,43,Male,Chandigarh,UP,"Grocery,Books",2025-02-26,False,True
U05161,user05161,user5161@smartcart.ai,pbkdf2:sha256:600000$saltXYZ$hashedvalue,Ananya Joshi 5161,56,Female,Chennai,UP,"Grocery,Toys,Health,Electronics",2024-12-26,False,True
U05162,user05162,user5162@smartcart.ai,pbkdf2:sha256:600000$saltXYZ$hashedvalue,Rohit Verma 5162,44,Male,Lucknow,Maharashtra,"Automotive,Toys,Fashion",2023-08-07,False,True
U05163,user05163,user5163@smartcart.ai,pbkdf2:sha256:600000$saltXYZ$hashedvalue,Rohit Verma 5163,45,Male,Kolkata,Telangana,"Electronics,Health",2026-01-13,False,True
U05164,user05164,user5164@smartcart.ai,pbkdf2:sha256:600000$saltXYZ$hashedvalue,Rohit Verma 5164,64,Male,Jaipur,Karnataka,Sports,2024-07-07,False,True
U05165,user05165,user5165@smartcart.ai,pbkdf2:sha256:600000$saltXYZ$hashedvalue,Deepika Nair 5165,61,Male,Bangalore,Karnataka,Fashion,2024-02-29,False,True
U05166,user05166,user5166@smartcart.ai,pbkdf2:sha256:600000$saltXYZ$hashedvalue,Rohit Verma 5166,58,Female,Delhi,Rajasthan,"Health,Home & Kitchen,Grocery,Sports",2025-02-11,False,True
U05167,user05167,user5167@smartcart.ai,pbkdf2:sha256:600000$saltXYZ$hashedvalue,Vijay Kumar 5167,64,Male,Bangalore,Telangana,"Sports,Beauty",2026-04-19,False,False
U05168,user05168,user5168@smartcart.ai,pbkdf2:sha256:600000$saltXYZ$hashedvalue,Pooja Pillai 5168,41,Female,Chandigarh,West Bengal,Books,2023-06-01,False,True
U05169,user05169,user5169@smartcart.ai,pbkdf2:sha256:600000$saltXYZ$hashedvalue,Rohit Verma 5169,18,Female,Jaipur,Punjab,"Health,Beauty",2023-12-02,False,True
U05170,user05170,user5170@smartcart.ai,pbkdf2:sha256:600000$saltXYZ$hashedvalue,Deepika Nair 5170,26,Male,Lucknow,Tamil Nadu,"Grocery,Automotive,Health,Electronics",2025-08-26,False,True
U05171,user05171,user5171@smartcart.ai,pbkdf2:sha256:600000$saltXYZ$hashedvalue,Ananya Joshi 5171,38,Male,Ahmedabad,Karnataka,"Electronics,Sports,Beauty",2025-04-13,False,True
U05172,user05172,user5172@smartcart.ai,pbkdf2:sha256:600000$saltXYZ$hashedvalue,Amit Patel 5172,43,Other,Surat,Punjab,"Books,Sports",2025-12-12,False,True
U05173,user05173,user5173@smartcart.ai,pbkdf2:sha256:600000$saltXYZ$hashedvalue,Pooja Pillai 5173,25,Other,Surat,Maharashtra,Home & Kitchen,2025-07-30,False,True
U05174,user05174,user5174@smartcart.ai,pbkdf2:sha256:600000$saltXYZ$hashedvalue,Vijay Kumar 5174,43,Other,Kolkata,West Bengal,"Toys,Books,Home & Kitchen,Grocery",2023-07-04,False,True
U05175,user05175,user5175@smartcart.ai,pbkdf2:sha256:600000$saltXYZ$hashedvalue,Ananya Joshi 5175,45,Female,Pune,UP,"Home & Kitchen,Beauty,Books",2026-03-26,False,True
U05176,user05176,user5176@smartcart.ai,pbkdf2:sha256:600000$saltXYZ$hashedvalue,Pooja Pillai 5176,58,Male,Jaipur,Karnataka,"Sports,Beauty",2025-03-28,False,True
U05177,user05177,user5177@smartcart.ai,pbkdf2:sha256:600000$saltXYZ$hashedvalue,Priya Singh 5177,55,Male,Ahmedabad,Telangana,"Books,Sports",2023-07-27,False,True
U05178,user05178,user5178@smartcart.ai,pbkdf2:sha256:600000$saltXYZ$hashedvalue,Karan Mehta 5178,49,Female,Delhi,Gujarat,"Automotive,Toys,Grocery,Fashion",2025-07-25,False,False
U05179,user05179,user5179@smartcart.ai,pbkdf2:sha256:600000$saltXYZ$hashedvalue,Deepika Nair 5179,37,Male,Chandigarh,Tamil Nadu,"Sports,Home & Kitchen,Books,Beauty",2023-09-25,False,True
U05180,user05180,user5180@smartcart.ai,pbkdf2:sha256:600000$saltXYZ$hashedvalue,Rohit Verma 5180,36,Other,Delhi,UP,"Electronics,Health",2024-04-13,False,True
U05181,user05181,user5181@smartcart.ai,pbkdf2:sha256:600000$saltXYZ$hashedvalue,Karan Mehta 5181,45,Other,Chandigarh,Tamil Nadu,"Health,Toys,Beauty,Automotive",2024-12-25,False,True
U05182,user05182,user5182@smartcart.ai,pbkdf2:sha256:600000$saltXYZ$hashedvalue,Amit Patel 5182,28,Other,Hyderabad,Karnataka,Sports,2024-05-14,False,True
U05183,user05183,user5183@smartcart.ai,pbkdf2:sha256:600000$saltXYZ$hashedvalue,Amit Patel 5183,22,Other,Kolkata,Telangana,"Sports,Health,Electronics,Books",2026-04-23,False,True
U05184,user05184,user5184@smartcart.ai,pbkdf2:sha256:600000$saltXYZ$hashedvalue,Amit Patel 5184,50,Male,Bangalore,Tamil Nadu,Books,2025-04-09,False,True
U05185,user05185,user5185@smartcart.ai,pbkdf2:sha256:600000$saltXYZ$hashedvalue,Vijay Kumar 5185,60,Female,Chennai,Karnataka,Automotive,2024-11-10,False,True
U05186,user05186,user5186@smartcart.ai,pbkdf2:sha256:600000$saltXYZ$hashedvalue,Amit Patel 5186,37,Male,Pune,UP,"Health,Sports,Beauty",2025-04-07,False,True
U05187,user05187,user5187@smartcart.ai,pbkdf2:sha256:600000$saltXYZ$hashedvalue,Priya Singh 5187,30,Other,Chandigarh,Maharashtra,Home & Kitchen,2024-12-04,False,True
U05188,user05188,user5188@smartcart.ai,pbkdf2:sha256:600000$saltXYZ$hashedvalue,Deepika Nair 5188,42,Female,Hyderabad,Gujarat,Electronics,2023-09-02,False,True
U05189,user05189,user5189@smartcart.ai,pbkdf2:sha256:600000$saltXYZ$hashedvalue,Amit Patel 5189,33,Other,Surat,Delhi,Health,2024-08-07,False,True
U05190,user05190,user5190@smartcart.ai,pbkdf2:sha256:600000$saltXYZ$hashedvalue,Pooja Pillai 5190,63,Female,Surat,Karnataka,"Grocery,Books,Health,Beauty",2024-12-03,False,True
U05191,user05191,user5191@smartcart.ai,pbkdf2:sha256:600000$saltXYZ$hashedvalue,Amit Patel 5191,55,Other,Jaipur,UP,Health,2025-11-23,False,True
U05192,user05192,user5192@smartcart.ai,pbkdf2:sha256:600000$saltXYZ$hashedvalue,Priya Singh 5192,62,Male,Lucknow,Rajasthan,"Home & Kitchen,Automotive",2023-12-09,False,True
U05193,user05193,user5193@smartcart.ai,pbkdf2:sha256:600000$saltXYZ$hashedvalue,Priya Singh 5193,28,Other,Chennai,West Bengal,"Health,Electronics,Fashion,Grocery",2026-01-25,False,True
U05194,user05194,user5194@smartcart.ai,pbkdf2:sha256:600000$saltXYZ$hashedvalue,Pooja Pillai 5194,53,Other,Ahmedabad,Tamil Nadu,"Beauty,Home & Kitchen,Sports,Fashion",2024-08-26,False,True
U05195,user05195,user5195@smartcart.ai,pbkdf2:sha256:600000$saltXYZ$hashedvalue,Rahul Sharma 5195,58,Other,Ahmedabad,West Bengal,"Beauty,Toys,Fashion",2025-02-02,False,True
U05196,user05196,user5196@smartcart.ai,pbkdf2:sha256:600000$saltXYZ$hashedvalue,Ananya Joshi 5196,38,Other,Mumbai,Delhi,"Automotive,Electronics",2024-08-26,False,True
U05197,user05197,user5197@smartcart.ai,pbkdf2:sha256:600000$saltXYZ$hashedvalue,Amit Patel 5197,46,Male,Kolkata,Telangana,"Health,Sports,Books,Toys",2026-04-23,False,True
U05198,user05198,user5198@smartcart.ai,pbkdf2:sha256:600000$saltXYZ$hashedvalue,Priya Singh 5198,55,Female,Mumbai,Tamil Nadu,Home & Kitchen,2024-09-22,False,True
U05199,user05199,user5199@smartcart.ai,pbkdf2:sha256:600000$saltXYZ$hashedvalue,Amit Patel 5199,25,Female,Pune,Maharashtra,Sports,2026-02-22,False,True
U05200,user05200,user5200@smartcart.ai,pbkdf2:sha256:600000$saltXYZ$hashedvalue,Ananya Joshi 5200,20,Male,Delhi,Gujarat,"Sports,Grocery,Books,Automotive",2025-04-03,False,True
